{
  "$schema": "https://titan.apimatic.io/api/build/schema",
  "buildFileVersion": "1",
  "generatePortal": {
    "headIncludes": "",
    "tailIncludes": "",
    "debug": {
      "publishReport": true
    },
    "pageTitle": "Worldpay's Event Notification",
    "navTitle": "Worldpay's Event Notification",
    "logoUrl": "",
    "logoLink": "",
    "logoAltText": "Worlpay's Logo",
    "faviconUrl": "",
    "useHostedPortalScript": false,
    "languageConfig": {
      "http": {},
      "csharp": {},
      "java": {},
      "php": {},
      "python": {},
      "ruby": {},
      "typescript": {},
      "go": {}
    },
    "portalSettings": {
      "baseUrl": "./",
      "enableAnalytics": true,
      "apiKey": "xxx",
      "enableExport": true,
      "enableConsoleCalls": true,
      "useProxyForConsoleCalls": false,
      "languageSettings": {
        "http_curl_v1": {
          "sdkDownloadLink": "",
          "disableSdkDownload": false
        },
        "cs_net_standard_lib": {
          "sdkDownloadLink": "",
          "disableSdkDownload": false
        },
        "java_eclipse_jre_lib": {
          "sdkDownloadLink": "",
          "disableSdkDownload": false
        },
        "php_generic_lib_v2": {
          "sdkDownloadLink": "",
          "disableSdkDownload": false
        },
        "python_generic_lib": {
          "sdkDownloadLink": "",
          "disableSdkDownload": false
        },
        "ruby_generic_lib": {
          "sdkDownloadLink": "",
          "disableSdkDownload": false
        },
        "ts_generic_lib": {
          "sdkDownloadLink": "",
          "disableSdkDownload": false
        }
      },
      "allowedExportFormats": [
        "postman10",
        "postman20",
        "openapi31json",
        "openapi31yaml",
        "openapi3json",
        "openapi3yaml",
        "swagger20",
        "swaggeryaml",
        "swagger10",
        "raml",
        "raml10",
        "apiblueprint",
        "wadl2009",
        "apimatic",
        "wsdl",
        "insomnia",
        "insomniayaml"
      ],
      "initialPlatform": "http_curl_v1",
      "theme": {
        "baseTheme": "standard",
        "colors": {
          "primaryColor": {
            "light": "#0C7FF2",
            "dark": "#98C7F6"
          },
          "linkColor": {
            "light": "#00C7D4",
            "dark": "#99E9EE"
          }
        },
        "colorMode": {
          "defaultMode": "light",
          "disableSwitch": true
        },
        "cssStyles": {
          "headings": {
            "fontFamily": "Source Sans Pro",
            "h1": {
              "fontFamily": "Source Sans Pro",
              "fontSize": "27px",
              "fontWeight": "500",
              "fontStyle": "normal",
              "lineHeight": "1.3"
            },
            "h2": {
              "fontFamily": "Source Sans Pro",
              "fontSize": "24px",
              "fontWeight": "500",
              "fontStyle": "normal",
              "lineHeight": "1.3"
            },
            "h3": {
              "fontFamily": "Source Sans Pro",
              "fontSize": "21.36px",
              "fontWeight": "500",
              "fontStyle": "normal",
              "lineHeight": "1.3"
            },
            "h4": {
              "fontFamily": "Source Sans Pro",
              "fontSize": "18px",
              "fontWeight": "500",
              "fontStyle": "normal",
              "lineHeight": "1.3"
            },
            "h5": {
              "fontFamily": "Source Sans Pro",
              "fontSize": "16px",
              "fontWeight": "500",
              "fontStyle": "normal",
              "lineHeight": "1.3"
            },
            "h6": {
              "fontFamily": "Source Sans Pro",
              "fontSize": "15px",
              "fontWeight": "500",
              "fontStyle": "normal",
              "lineHeight": "1.3"
            }
          },
          "body": {
            "fontFamily": "Source Sans Pro",
            "text1": {
              "fontFamily": "Source Sans Pro",
              "fontSize": "15px",
              "fontWeight": "400",
              "fontStyle": "normal",
              "lineHeight": "1.75"
            },
            "text2": {
              "fontFamily": "Source Sans Pro",
              "fontSize": "13.33px",
              "fontWeight": "400",
              "fontStyle": "normal",
              "lineHeight": "1.75"
            },
            "text3": {
              "fontFamily": "Source Sans Pro",
              "fontSize": "11.85px",
              "fontWeight": "400",
              "fontStyle": "normal",
              "lineHeight": "1.75"
            }
          },
          "code": {
            "fontFamily": "Courier Prime",
            "inlineCode": {
              "fontFamily": "Courier Prime",
              "fontSize": "15px",
              "fontWeight": "400",
              "fontStyle": "normal",
              "lineHeight": "1.75"
            },
            "blockCode": {
              "fontFamily": "Courier Prime",
              "fontSize": "15px",
              "fontWeight": "400",
              "fontStyle": "normal",
              "lineHeight": "1.75"
            }
          }
        },
        "fontSource": [
          "https://fonts.googleapis.com/css?family=Courier+Prime:100,100i,300,300i,400,400i,500,500i,700,700i,900,900i",
          "static/fonts/fonts.css"
        ]
      }
    }
  }
}
