{
  "id": "6f290eda-798c-4d8d-b22d-e1889fdae216",
  "name": "Merchant solutions:Launchpad Leads API",
  "description": "Launchpad's Lead API gives Worldpay partners the ability to create and update a lead within the Merchant Provisioning Platform. Please see the Getting Started page for more information. </br> </br> To contact our certifications team, please email <a href=\"mailto:Certification2@fisglobal.com\">Certification2@fisglobal.com</a>.   </br> To contact the product team, please email <a href=\"mailto:APICustomerIntegration@fisglobal.com\">APICustomerIntegration@fisglobal.com</a>.  \n # Authentication \n<SecurityDefinitions />",
  "order": [],
  "folders": [
    {
      "id": "ed73b1f9-1e07-46eb-817b-5fe098a69386",
      "name": "Submit Lead",
      "description": "Resource to submit a new launchpad lead.",
      "order": [
        "3a8f2104-5424-4c1d-a992-0bce79c1b8f0"
      ],
      "collection_id": "6f290eda-798c-4d8d-b22d-e1889fdae216"
    },
    {
      "id": "8f0a907f-09b0-4cde-b045-73791fa269d4",
      "name": "Lookup Lead",
      "description": "Resource to retrieve existing lead.",
      "order": [
        "3589987f-3242-446b-87eb-d8f86238c6b7"
      ],
      "collection_id": "6f290eda-798c-4d8d-b22d-e1889fdae216"
    },
    {
      "id": "ee853586-ff24-46f7-bd5f-540d7d106530",
      "name": "Search Leads",
      "description": "Resource to search leads using various input  parameters.",
      "order": [
        "7f9c55a0-533c-4cfa-91d5-6c016922e741"
      ],
      "collection_id": "6f290eda-798c-4d8d-b22d-e1889fdae216"
    },
    {
      "id": "69321d90-1a07-42d2-bdac-fc33bd3dbbf6",
      "name": "Summary",
      "description": "Resource to to retrieve a lead summary count for a given date range.",
      "order": [
        "e3d1c0e2-1163-44a6-b889-ae55c9fe65cb"
      ],
      "collection_id": "6f290eda-798c-4d8d-b22d-e1889fdae216"
    },
    {
      "id": "62455b99-4785-47e7-add8-510d9f12504c",
      "name": "Lookup Lead Status",
      "description": "Resources to retrieve a launchpad lead status.",
      "order": [
        "2d04dce7-f440-4998-9785-4b35ddb6d304",
        "3cfdbbab-d679-459a-a45a-21105c67f80d"
      ],
      "collection_id": "6f290eda-798c-4d8d-b22d-e1889fdae216"
    }
  ],
  "requests": [
    {
      "folder": "ed73b1f9-1e07-46eb-817b-5fe098a69386",
      "id": "3a8f2104-5424-4c1d-a992-0bce79c1b8f0",
      "name": "createLead",
      "dataMode": "raw",
      "dataDisabled": false,
      "descriptionFormat": "markdown",
      "description": "Use this endpoint to create a new lead.",
      "headers": "content-Type:application/json\r\nv-correlation-id:3fcb1437-4e52-4946-9ae1-e618351b6d16\r\nregion:US\r\nAccept:application/json\r\nContent-Type:application/json\r\n",
      "method": "POST",
      "pathVariables": {},
      "url": "https://apis.cert.worldpay.com/merchant-boarding/v1/leads",
      "responses": [
        {
          "request": "3a8f2104-5424-4c1d-a992-0bce79c1b8f0",
          "id": "05b25f69-9832-4583-be81-a37f27005f68",
          "name": "Response_201",
          "status": "Created",
          "responseCode": {
            "code": 201,
            "name": "201",
            "detail": "Created"
          },
          "headers": [
            {
              "name": "v-correlation-id",
              "key": "v-correlation-id",
              "value": "3fcb1437-4e52-4946-9ae1-e618351b6d16",
              "description": "Unique transaction Id. Will be generated if not provided and returned in response headers."
            },
            {
              "key": "Content-Type",
              "value": "application/json"
            }
          ],
          "mime": "application/json",
          "text": "{\r\n  \"externalRefId\": \"df8a6d82-3bb4-4f3b-ba18-57a5981ede8e\",\r\n  \"clientTrackingId\": \"1341341234132412341\",\r\n  \"leadId\": \"00Q59000001qSpaaAA\"\r\n}",
          "language": "Text",
          "rawDataType": "text"
        }
      ],
      "rawModeData": "{\r\n  \"businessInfo\": {\r\n    \"dbaName\": \"Jeep Repairs\",\r\n    \"legalName\": \"Todd M Davis\",\r\n    \"ownershipType\": \"LLC\",\r\n    \"mccCode\": 4,\r\n    \"businessEstablishedDate\": \"2000-03-23\",\r\n    \"websiteUrl\": \"www.thefoodplace.com\",\r\n    \"numberOfLocations\": 2,\r\n    \"industryType\": \"Restaurant\",\r\n    \"paymentAcceptanceMethod\": [\r\n      \"inPerson\",\r\n      \"onlineSite\"\r\n    ]\r\n  },\r\n  \"transactionInfo\": {\r\n    \"annualSalesVolume\": 20000.12,\r\n    \"currentProcessor\": \"Heartland\",\r\n    \"needsProcessingBy\": \"2021-11-01\"\r\n  },\r\n  \"controlOwner\": {\r\n    \"firstName\": \"Todd\",\r\n    \"lastName\": \"Davis\",\r\n    \"phoneNumber\": \"phoneNumber12\",\r\n    \"email\": \"John.doe@fis.com\",\r\n    \"title\": \"President\",\r\n    \"middleInitial\": \"M\",\r\n    \"phoneCountryCode\": \"+1\",\r\n    \"phoneNumberExtension\": \"1234\",\r\n    \"faxNumber\": \"1234567890\",\r\n    \"addressLine1\": \"4355 N Coalwhipe St.\",\r\n    \"addressLine2\": \"suite 104\",\r\n    \"city\": \"Denver\",\r\n    \"state\": \"CO\",\r\n    \"Province\": \"Oxfordshire\",\r\n    \"country\": \"United States or US\",\r\n    \"postalCode\": \"postalCo83\"\r\n  },\r\n  \"salesAgent\": {\r\n    \"firstName\": \"John\",\r\n    \"lastName\": \"Doe\",\r\n    \"phoneNumber\": \"1234567890\",\r\n    \"email\": \"John.doe@fis.com\",\r\n    \"id\": \"U15315\",\r\n    \"phoneCountryCode\": \"+1\"\r\n  },\r\n  \"clientTrackingId\": \"1341341234132412341\",\r\n  \"leadSource\": \"leadSource47\",\r\n  \"installationContact\": {\r\n    \"id\": \"U15318\",\r\n    \"firstName\": \"John\",\r\n    \"lastName\": \"Doe\",\r\n    \"phoneNumber\": \"1234567890\",\r\n    \"phoneCountryCode\": \"+1\",\r\n    \"email\": \"test@test.com\"\r\n  },\r\n  \"additionalInformation\": [\r\n    {\r\n      \"key\": \"productVersionId\",\r\n      \"value\": \"4656\"\r\n    }\r\n  ],\r\n  \"comment\": \"Customer mentioned they are interested in ...\"\r\n}",
      "collectionId": "6f290eda-798c-4d8d-b22d-e1889fdae216",
      "queryParams": [],
      "headerData": [
        {
          "key": "content-Type",
          "value": "application/json",
          "description": "Indicates the media type of the request-body. Accepts application/json."
        },
        {
          "key": "v-correlation-id",
          "value": "3fcb1437-4e52-4946-9ae1-e618351b6d16",
          "description": "Unique transaction Id. Will be generated if not provided and returned in response headers."
        },
        {
          "key": "region",
          "value": "US",
          "description": "The region in which the lead is being submitted. This is required for partners who can submit leads for multiple regions.US for United States and GB for United Kingdom."
        },
        {
          "key": "Accept",
          "value": "application/json"
        },
        {
          "key": "Content-Type",
          "value": "application/json"
        }
      ],
      "pathVariableData": []
    },
    {
      "folder": "8f0a907f-09b0-4cde-b045-73791fa269d4",
      "id": "3589987f-3242-446b-87eb-d8f86238c6b7",
      "name": "fetchLead",
      "dataDisabled": false,
      "descriptionFormat": "markdown",
      "description": "Use this endpoint to retrieve lead information.",
      "headers": "v-correlation-id:3fcb1437-4e52-4946-9ae1-e618351b6d16\r\nAccept:application/json\r\n",
      "method": "GET",
      "pathVariables": {
        "externalRefId": "df8a6d82-3bb4-4f3b-ba18-57a5981ede8e"
      },
      "url": "https://apis.cert.worldpay.com/merchant-boarding/v1/leads/:externalRefId",
      "responses": [
        {
          "request": "3589987f-3242-446b-87eb-d8f86238c6b7",
          "id": "22bb4f92-5b4c-43b7-bdb5-2028705864e8",
          "name": "Response_200",
          "status": "success",
          "responseCode": {
            "code": 200,
            "name": "200",
            "detail": "success"
          },
          "headers": [
            {
              "name": "v-correlation-id",
              "key": "v-correlation-id",
              "value": "3fcb1437-4e52-4946-9ae1-e618351b6d16",
              "description": "Unique transaction Id. Will be generated if not provided and returned in response headers."
            },
            {
              "key": "Content-Type",
              "value": "application/json"
            }
          ],
          "mime": "application/json",
          "text": "{\"businessInfo\":{\"dbaName\":\"Jeep Repairs #8\"},\"transactionInfo\":{\"needsProcessingBy\":\"2021-11-01\"},\"controlOwner\":{\"firstName\":\"Todd\",\"lastName\":\"Davis\",\"phoneNumber\":\"1234567890\",\"email\":\"test@test.com\",\"state\":\"CO\"},\"salesAgent\":{\"firstName\":\"John\",\"lastName\":\"Doe\"},\"additionalInformation\":[{\"key\":\"productVersionId\",\"value\":\"5627\"}]}",
          "language": "Text",
          "rawDataType": "text"
        }
      ],
      "collectionId": "6f290eda-798c-4d8d-b22d-e1889fdae216",
      "queryParams": [],
      "headerData": [
        {
          "key": "v-correlation-id",
          "value": "3fcb1437-4e52-4946-9ae1-e618351b6d16",
          "description": "Unique transaction Id. Will be generated if not provided and returned in response headers."
        },
        {
          "key": "Accept",
          "value": "application/json"
        }
      ],
      "pathVariableData": [
        {
          "key": "externalRefId",
          "value": "df8a6d82-3bb4-4f3b-ba18-57a5981ede8e",
          "description": "The externalRefId returned from POST /applications call."
        }
      ]
    },
    {
      "folder": "ee853586-ff24-46f7-bd5f-540d7d106530",
      "id": "7f9c55a0-533c-4cfa-91d5-6c016922e741",
      "name": "searchLead",
      "dataMode": "raw",
      "dataDisabled": false,
      "descriptionFormat": "markdown",
      "description": "Use this endpoint to search leads by sales agent, lead status and submission date.",
      "headers": "content-Type:application/json\r\nv-correlation-id:3fcb1437-4e52-4946-9ae1-e618351b6d16\r\nAccept:application/json\r\nContent-Type:application/json\r\n",
      "method": "POST",
      "pathVariables": {},
      "url": "https://apis.cert.worldpay.com/merchant-boarding/v1/leads/search",
      "responses": [
        {
          "request": "7f9c55a0-533c-4cfa-91d5-6c016922e741",
          "id": "8884bda5-5dc4-4db3-baa2-ece942c05eba",
          "name": "Response_200",
          "status": "success",
          "responseCode": {
            "code": 200,
            "name": "200",
            "detail": "success"
          },
          "headers": [
            {
              "name": "v-correlation-id",
              "key": "v-correlation-id",
              "value": "3fcb1437-4e52-4946-9ae1-e618351b6d16",
              "description": "Unique transaction Id. Will be generated if not provided and returned in response headers."
            },
            {
              "key": "Content-Type",
              "value": "application/json"
            }
          ],
          "mime": "application/json",
          "text": "{\r\n  \"assignedTo\": [\r\n    \"assignedTo58\"\r\n  ],\r\n  \"quoteTypes\": [\r\n    \"quoteTypes11\"\r\n  ],\r\n  \"totalRecordCount\": 1,\r\n  \"pageCount\": 1,\r\n  \"pageSize\": 50,\r\n  \"pageNum\": 1,\r\n  \"statusCounts\": [\r\n    {\r\n      \"category\": \"Submitted\",\r\n      \"count\": \"1\"\r\n    }\r\n  ],\r\n  \"data\": [\r\n    {\r\n      \"externalRefId\": \"df8a6d82-3bb4-4f3b-ba18-57a5981ede8e\",\r\n      \"clientTrackingId\": \"1341341234132412341\",\r\n      \"leadStatus\": \"Submitted\",\r\n      \"leadSource\": \"New\",\r\n      \"dbaName\": \"Jeep Repairs\",\r\n      \"submittedby\": \"John M Doe\",\r\n      \"experienceModel\": \"Connect\",\r\n      \"salesAgentFirstName\": \"Todd\",\r\n      \"salesAgentLastName\": \"Davis\",\r\n      \"salesAgentEmail\": \"John.doe@fis.com\",\r\n      \"ownerFirstName\": \"Todd\",\r\n      \"ownerLastName\": \"Davis\",\r\n      \"ownerPhoneNumber\": \"ownerPhoneNum47\",\r\n      \"phoneCountryCode\": \"+1\",\r\n      \"ownerEmail\": \"John.doe@fis.com\",\r\n      \"needsProcessingBy\": \"2021-11-01\",\r\n      \"submittedDate\": \"2024-12-02T12:03:23.8052597Z\",\r\n      \"lastUpdatedDate\": \"2025-02-21T12:03:23.805275Z\",\r\n      \"quoteCompletionDate\": \"2021-11-01\",\r\n      \"contractCompletionDate\": \"2021-11-01\",\r\n      \"boardingCompletionDate\": \"2021-11-01\",\r\n      \"underwritingSubmissionDate\": \"2021-11-01\",\r\n      \"enrollmentCompletionDate\": \"2021-11-01\",\r\n      \"shipmentCompletionDate\": \"2021-11-01\",\r\n      \"activationCompletionDate\": \"2021-11-01\",\r\n      \"assignedSalesAgent\": \"John M Doe\",\r\n      \"assignedSalesAgentPhone\": \"assignedSales14\",\r\n      \"assignedSalesAgentEmail\": \"John.doe@fis.com\",\r\n      \"detailStatus\": \"Lead Submitted\",\r\n      \"statusCategory\": \"Lead\",\r\n      \"dealType\": \"Lead\"\r\n    }\r\n  ],\r\n  \"statuses\": [\r\n    \"statuses34\"\r\n  ],\r\n  \"salesAgents\": {\r\n    \"firstName\": \"John\",\r\n    \"lastName\": \"Doe\",\r\n    \"phoneNumber\": \"1234567890\",\r\n    \"email\": \"John.doe@fis.com\",\r\n    \"id\": \"U15315\",\r\n    \"phoneCountryCode\": \"+1\"\r\n  }\r\n}",
          "language": "Text",
          "rawDataType": "text"
        }
      ],
      "rawModeData": "{\r\n  \"pageSize\": 50,\r\n  \"pageNum\": 1,\r\n  \"similarFieldsAndValues\": [\r\n    {\r\n      \"key\": \"key13\",\r\n      \"value\": \"value65\"\r\n    }\r\n  ],\r\n  \"equalFieldsAndValues\": [\r\n    {\r\n      \"key\": \"key13\",\r\n      \"value\": \"value65\"\r\n    }\r\n  ],\r\n  \"greaterThanOrEqualToDates\": [\r\n    {\r\n      \"key\": \"key13\",\r\n      \"value\": \"value65\"\r\n    }\r\n  ],\r\n  \"lessThanOrEqualToDates\": [\r\n    {\r\n      \"key\": \"key13\",\r\n      \"value\": \"value65\"\r\n    }\r\n  ],\r\n  \"sortFieldsAndDirection\": [\r\n    {\r\n      \"key\": \"key13\",\r\n      \"value\": \"value65\"\r\n    }\r\n  ],\r\n  \"inListFieldsAndValues\": [\r\n    {\r\n      \"key\": \"key38\",\r\n      \"values\": [\r\n        \"values35\"\r\n      ]\r\n    }\r\n  ]\r\n}",
      "collectionId": "6f290eda-798c-4d8d-b22d-e1889fdae216",
      "queryParams": [],
      "headerData": [
        {
          "key": "content-Type",
          "value": "application/json",
          "description": "Indicates the media type of the request-body. Accepts application/json."
        },
        {
          "key": "v-correlation-id",
          "value": "3fcb1437-4e52-4946-9ae1-e618351b6d16",
          "description": "Unique transaction Id. Will be generated if not provided and returned in response headers."
        },
        {
          "key": "Accept",
          "value": "application/json"
        },
        {
          "key": "Content-Type",
          "value": "application/json"
        }
      ],
      "pathVariableData": []
    },
    {
      "folder": "69321d90-1a07-42d2-bdac-fc33bd3dbbf6",
      "id": "e3d1c0e2-1163-44a6-b889-ae55c9fe65cb",
      "name": "fetchLeadSummary",
      "dataDisabled": false,
      "descriptionFormat": "markdown",
      "description": "Use this endpoint to retrieve a lead summary count for a given date range.",
      "headers": "v-correlation-id:3fcb1437-4e52-4946-9ae1-e618351b6d16\r\nAccept:application/json\r\n",
      "method": "GET",
      "pathVariables": {},
      "url": "https://apis.cert.worldpay.com/merchant-boarding/v1/leads/summary?fromDate=2021-01-01&toDate=2021-09-15",
      "responses": [
        {
          "request": "e3d1c0e2-1163-44a6-b889-ae55c9fe65cb",
          "id": "055dc547-960e-4c67-8d31-8cdddacec3a4",
          "name": "Response_200",
          "status": "success",
          "responseCode": {
            "code": 200,
            "name": "200",
            "detail": "success"
          },
          "headers": [
            {
              "name": "v-correlation-id",
              "key": "v-correlation-id",
              "value": "3fcb1437-4e52-4946-9ae1-e618351b6d16",
              "description": "Unique transaction Id. Will be generated if not provided and returned in response headers."
            },
            {
              "key": "Content-Type",
              "value": "application/json"
            }
          ],
          "mime": "application/json",
          "text": "{\"fromDate\":\"2021-01-01\",\"toDate\":\"2021-09-15\",\"data\":[{\"year\":\"2021\",\"leadStatus\":\"Assigned\",\"leadCount\":\"2\"},{\"year\":\"2021\",\"leadStatus\":\"Closed Lost\",\"leadCount\":\"1\"},{\"year\":\"2021\",\"leadStatus\":\"In Progress\",\"leadCount\":\"3\"},{\"year\":\"2021\",\"leadStatus\":\"New\",\"leadCount\":\"359\"},{\"year\":\"2021\",\"leadStatus\":\"Pricing\",\"leadCount\":\"7\"},{\"year\":\"2021\",\"leadStatus\":\"Qualified\",\"leadCount\":\"3\"},{\"year\":\"2021\",\"leadStatus\":\"Update\",\"leadCount\":\"2\"}]}",
          "language": "Text",
          "rawDataType": "text"
        }
      ],
      "collectionId": "6f290eda-798c-4d8d-b22d-e1889fdae216",
      "queryParams": [
        {
          "key": "fromDate",
          "value": "2021-01-01",
          "description": "If fromDate is not passed the default date is Jan 1 of the current year."
        },
        {
          "key": "toDate",
          "value": "2021-09-15",
          "description": "If toDate is not passed the default date is the current date."
        }
      ],
      "headerData": [
        {
          "key": "v-correlation-id",
          "value": "3fcb1437-4e52-4946-9ae1-e618351b6d16",
          "description": "Unique transaction Id. Will be generated if not provided and returned in response headers."
        },
        {
          "key": "Accept",
          "value": "application/json"
        }
      ],
      "pathVariableData": []
    },
    {
      "folder": "62455b99-4785-47e7-add8-510d9f12504c",
      "id": "2d04dce7-f440-4998-9785-4b35ddb6d304",
      "name": "fetchLeadstatus",
      "dataDisabled": false,
      "descriptionFormat": "markdown",
      "description": "Use this endpoint to get a lead's status.",
      "headers": "v-correlation-id:3fcb1437-4e52-4946-9ae1-e618351b6d16\r\nAccept:application/json\r\n",
      "method": "GET",
      "pathVariables": {
        "externalRefId": "df8a6d82-3bb4-4f3b-ba18-57a5981ede8e"
      },
      "url": "https://apis.cert.worldpay.com/merchant-boarding/v1/leads/:externalRefId/status",
      "responses": [
        {
          "request": "2d04dce7-f440-4998-9785-4b35ddb6d304",
          "id": "ef4cbb53-c691-47c9-b561-a88756fca047",
          "name": "Response_200",
          "status": "success",
          "responseCode": {
            "code": 200,
            "name": "200",
            "detail": "success"
          },
          "headers": [
            {
              "name": "v-correlation-id",
              "key": "v-correlation-id",
              "value": "3fcb1437-4e52-4946-9ae1-e618351b6d16",
              "description": "Unique transaction Id. Will be generated if not provided and returned in response headers."
            },
            {
              "key": "Content-Type",
              "value": "application/json"
            }
          ],
          "mime": "application/json",
          "text": "{\r\n  \"status\": \"Submitted\",\r\n  \"submittedBy\": \"Todd Davis\"\r\n}",
          "language": "Text",
          "rawDataType": "text"
        }
      ],
      "collectionId": "6f290eda-798c-4d8d-b22d-e1889fdae216",
      "queryParams": [],
      "headerData": [
        {
          "key": "v-correlation-id",
          "value": "3fcb1437-4e52-4946-9ae1-e618351b6d16",
          "description": "Unique transaction Id. Will be generated if not provided and returned in response headers."
        },
        {
          "key": "Accept",
          "value": "application/json"
        }
      ],
      "pathVariableData": [
        {
          "key": "externalRefId",
          "value": "df8a6d82-3bb4-4f3b-ba18-57a5981ede8e",
          "description": "The externalRefId returned from POST /applications call."
        }
      ]
    },
    {
      "folder": "62455b99-4785-47e7-add8-510d9f12504c",
      "id": "3cfdbbab-d679-459a-a45a-21105c67f80d",
      "name": "fetchLeadStatusHistory",
      "dataDisabled": false,
      "descriptionFormat": "markdown",
      "description": "Use this endpoint to get a lead's status history.",
      "headers": "v-correlation-id:3fcb1437-4e52-4946-9ae1-e618351b6d16\r\nAccept:application/json\r\n",
      "method": "GET",
      "pathVariables": {
        "externalRefId": "df8a6d82-3bb4-4f3b-ba18-57a5981ede8e"
      },
      "url": "https://apis.cert.worldpay.com/merchant-boarding/v1/leads/:externalRefId/status/history",
      "responses": [
        {
          "request": "3cfdbbab-d679-459a-a45a-21105c67f80d",
          "id": "56d2ccfc-12b8-4810-83d1-056deff14bbe",
          "name": "Response_200",
          "status": "success",
          "responseCode": {
            "code": 200,
            "name": "200",
            "detail": "success"
          },
          "headers": [
            {
              "name": "v-correlation-id",
              "key": "v-correlation-id",
              "value": "3fcb1437-4e52-4946-9ae1-e618351b6d16",
              "description": "Unique transaction Id. Will be generated if not provided and returned in response headers."
            },
            {
              "key": "Content-Type",
              "value": "application/json"
            }
          ],
          "mime": "application/json",
          "text": "{\r\n  \"externalRefId\": \"df8a6d82-3bb4-4f3b-ba18-57a5981ede8e\",\r\n  \"statusHistory\": [\r\n    {\r\n      \"statusSeqNumber\": 2200,\r\n      \"detailStatus\": \"Contract Signed\",\r\n      \"summaryStatus\": \"App Submitted\",\r\n      \"statusCategory\": \"Contract\",\r\n      \"statusDateTime\": \"2025-01-14T12:03:23.8059007Z\"\r\n    }\r\n  ]\r\n}",
          "language": "Text",
          "rawDataType": "text"
        }
      ],
      "collectionId": "6f290eda-798c-4d8d-b22d-e1889fdae216",
      "queryParams": [],
      "headerData": [
        {
          "key": "v-correlation-id",
          "value": "3fcb1437-4e52-4946-9ae1-e618351b6d16",
          "description": "Unique transaction Id. Will be generated if not provided and returned in response headers."
        },
        {
          "key": "Accept",
          "value": "application/json"
        }
      ],
      "pathVariableData": [
        {
          "key": "externalRefId",
          "value": "df8a6d82-3bb4-4f3b-ba18-57a5981ede8e",
          "description": "The externalRefId returned from POST /applications call."
        }
      ]
    }
  ],
  "variables": [],
  "auth": {
    "type": "apikey",
    "apikey": [
      {
        "key": "in",
        "value": "header",
        "type": "string"
      },
      {
        "key": "key",
        "value": "Authorization",
        "type": "string"
      },
      {
        "key": "value",
        "value": "Authorization65",
        "type": "string"
      }
    ]
  }
}