{
  "_type": "export",
  "__export_format": 4,
  "__export_source": "apimatic.transformer",
  "resources": [
    {
      "name": "Merchant solutions:Launchpad Leads API",
      "_type": "workspace",
      "_id": "wrk_ac643f3d64eb4bfdb7871d4521035f49",
      "description": "Launchpad's Lead API gives Worldpay partners the ability to create and update a lead within the Merchant Provisioning Platform. Please see the Getting Started page for more information. </br> </br> To contact our certifications team, please email <a href=\"mailto:Certification2@fisglobal.com\">Certification2@fisglobal.com</a>.   </br> To contact the product team, please email <a href=\"mailto:APICustomerIntegration@fisglobal.com\">APICustomerIntegration@fisglobal.com</a>.  \n # Authentication \n<SecurityDefinitions />"
    },
    {
      "name": "Submit Lead",
      "_type": "request_group",
      "_id": "fld_3e9548b54b794f439f1cd5c593fa7428",
      "parentId": "wrk_ac643f3d64eb4bfdb7871d4521035f49",
      "description": "Resource to submit a new launchpad lead."
    },
    {
      "name": "Lookup Lead",
      "_type": "request_group",
      "_id": "fld_e7fdbdbd300d46bf81d3ddc403f733fc",
      "parentId": "wrk_ac643f3d64eb4bfdb7871d4521035f49",
      "description": "Resource to retrieve existing lead."
    },
    {
      "name": "Search Leads",
      "_type": "request_group",
      "_id": "fld_0903df2351ea45b48a505de534cef5fb",
      "parentId": "wrk_ac643f3d64eb4bfdb7871d4521035f49",
      "description": "Resource to search leads using various input  parameters."
    },
    {
      "name": "Summary",
      "_type": "request_group",
      "_id": "fld_0220b691e7c147ffb2d3a3fee51ed7a9",
      "parentId": "wrk_ac643f3d64eb4bfdb7871d4521035f49",
      "description": "Resource to to retrieve a lead summary count for a given date range."
    },
    {
      "name": "Lookup Lead Status",
      "_type": "request_group",
      "_id": "fld_c2cc4676dacd442d9356f8b809c033f5",
      "parentId": "wrk_ac643f3d64eb4bfdb7871d4521035f49",
      "description": "Resources to retrieve a launchpad lead status."
    },
    {
      "name": "createLead",
      "method": "POST",
      "url": "https://apis.cert.worldpay.com/merchant-boarding/v1/leads",
      "body": {
        "mimeType": "application/json",
        "text": "{\r\n  \"businessInfo\": {\r\n    \"dbaName\": \"Jeep Repairs\",\r\n    \"legalName\": \"Todd M Davis\",\r\n    \"ownershipType\": \"LLC\",\r\n    \"mccCode\": 4,\r\n    \"businessEstablishedDate\": \"2000-03-23\",\r\n    \"websiteUrl\": \"www.thefoodplace.com\",\r\n    \"numberOfLocations\": 2,\r\n    \"industryType\": \"Restaurant\",\r\n    \"paymentAcceptanceMethod\": [\r\n      \"inPerson\",\r\n      \"onlineSite\"\r\n    ]\r\n  },\r\n  \"transactionInfo\": {\r\n    \"annualSalesVolume\": 20000.12,\r\n    \"currentProcessor\": \"Heartland\",\r\n    \"needsProcessingBy\": \"2021-11-01\"\r\n  },\r\n  \"controlOwner\": {\r\n    \"firstName\": \"Todd\",\r\n    \"lastName\": \"Davis\",\r\n    \"phoneNumber\": \"phoneNumber29\",\r\n    \"email\": \"John.doe@fis.com\",\r\n    \"title\": \"President\",\r\n    \"middleInitial\": \"M\",\r\n    \"phoneCountryCode\": \"+1\",\r\n    \"phoneNumberExtension\": \"1234\",\r\n    \"faxNumber\": \"1234567890\",\r\n    \"addressLine1\": \"4355 N Coalwhipe St.\",\r\n    \"addressLine2\": \"suite 104\",\r\n    \"city\": \"Denver\",\r\n    \"state\": \"CO\",\r\n    \"Province\": \"Oxfordshire\",\r\n    \"country\": \"United States or US\",\r\n    \"postalCode\": \"postalCo50\"\r\n  },\r\n  \"salesAgent\": {\r\n    \"firstName\": \"John\",\r\n    \"lastName\": \"Doe\",\r\n    \"phoneNumber\": \"1234567890\",\r\n    \"email\": \"John.doe@fis.com\",\r\n    \"id\": \"U15315\",\r\n    \"phoneCountryCode\": \"+1\"\r\n  },\r\n  \"clientTrackingId\": \"1341341234132412341\",\r\n  \"leadSource\": \"leadSource97\",\r\n  \"installationContact\": {\r\n    \"id\": \"U15318\",\r\n    \"firstName\": \"John\",\r\n    \"lastName\": \"Doe\",\r\n    \"phoneNumber\": \"1234567890\",\r\n    \"phoneCountryCode\": \"+1\",\r\n    \"email\": \"test@test.com\"\r\n  },\r\n  \"additionalInformation\": [\r\n    {\r\n      \"key\": \"productVersionId\",\r\n      \"value\": \"4656\"\r\n    }\r\n  ],\r\n  \"comment\": \"Customer mentioned they are interested in ...\"\r\n}"
      },
      "headers": [
        {
          "name": "content-Type",
          "value": "application/json",
          "disabled": false
        },
        {
          "name": "v-correlation-id",
          "value": "3fcb1437-4e52-4946-9ae1-e618351b6d16",
          "disabled": false
        },
        {
          "name": "region",
          "value": "US",
          "disabled": false
        },
        {
          "name": "Authorization",
          "value": "Authorization38",
          "disabled": false
        }
      ],
      "_type": "request",
      "_id": "req_1120d18616064fe49246be7af4dcb0d5",
      "parentId": "fld_3e9548b54b794f439f1cd5c593fa7428",
      "description": "Use this endpoint to create a new lead."
    },
    {
      "name": "fetchLead",
      "method": "GET",
      "url": "https://apis.cert.worldpay.com/merchant-boarding/v1/leads/{externalRefId}",
      "headers": [
        {
          "name": "v-correlation-id",
          "value": "3fcb1437-4e52-4946-9ae1-e618351b6d16",
          "disabled": false
        },
        {
          "name": "Authorization",
          "value": "Authorization16",
          "disabled": false
        }
      ],
      "_type": "request",
      "_id": "req_aaa1413255ec431f85dd3127ed55d11c",
      "parentId": "fld_e7fdbdbd300d46bf81d3ddc403f733fc",
      "description": "Use this endpoint to retrieve lead information."
    },
    {
      "name": "searchLead",
      "method": "POST",
      "url": "https://apis.cert.worldpay.com/merchant-boarding/v1/leads/search",
      "body": {
        "mimeType": "application/json",
        "text": "{\r\n  \"pageSize\": 50,\r\n  \"pageNum\": 1,\r\n  \"similarFieldsAndValues\": [\r\n    {\r\n      \"key\": \"key22\",\r\n      \"value\": \"value76\"\r\n    }\r\n  ],\r\n  \"equalFieldsAndValues\": [\r\n    {\r\n      \"key\": \"key22\",\r\n      \"value\": \"value76\"\r\n    }\r\n  ],\r\n  \"greaterThanOrEqualToDates\": [\r\n    {\r\n      \"key\": \"key22\",\r\n      \"value\": \"value76\"\r\n    }\r\n  ],\r\n  \"lessThanOrEqualToDates\": [\r\n    {\r\n      \"key\": \"key22\",\r\n      \"value\": \"value76\"\r\n    }\r\n  ],\r\n  \"sortFieldsAndDirection\": [\r\n    {\r\n      \"key\": \"key22\",\r\n      \"value\": \"value76\"\r\n    }\r\n  ],\r\n  \"inListFieldsAndValues\": [\r\n    {\r\n      \"key\": \"key44\",\r\n      \"values\": [\r\n        \"values2\"\r\n      ]\r\n    }\r\n  ]\r\n}"
      },
      "headers": [
        {
          "name": "content-Type",
          "value": "application/json",
          "disabled": false
        },
        {
          "name": "v-correlation-id",
          "value": "3fcb1437-4e52-4946-9ae1-e618351b6d16",
          "disabled": false
        },
        {
          "name": "Authorization",
          "value": "Authorization37",
          "disabled": false
        }
      ],
      "_type": "request",
      "_id": "req_902325307dec46789af03e0f54365159",
      "parentId": "fld_0903df2351ea45b48a505de534cef5fb",
      "description": "Use this endpoint to search leads by sales agent, lead status and submission date."
    },
    {
      "name": "fetchLeadSummary",
      "method": "GET",
      "url": "https://apis.cert.worldpay.com/merchant-boarding/v1/leads/summary",
      "parameters": [
        {
          "name": "fromDate",
          "value": "2021-01-01",
          "disabled": false
        },
        {
          "name": "toDate",
          "value": "2021-09-15",
          "disabled": false
        }
      ],
      "headers": [
        {
          "name": "v-correlation-id",
          "value": "3fcb1437-4e52-4946-9ae1-e618351b6d16",
          "disabled": false
        },
        {
          "name": "Authorization",
          "value": "Authorization67",
          "disabled": false
        }
      ],
      "_type": "request",
      "_id": "req_eb7480667bdc478baf0f0c43f8a9a7bf",
      "parentId": "fld_0220b691e7c147ffb2d3a3fee51ed7a9",
      "description": "Use this endpoint to retrieve a lead summary count for a given date range."
    },
    {
      "name": "fetchLeadstatus",
      "method": "GET",
      "url": "https://apis.cert.worldpay.com/merchant-boarding/v1/leads/{externalRefId}/status",
      "headers": [
        {
          "name": "v-correlation-id",
          "value": "3fcb1437-4e52-4946-9ae1-e618351b6d16",
          "disabled": false
        },
        {
          "name": "Authorization",
          "value": "Authorization91",
          "disabled": false
        }
      ],
      "_type": "request",
      "_id": "req_e25c2d84f5674ea29a8049a5151893aa",
      "parentId": "fld_c2cc4676dacd442d9356f8b809c033f5",
      "description": "Use this endpoint to get a lead's status."
    },
    {
      "name": "fetchLeadStatusHistory",
      "method": "GET",
      "url": "https://apis.cert.worldpay.com/merchant-boarding/v1/leads/{externalRefId}/status/history",
      "headers": [
        {
          "name": "v-correlation-id",
          "value": "3fcb1437-4e52-4946-9ae1-e618351b6d16",
          "disabled": false
        },
        {
          "name": "Authorization",
          "value": "Authorization61",
          "disabled": false
        }
      ],
      "_type": "request",
      "_id": "req_7d95e0f3747048158ef1ee0e5ddadb63",
      "parentId": "fld_c2cc4676dacd442d9356f8b809c033f5",
      "description": "Use this endpoint to get a lead's status history."
    }
  ]
}