{
  "info": {
    "name": "Merchant solutions:Launchpad Leads API",
    "_postman_id": "0699cb07-324b-4275-a106-e8a21e3f8bd4",
    "description": "Launchpad's Lead API gives Worldpay partners the ability to create and update a lead within the Merchant Provisioning Platform. Please see the Getting Started page for more information. </br> </br> To contact our certifications team, please email <a href=\"mailto:Certification2@fisglobal.com\">Certification2@fisglobal.com</a>.   </br> To contact the product team, please email <a href=\"mailto:APICustomerIntegration@fisglobal.com\">APICustomerIntegration@fisglobal.com</a>.  \n # Authentication \n<SecurityDefinitions />",
    "schema": "https://schema.getpostman.com/json/collection/v2.0.0/collection.json"
  },
  "item": [
    {
      "name": "Submit Lead",
      "description": "Resource to submit a new launchpad lead.",
      "item": [
        {
          "id": "b81878fb-5d41-4431-ae00-489d2eabad93",
          "name": "createLead",
          "request": {
            "url": {
              "protocol": "https",
              "host": "apis.cert.worldpay.com",
              "path": [
                "merchant-boarding",
                "v1",
                "leads"
              ]
            },
            "method": "POST",
            "header": [
              {
                "key": "content-Type",
                "value": "application/json",
                "description": "Indicates the media type of the request-body. Accepts application/json.",
                "disabled": false
              },
              {
                "key": "v-correlation-id",
                "value": "3fcb1437-4e52-4946-9ae1-e618351b6d16",
                "description": "Unique transaction Id. Will be generated if not provided and returned in response headers.",
                "disabled": false
              },
              {
                "key": "region",
                "value": "US",
                "description": "The region in which the lead is being submitted. This is required for partners who can submit leads for multiple regions.US for United States and GB for United Kingdom.",
                "disabled": false
              },
              {
                "key": "Accept",
                "value": "application/json",
                "disabled": false
              },
              {
                "key": "Content-Type",
                "value": "application/json",
                "disabled": false
              }
            ],
            "body": {
              "mode": "raw",
              "raw": "{\r\n  \"businessInfo\": {\r\n    \"dbaName\": \"Jeep Repairs\",\r\n    \"legalName\": \"Todd M Davis\",\r\n    \"ownershipType\": \"LLC\",\r\n    \"mccCode\": 4,\r\n    \"businessEstablishedDate\": \"2000-03-23\",\r\n    \"websiteUrl\": \"www.thefoodplace.com\",\r\n    \"numberOfLocations\": 2,\r\n    \"industryType\": \"Restaurant\",\r\n    \"paymentAcceptanceMethod\": [\r\n      \"inPerson\",\r\n      \"onlineSite\"\r\n    ]\r\n  },\r\n  \"transactionInfo\": {\r\n    \"annualSalesVolume\": 20000.12,\r\n    \"currentProcessor\": \"Heartland\",\r\n    \"needsProcessingBy\": \"2021-11-01\"\r\n  },\r\n  \"controlOwner\": {\r\n    \"firstName\": \"Todd\",\r\n    \"lastName\": \"Davis\",\r\n    \"phoneNumber\": \"phoneNumber30\",\r\n    \"email\": \"John.doe@fis.com\",\r\n    \"title\": \"President\",\r\n    \"middleInitial\": \"M\",\r\n    \"phoneCountryCode\": \"+1\",\r\n    \"phoneNumberExtension\": \"1234\",\r\n    \"faxNumber\": \"1234567890\",\r\n    \"addressLine1\": \"4355 N Coalwhipe St.\",\r\n    \"addressLine2\": \"suite 104\",\r\n    \"city\": \"Denver\",\r\n    \"state\": \"CO\",\r\n    \"Province\": \"Oxfordshire\",\r\n    \"country\": \"United States or US\",\r\n    \"postalCode\": \"postalCo58\"\r\n  },\r\n  \"salesAgent\": {\r\n    \"firstName\": \"John\",\r\n    \"lastName\": \"Doe\",\r\n    \"phoneNumber\": \"1234567890\",\r\n    \"email\": \"John.doe@fis.com\",\r\n    \"id\": \"U15315\",\r\n    \"phoneCountryCode\": \"+1\"\r\n  },\r\n  \"clientTrackingId\": \"1341341234132412341\",\r\n  \"leadSource\": \"leadSource2\",\r\n  \"installationContact\": {\r\n    \"id\": \"U15318\",\r\n    \"firstName\": \"John\",\r\n    \"lastName\": \"Doe\",\r\n    \"phoneNumber\": \"1234567890\",\r\n    \"phoneCountryCode\": \"+1\",\r\n    \"email\": \"test@test.com\"\r\n  },\r\n  \"additionalInformation\": [\r\n    {\r\n      \"key\": \"productVersionId\",\r\n      \"value\": \"4656\"\r\n    }\r\n  ],\r\n  \"comment\": \"Customer mentioned they are interested in ...\"\r\n}",
              "disabled": false
            },
            "description": "Use this endpoint to create a new lead."
          },
          "response": [
            {
              "header": [
                {
                  "key": "v-correlation-id",
                  "value": "",
                  "disabled": false
                },
                {
                  "key": "Content-Type",
                  "value": "application/json",
                  "disabled": false
                }
              ],
              "body": "{\r\n  \"externalRefId\": \"df8a6d82-3bb4-4f3b-ba18-57a5981ede8e\",\r\n  \"clientTrackingId\": \"1341341234132412341\",\r\n  \"leadId\": \"00Q59000001qSpaaAA\"\r\n}",
              "status": "Created",
              "code": 201,
              "name": "Response_201",
              "id": "2b9ffbea-fb26-44ee-bd5c-cf85b661878f"
            }
          ]
        }
      ]
    },
    {
      "name": "Lookup Lead",
      "description": "Resource to retrieve existing lead.",
      "item": [
        {
          "id": "d588f3bd-5864-42b0-ba7b-7cad01b926e0",
          "name": "fetchLead",
          "request": {
            "url": {
              "protocol": "https",
              "host": "apis.cert.worldpay.com",
              "path": [
                "merchant-boarding",
                "v1",
                "leads/:externalRefId"
              ],
              "variable": [
                {
                  "id": "externalRefId",
                  "key": "externalRefId",
                  "value": "df8a6d82-3bb4-4f3b-ba18-57a5981ede8e",
                  "type": "string",
                  "description": "The externalRefId returned from POST /applications call."
                }
              ]
            },
            "method": "GET",
            "header": [
              {
                "key": "v-correlation-id",
                "value": "3fcb1437-4e52-4946-9ae1-e618351b6d16",
                "description": "Unique transaction Id. Will be generated if not provided and returned in response headers.",
                "disabled": false
              },
              {
                "key": "Accept",
                "value": "application/json",
                "disabled": false
              }
            ],
            "body": {
              "mode": "raw",
              "disabled": false
            },
            "description": "Use this endpoint to retrieve lead information."
          },
          "response": [
            {
              "header": [
                {
                  "key": "v-correlation-id",
                  "value": "",
                  "disabled": false
                },
                {
                  "key": "Content-Type",
                  "value": "application/json",
                  "disabled": false
                }
              ],
              "body": "{\"businessInfo\":{\"dbaName\":\"Jeep Repairs #8\"},\"transactionInfo\":{\"needsProcessingBy\":\"2021-11-01\"},\"controlOwner\":{\"firstName\":\"Todd\",\"lastName\":\"Davis\",\"phoneNumber\":\"1234567890\",\"email\":\"test@test.com\",\"state\":\"CO\"},\"salesAgent\":{\"firstName\":\"John\",\"lastName\":\"Doe\"},\"additionalInformation\":[{\"key\":\"productVersionId\",\"value\":\"5627\"}]}",
              "status": "success",
              "code": 200,
              "name": "Response_200",
              "id": "22229b9c-ca6b-4771-a8d7-e8bb1c6facd9"
            }
          ]
        }
      ]
    },
    {
      "name": "Search Leads",
      "description": "Resource to search leads using various input  parameters.",
      "item": [
        {
          "id": "07de7a18-299e-4e3e-b4ee-bf9185b11627",
          "name": "searchLead",
          "request": {
            "url": {
              "protocol": "https",
              "host": "apis.cert.worldpay.com",
              "path": [
                "merchant-boarding",
                "v1",
                "leads/search"
              ]
            },
            "method": "POST",
            "header": [
              {
                "key": "content-Type",
                "value": "application/json",
                "description": "Indicates the media type of the request-body. Accepts application/json.",
                "disabled": false
              },
              {
                "key": "v-correlation-id",
                "value": "3fcb1437-4e52-4946-9ae1-e618351b6d16",
                "description": "Unique transaction Id. Will be generated if not provided and returned in response headers.",
                "disabled": false
              },
              {
                "key": "Accept",
                "value": "application/json",
                "disabled": false
              },
              {
                "key": "Content-Type",
                "value": "application/json",
                "disabled": false
              }
            ],
            "body": {
              "mode": "raw",
              "raw": "{\r\n  \"pageSize\": 50,\r\n  \"pageNum\": 1,\r\n  \"similarFieldsAndValues\": [\r\n    {\r\n      \"key\": \"key91\",\r\n      \"value\": \"value28\"\r\n    }\r\n  ],\r\n  \"equalFieldsAndValues\": [\r\n    {\r\n      \"key\": \"key91\",\r\n      \"value\": \"value28\"\r\n    }\r\n  ],\r\n  \"greaterThanOrEqualToDates\": [\r\n    {\r\n      \"key\": \"key91\",\r\n      \"value\": \"value28\"\r\n    }\r\n  ],\r\n  \"lessThanOrEqualToDates\": [\r\n    {\r\n      \"key\": \"key91\",\r\n      \"value\": \"value28\"\r\n    }\r\n  ],\r\n  \"sortFieldsAndDirection\": [\r\n    {\r\n      \"key\": \"key91\",\r\n      \"value\": \"value28\"\r\n    }\r\n  ],\r\n  \"inListFieldsAndValues\": [\r\n    {\r\n      \"key\": \"key42\",\r\n      \"values\": [\r\n        \"values29\"\r\n      ]\r\n    }\r\n  ]\r\n}",
              "disabled": false
            },
            "description": "Use this endpoint to search leads by sales agent, lead status and submission date."
          },
          "response": [
            {
              "header": [
                {
                  "key": "v-correlation-id",
                  "value": "",
                  "disabled": false
                },
                {
                  "key": "Content-Type",
                  "value": "application/json",
                  "disabled": false
                }
              ],
              "body": "{\r\n  \"assignedTo\": [\r\n    \"assignedTo30\"\r\n  ],\r\n  \"quoteTypes\": [\r\n    \"quoteTypes25\"\r\n  ],\r\n  \"totalRecordCount\": 1,\r\n  \"pageCount\": 1,\r\n  \"pageSize\": 50,\r\n  \"pageNum\": 1,\r\n  \"statusCounts\": [\r\n    {\r\n      \"category\": \"Submitted\",\r\n      \"count\": \"1\"\r\n    }\r\n  ],\r\n  \"data\": [\r\n    {\r\n      \"externalRefId\": \"df8a6d82-3bb4-4f3b-ba18-57a5981ede8e\",\r\n      \"clientTrackingId\": \"1341341234132412341\",\r\n      \"leadStatus\": \"Submitted\",\r\n      \"leadSource\": \"New\",\r\n      \"dbaName\": \"Jeep Repairs\",\r\n      \"submittedby\": \"John M Doe\",\r\n      \"experienceModel\": \"Connect\",\r\n      \"salesAgentFirstName\": \"Todd\",\r\n      \"salesAgentLastName\": \"Davis\",\r\n      \"salesAgentEmail\": \"John.doe@fis.com\",\r\n      \"ownerFirstName\": \"Todd\",\r\n      \"ownerLastName\": \"Davis\",\r\n      \"ownerPhoneNumber\": \"ownerPhoneNum40\",\r\n      \"phoneCountryCode\": \"+1\",\r\n      \"ownerEmail\": \"John.doe@fis.com\",\r\n      \"needsProcessingBy\": \"2021-11-01\",\r\n      \"submittedDate\": \"2025-01-26T12:03:23.8052671Z\",\r\n      \"lastUpdatedDate\": \"2025-01-18T12:03:23.8052761Z\",\r\n      \"quoteCompletionDate\": \"2021-11-01\",\r\n      \"contractCompletionDate\": \"2021-11-01\",\r\n      \"boardingCompletionDate\": \"2021-11-01\",\r\n      \"underwritingSubmissionDate\": \"2021-11-01\",\r\n      \"enrollmentCompletionDate\": \"2021-11-01\",\r\n      \"shipmentCompletionDate\": \"2021-11-01\",\r\n      \"activationCompletionDate\": \"2021-11-01\",\r\n      \"assignedSalesAgent\": \"John M Doe\",\r\n      \"assignedSalesAgentPhone\": \"assignedSales86\",\r\n      \"assignedSalesAgentEmail\": \"John.doe@fis.com\",\r\n      \"detailStatus\": \"Lead Submitted\",\r\n      \"statusCategory\": \"Lead\",\r\n      \"dealType\": \"Lead\"\r\n    }\r\n  ],\r\n  \"statuses\": [\r\n    \"statuses18\"\r\n  ],\r\n  \"salesAgents\": {\r\n    \"firstName\": \"John\",\r\n    \"lastName\": \"Doe\",\r\n    \"phoneNumber\": \"1234567890\",\r\n    \"email\": \"John.doe@fis.com\",\r\n    \"id\": \"U15315\",\r\n    \"phoneCountryCode\": \"+1\"\r\n  }\r\n}",
              "status": "success",
              "code": 200,
              "name": "Response_200",
              "id": "d2edb8a9-9f90-42bb-8e13-ed865380f54c"
            }
          ]
        }
      ]
    },
    {
      "name": "Summary",
      "description": "Resource to to retrieve a lead summary count for a given date range.",
      "item": [
        {
          "id": "c2b90c04-088a-4cbb-9c36-a26a970fac40",
          "name": "fetchLeadSummary",
          "request": {
            "url": {
              "protocol": "https",
              "host": "apis.cert.worldpay.com",
              "path": [
                "merchant-boarding",
                "v1",
                "leads/summary"
              ],
              "query": [
                {
                  "key": "fromDate",
                  "value": "2021-01-01",
                  "description": "If fromDate is not passed the default date is Jan 1 of the current year.",
                  "disabled": false
                },
                {
                  "key": "toDate",
                  "value": "2021-09-15",
                  "description": "If toDate is not passed the default date is the current date.",
                  "disabled": false
                }
              ]
            },
            "method": "GET",
            "header": [
              {
                "key": "v-correlation-id",
                "value": "3fcb1437-4e52-4946-9ae1-e618351b6d16",
                "description": "Unique transaction Id. Will be generated if not provided and returned in response headers.",
                "disabled": false
              },
              {
                "key": "Accept",
                "value": "application/json",
                "disabled": false
              }
            ],
            "body": {
              "mode": "raw",
              "disabled": false
            },
            "description": "Use this endpoint to retrieve a lead summary count for a given date range."
          },
          "response": [
            {
              "header": [
                {
                  "key": "v-correlation-id",
                  "value": "",
                  "disabled": false
                },
                {
                  "key": "Content-Type",
                  "value": "application/json",
                  "disabled": false
                }
              ],
              "body": "{\"fromDate\":\"2021-01-01\",\"toDate\":\"2021-09-15\",\"data\":[{\"year\":\"2021\",\"leadStatus\":\"Assigned\",\"leadCount\":\"2\"},{\"year\":\"2021\",\"leadStatus\":\"Closed Lost\",\"leadCount\":\"1\"},{\"year\":\"2021\",\"leadStatus\":\"In Progress\",\"leadCount\":\"3\"},{\"year\":\"2021\",\"leadStatus\":\"New\",\"leadCount\":\"359\"},{\"year\":\"2021\",\"leadStatus\":\"Pricing\",\"leadCount\":\"7\"},{\"year\":\"2021\",\"leadStatus\":\"Qualified\",\"leadCount\":\"3\"},{\"year\":\"2021\",\"leadStatus\":\"Update\",\"leadCount\":\"2\"}]}",
              "status": "success",
              "code": 200,
              "name": "Response_200",
              "id": "eaa3f289-e5ad-4b65-bc2b-6a8bd49fc3ee"
            }
          ]
        }
      ]
    },
    {
      "name": "Lookup Lead Status",
      "description": "Resources to retrieve a launchpad lead status.",
      "item": [
        {
          "id": "09cba267-12e8-44db-9122-b3034d8eecde",
          "name": "fetchLeadstatus",
          "request": {
            "url": {
              "protocol": "https",
              "host": "apis.cert.worldpay.com",
              "path": [
                "merchant-boarding",
                "v1",
                "leads/:externalRefId/status"
              ],
              "variable": [
                {
                  "id": "externalRefId",
                  "key": "externalRefId",
                  "value": "df8a6d82-3bb4-4f3b-ba18-57a5981ede8e",
                  "type": "string",
                  "description": "The externalRefId returned from POST /applications call."
                }
              ]
            },
            "method": "GET",
            "header": [
              {
                "key": "v-correlation-id",
                "value": "3fcb1437-4e52-4946-9ae1-e618351b6d16",
                "description": "Unique transaction Id. Will be generated if not provided and returned in response headers.",
                "disabled": false
              },
              {
                "key": "Accept",
                "value": "application/json",
                "disabled": false
              }
            ],
            "body": {
              "mode": "raw",
              "disabled": false
            },
            "description": "Use this endpoint to get a lead's status."
          },
          "response": [
            {
              "header": [
                {
                  "key": "v-correlation-id",
                  "value": "",
                  "disabled": false
                },
                {
                  "key": "Content-Type",
                  "value": "application/json",
                  "disabled": false
                }
              ],
              "body": "{\r\n  \"status\": \"Submitted\",\r\n  \"submittedBy\": \"Todd Davis\"\r\n}",
              "status": "success",
              "code": 200,
              "name": "Response_200",
              "id": "fd37194a-103f-4dc5-9f0d-982c7b56063d"
            }
          ]
        },
        {
          "id": "bd7329e1-b698-405c-bb3f-c7990c12421d",
          "name": "fetchLeadStatusHistory",
          "request": {
            "url": {
              "protocol": "https",
              "host": "apis.cert.worldpay.com",
              "path": [
                "merchant-boarding",
                "v1",
                "leads/:externalRefId/status/history"
              ],
              "variable": [
                {
                  "id": "externalRefId",
                  "key": "externalRefId",
                  "value": "df8a6d82-3bb4-4f3b-ba18-57a5981ede8e",
                  "type": "string",
                  "description": "The externalRefId returned from POST /applications call."
                }
              ]
            },
            "method": "GET",
            "header": [
              {
                "key": "v-correlation-id",
                "value": "3fcb1437-4e52-4946-9ae1-e618351b6d16",
                "description": "Unique transaction Id. Will be generated if not provided and returned in response headers.",
                "disabled": false
              },
              {
                "key": "Accept",
                "value": "application/json",
                "disabled": false
              }
            ],
            "body": {
              "mode": "raw",
              "disabled": false
            },
            "description": "Use this endpoint to get a lead's status history."
          },
          "response": [
            {
              "header": [
                {
                  "key": "v-correlation-id",
                  "value": "",
                  "disabled": false
                },
                {
                  "key": "Content-Type",
                  "value": "application/json",
                  "disabled": false
                }
              ],
              "body": "{\r\n  \"externalRefId\": \"df8a6d82-3bb4-4f3b-ba18-57a5981ede8e\",\r\n  \"statusHistory\": [\r\n    {\r\n      \"statusSeqNumber\": 2200,\r\n      \"detailStatus\": \"Contract Signed\",\r\n      \"summaryStatus\": \"App Submitted\",\r\n      \"statusCategory\": \"Contract\",\r\n      \"statusDateTime\": \"2024-12-15T12:03:23.8059145Z\"\r\n    }\r\n  ]\r\n}",
              "status": "success",
              "code": 200,
              "name": "Response_200",
              "id": "9385df31-0039-49f2-a7c4-359638ec631f"
            }
          ]
        }
      ]
    }
  ],
  "variable": [],
  "auth": {
    "type": "apikey",
    "apikey": {
      "key": "Authorization",
      "value": "Authorization90",
      "in": "header"
    }
  }
}