{
  "info": {
    "name": "Launchpad Documents API",
    "_postman_id": "04270409-a205-4922-b26b-1857bba5da4e",
    "description": "The Documents API permits Worldpay partners to manage boarding documents. Please see the Getting Started page for more information. </br> </br> <b>NOTE: This can only be used in conjuction with Merchant Boarding API.</b>\n</br> </br> To contact our certifications team, please email <a href=\"mailto:Certification2@fisglobal.com\">Certification2@fisglobal.com</a>.   </br> To contact the product team, please email <a href=\"mailto:APICustomerIntegration@fisglobal.com\">APICustomerIntegration@fisglobal.com</a>.  \n # Authentication \n<SecurityDefinitions />",
    "schema": "https://schema.getpostman.com/json/collection/v2.0.0/collection.json"
  },
  "item": [
    {
      "name": "Manage Documents",
      "description": "Resources to store and retrieve contract-specific documents.",
      "item": [
        {
          "id": "9ae2a9f3-2174-4a02-947b-bf289e431783",
          "name": "GetDocument",
          "request": {
            "url": {
              "protocol": "https",
              "host": "apis.cert.worldpay.com",
              "path": [
                "merchant-boarding",
                "v1",
                "documents"
              ]
            },
            "method": "GET",
            "header": [
              {
                "key": "externalRefId",
                "value": "3fcb1437-4e52-4946-9ae1-e618351b6d16",
                "description": "The externalRefId returned from POST /applications call.",
                "disabled": false
              },
              {
                "key": "documentId",
                "value": "documentId37",
                "description": "A unique document ID returned from the Store Documents POST call.",
                "disabled": false
              },
              {
                "key": "v-correlation-id",
                "value": "3fcb1437-4e52-4946-9ae1-e618351b6d16",
                "description": "Unique transaction Id. Will be generated if not provided and returned in response headers.",
                "disabled": false
              },
              {
                "key": "Accept",
                "value": "application/json",
                "disabled": false
              }
            ],
            "body": {
              "mode": "raw",
              "disabled": false
            },
            "description": "Returns document-specific contents tied to the given External Reference ID."
          },
          "response": [
            {
              "header": [
                {
                  "key": "v-correlation-id",
                  "value": "",
                  "disabled": false
                },
                {
                  "key": "Content-Type",
                  "value": "application/json",
                  "disabled": false
                }
              ],
              "body": "{\r\n  \"fileName\": \"Timothy Jones Drivers License\",\r\n  \"fileExtension\": \"JPEG\",\r\n  \"content\": \"VGhpcyBpcyBUZXN0\",\r\n  \"version\": 1,\r\n  \"uploadedBy\": \"Timothy\",\r\n  \"documentCategory\": \"DRIVERS LICENSE\"\r\n}",
              "status": "success",
              "code": 200,
              "name": "Response_200",
              "id": "b2a96595-b00b-474f-b64b-925dad314ed9"
            }
          ]
        },
        {
          "id": "3d25d755-5477-45a6-8f60-db18ec1454f9",
          "name": "StoreDocument",
          "request": {
            "url": {
              "protocol": "https",
              "host": "apis.cert.worldpay.com",
              "path": [
                "merchant-boarding",
                "v1",
                "documents"
              ]
            },
            "method": "POST",
            "header": [
              {
                "key": "externalRefId",
                "value": "3fcb1437-4e52-4946-9ae1-e618351b6d16",
                "description": "The externalRefId returned from POST /applications call.",
                "disabled": false
              },
              {
                "key": "content-Type",
                "value": "application/json",
                "description": "Indicates the media type of the request-body. Accepts application/json.",
                "disabled": false
              },
              {
                "key": "v-correlation-id",
                "value": "3fcb1437-4e52-4946-9ae1-e618351b6d16",
                "description": "Unique transaction Id. Will be generated if not provided and returned in response headers.",
                "disabled": false
              },
              {
                "key": "Accept",
                "value": "application/json",
                "disabled": false
              },
              {
                "key": "Content-Type",
                "value": "application/json",
                "disabled": false
              }
            ],
            "body": {
              "mode": "raw",
              "raw": "{\r\n  \"document\": {\r\n    \"fileName\": \"Timothy Jones Drivers License\",\r\n    \"fileExtension\": \"JPEG\",\r\n    \"content\": \"VGhpcyBpcyBUZXN0\",\r\n    \"version\": 1,\r\n    \"uploadedBy\": \"Timothy\",\r\n    \"documentCategory\": \"DRIVERS LICENSE\"\r\n  }\r\n}",
              "disabled": false
            },
            "description": "This is an optional step that allows merchants to submit any additional documents to help with the underwriting process, such as passports and driver's licenses. In the PII collection flow, use this endpoint to store and submit the signed contract."
          },
          "response": [
            {
              "header": [
                {
                  "key": "v-correlation-id",
                  "value": "",
                  "disabled": false
                },
                {
                  "key": "Content-Type",
                  "value": "application/json",
                  "disabled": false
                }
              ],
              "body": "{\r\n  \"documentId\": \"6114\"\r\n}",
              "status": "Success",
              "code": 200,
              "name": "Response_200",
              "id": "a431c86b-3994-425b-9eb8-4525e2d40181"
            }
          ]
        },
        {
          "id": "1221c11e-cb1b-46ec-8cc7-a49115c42d4b",
          "name": "GetDocumentMetadata",
          "request": {
            "url": {
              "protocol": "https",
              "host": "apis.cert.worldpay.com",
              "path": [
                "merchant-boarding",
                "v1",
                "documents/List"
              ]
            },
            "method": "GET",
            "header": [
              {
                "key": "externalRefId",
                "value": "3fcb1437-4e52-4946-9ae1-e618351b6d16",
                "description": "The externalRefId returned from POST /applications call.",
                "disabled": false
              },
              {
                "key": "v-correlation-id",
                "value": "3fcb1437-4e52-4946-9ae1-e618351b6d16",
                "description": "Unique transaction Id. Will be generated if not provided and returned in response headers.",
                "disabled": false
              },
              {
                "key": "Accept",
                "value": "application/json",
                "disabled": false
              }
            ],
            "body": {
              "mode": "raw",
              "disabled": false
            },
            "description": "Returns a list of documents tied to the given external reference ID."
          },
          "response": [
            {
              "header": [
                {
                  "key": "v-correlation-id",
                  "value": "",
                  "disabled": false
                },
                {
                  "key": "Content-Type",
                  "value": "application/json",
                  "disabled": false
                }
              ],
              "body": "{\r\n  \"documents\": [\r\n    {\r\n      \"documentId\": \"861\",\r\n      \"fileName\": \"Timothy Jones Drivers License\",\r\n      \"fileExtension\": \"JPEG\",\r\n      \"version\": 1,\r\n      \"uploadedBy\": \"Timothy\",\r\n      \"documentCategory\": \"PASSPORT\"\r\n    }\r\n  ]\r\n}",
              "status": "Success",
              "code": 200,
              "name": "Response_200",
              "id": "a5ea6cf7-b0fd-4b39-803c-a4b7b9e1779f"
            }
          ]
        }
      ]
    }
  ],
  "variable": [],
  "auth": {
    "type": "apikey",
    "apikey": {
      "key": "Authorization",
      "value": "Authorization73",
      "in": "header"
    }
  }
}