{
  "_type": "export",
  "__export_format": 4,
  "__export_source": "apimatic.transformer",
  "resources": [
    {
      "name": "Launchpad Documents API",
      "_type": "workspace",
      "_id": "wrk_e3023303836c4e8bbea2e7599f0247eb",
      "description": "The Documents API permits Worldpay partners to manage boarding documents. Please see the Getting Started page for more information. </br> </br> <b>NOTE: This can only be used in conjuction with Merchant Boarding API.</b>\n</br> </br> To contact our certifications team, please email <a href=\"mailto:Certification2@fisglobal.com\">Certification2@fisglobal.com</a>.   </br> To contact the product team, please email <a href=\"mailto:APICustomerIntegration@fisglobal.com\">APICustomerIntegration@fisglobal.com</a>.  \n # Authentication \n<SecurityDefinitions />"
    },
    {
      "name": "Manage Documents",
      "_type": "request_group",
      "_id": "fld_70af72d665f34e32803a2a83c7274ac1",
      "parentId": "wrk_e3023303836c4e8bbea2e7599f0247eb",
      "description": "Resources to store and retrieve contract-specific documents."
    },
    {
      "name": "GetDocument",
      "method": "GET",
      "url": "https://apis.cert.worldpay.com/merchant-boarding/v1/documents",
      "headers": [
        {
          "name": "externalRefId",
          "value": "3fcb1437-4e52-4946-9ae1-e618351b6d16",
          "disabled": false
        },
        {
          "name": "documentId",
          "value": "documentId8",
          "disabled": false
        },
        {
          "name": "v-correlation-id",
          "value": "3fcb1437-4e52-4946-9ae1-e618351b6d16",
          "disabled": false
        },
        {
          "name": "Authorization",
          "value": "Authorization51",
          "disabled": false
        }
      ],
      "_type": "request",
      "_id": "req_fdcac2f3987f468da2a89d26df41a806",
      "parentId": "fld_70af72d665f34e32803a2a83c7274ac1",
      "description": "Returns document-specific contents tied to the given External Reference ID."
    },
    {
      "name": "StoreDocument",
      "method": "POST",
      "url": "https://apis.cert.worldpay.com/merchant-boarding/v1/documents",
      "body": {
        "mimeType": "application/json",
        "text": "{\r\n  \"document\": {\r\n    \"fileName\": \"Timothy Jones Drivers License\",\r\n    \"fileExtension\": \"JPEG\",\r\n    \"content\": \"VGhpcyBpcyBUZXN0\",\r\n    \"version\": 1,\r\n    \"uploadedBy\": \"Timothy\",\r\n    \"documentCategory\": \"DRIVERS LICENSE\"\r\n  }\r\n}"
      },
      "headers": [
        {
          "name": "externalRefId",
          "value": "3fcb1437-4e52-4946-9ae1-e618351b6d16",
          "disabled": false
        },
        {
          "name": "content-Type",
          "value": "application/json",
          "disabled": false
        },
        {
          "name": "v-correlation-id",
          "value": "3fcb1437-4e52-4946-9ae1-e618351b6d16",
          "disabled": false
        },
        {
          "name": "Authorization",
          "value": "Authorization27",
          "disabled": false
        }
      ],
      "_type": "request",
      "_id": "req_ed0c8f698abb4b70abf830859c440ee7",
      "parentId": "fld_70af72d665f34e32803a2a83c7274ac1",
      "description": "This is an optional step that allows merchants to submit any additional documents to help with the underwriting process, such as passports and driver's licenses. In the PII collection flow, use this endpoint to store and submit the signed contract."
    },
    {
      "name": "GetDocumentMetadata",
      "method": "GET",
      "url": "https://apis.cert.worldpay.com/merchant-boarding/v1/documents/List",
      "headers": [
        {
          "name": "externalRefId",
          "value": "3fcb1437-4e52-4946-9ae1-e618351b6d16",
          "disabled": false
        },
        {
          "name": "v-correlation-id",
          "value": "3fcb1437-4e52-4946-9ae1-e618351b6d16",
          "disabled": false
        },
        {
          "name": "Authorization",
          "value": "Authorization73",
          "disabled": false
        }
      ],
      "_type": "request",
      "_id": "req_9e4755977dda4b5f88cd879755f3e325",
      "parentId": "fld_70af72d665f34e32803a2a83c7274ac1",
      "description": "Returns a list of documents tied to the given external reference ID."
    }
  ]
}