{
  "swaggerVersion": "1.2",
  "basePath": "https://apis.cert.worldpay.com/merchant-boarding/v1",
  "resourcePath": "/",
  "apis": [
    {
      "path": "/documents",
      "operations": [
        {
          "method": "GET",
          "summary": "Returns document-specific contents tied to the given External Reference ID.",
          "nickname": "GetDocument",
          "parameters": [
            {
              "name": "externalRefId",
              "description": "The externalRefId returned from POST /applications call.",
              "paramType": "header",
              "required": true,
              "allowMultiple": false,
              "defaultValue": "",
              "uniqueItems": false,
              "type": "string"
            },
            {
              "name": "documentId",
              "description": "A unique document ID returned from the Store Documents POST call.",
              "paramType": "header",
              "required": true,
              "allowMultiple": false,
              "defaultValue": "",
              "uniqueItems": false,
              "type": "string"
            },
            {
              "name": "v-correlation-id",
              "description": "Unique transaction Id. Will be generated if not provided and returned in response headers.",
              "paramType": "header",
              "required": false,
              "allowMultiple": false,
              "defaultValue": "",
              "uniqueItems": false,
              "type": "string"
            }
          ],
          "authorizations": {
            "api_key": []
          },
          "produces": [
            "application/json"
          ],
          "responseMessages": [],
          "uniqueItems": false,
          "$ref": "Document"
        },
        {
          "method": "POST",
          "summary": "This is an optional step that allows merchants to submit any additional documents to help with the underwriting process, such as passports and driver's licenses. In the PII collection flow, use this endpoint to store and submit the signed contract.",
          "nickname": "StoreDocument",
          "parameters": [
            {
              "name": "externalRefId",
              "description": "The externalRefId returned from POST /applications call.",
              "paramType": "header",
              "required": true,
              "allowMultiple": false,
              "defaultValue": "",
              "uniqueItems": false,
              "type": "string"
            },
            {
              "name": "body",
              "description": "",
              "paramType": "body",
              "required": true,
              "allowMultiple": false,
              "defaultValue": "",
              "uniqueItems": false,
              "type": "DocumentRequest"
            },
            {
              "name": "content-Type",
              "description": "Indicates the media type of the request-body. Accepts application/json.",
              "paramType": "header",
              "required": false,
              "allowMultiple": false,
              "defaultValue": "application/json",
              "enum": [
                "application/json"
              ],
              "uniqueItems": false,
              "type": "string"
            },
            {
              "name": "v-correlation-id",
              "description": "Unique transaction Id. Will be generated if not provided and returned in response headers.",
              "paramType": "header",
              "required": false,
              "allowMultiple": false,
              "defaultValue": "",
              "uniqueItems": false,
              "type": "string"
            }
          ],
          "authorizations": {
            "api_key": []
          },
          "produces": [
            "application/json"
          ],
          "consumes": [
            "application/json"
          ],
          "responseMessages": [],
          "uniqueItems": false,
          "$ref": "DocumentResponse"
        }
      ]
    },
    {
      "path": "/documents/List",
      "operations": [
        {
          "method": "GET",
          "summary": "Returns a list of documents tied to the given external reference ID.",
          "nickname": "GetDocumentMetadata",
          "parameters": [
            {
              "name": "externalRefId",
              "description": "The externalRefId returned from POST /applications call.",
              "paramType": "header",
              "required": true,
              "allowMultiple": false,
              "defaultValue": "",
              "uniqueItems": false,
              "type": "string"
            },
            {
              "name": "v-correlation-id",
              "description": "Unique transaction Id. Will be generated if not provided and returned in response headers.",
              "paramType": "header",
              "required": false,
              "allowMultiple": false,
              "defaultValue": "",
              "uniqueItems": false,
              "type": "string"
            }
          ],
          "authorizations": {
            "api_key": []
          },
          "produces": [
            "application/json"
          ],
          "responseMessages": [],
          "uniqueItems": false,
          "$ref": "DocumentListResponse"
        }
      ]
    }
  ],
  "models": {
    "DocumentRequest": {
      "id": "DocumentRequest",
      "required": [],
      "properties": {
        "document": {
          "description": "",
          "defaultValue": "",
          "uniqueItems": false,
          "$ref": "Document"
        }
      }
    },
    "DocumentResponse": {
      "id": "DocumentResponse",
      "required": [],
      "properties": {
        "documentId": {
          "description": "",
          "defaultValue": "",
          "uniqueItems": false,
          "type": "string"
        }
      }
    },
    "Document": {
      "id": "Document",
      "required": [],
      "properties": {
        "fileName": {
          "description": "Document name.",
          "defaultValue": "",
          "uniqueItems": false,
          "type": "string"
        },
        "fileExtension": {
          "description": "Document type.",
          "defaultValue": "",
          "enum": [
            "JPEG",
            "JPG",
            "GIF",
            "PDF",
            "PNG",
            "TIFF",
            "TIF",
            "BMP",
            "DOC",
            "TXT",
            "DOCX",
            "PPT",
            "XLS",
            "XLSX"
          ],
          "uniqueItems": false,
          "type": "string"
        },
        "content": {
          "description": "Base 64 encoded binary string of docuement content. Maxium string length is 12MB.",
          "defaultValue": "",
          "uniqueItems": false,
          "type": "string"
        },
        "version": {
          "description": "Version of the document.",
          "defaultValue": "",
          "minimum": "",
          "maximum": "",
          "uniqueItems": false,
          "type": "integer",
          "format": "int32"
        },
        "uploadedBy": {
          "description": "Name of the user who uploaded the document. Maximum field length of 8 characters.",
          "defaultValue": "",
          "uniqueItems": false,
          "type": "string"
        },
        "documentCategory": {
          "description": "Document category",
          "defaultValue": "",
          "enum": [
            "DRIVERS LICENSE",
            "TERMINAL LEASE",
            "PASSPORT",
            "UNKNOWN",
            "VOIDED CHECK"
          ],
          "uniqueItems": false,
          "type": "string"
        }
      }
    },
    "DocumentListResponse": {
      "id": "DocumentListResponse",
      "required": [],
      "properties": {
        "documents": {
          "description": "",
          "items": {
            "$ref": "DocumentsMetaData"
          },
          "defaultValue": "",
          "uniqueItems": false,
          "type": "array"
        }
      }
    },
    "DocumentsMetaData": {
      "id": "DocumentsMetaData",
      "required": [],
      "properties": {
        "documentId": {
          "description": "Unique ID for the stored document.",
          "defaultValue": "",
          "uniqueItems": false,
          "type": "string"
        },
        "fileName": {
          "description": "Document name",
          "defaultValue": "",
          "uniqueItems": false,
          "type": "string"
        },
        "fileExtension": {
          "description": "Document type",
          "defaultValue": "",
          "enum": [
            "JPEG",
            "JPG",
            "GIF",
            "PDF",
            "PNG",
            "TIFF",
            "TIF",
            "BMP",
            "DOC",
            "TXT",
            "DOCX",
            "PPT",
            "XLS",
            "XLSX"
          ],
          "uniqueItems": false,
          "type": "string"
        },
        "version": {
          "description": "Document version",
          "defaultValue": "",
          "minimum": "",
          "maximum": "",
          "uniqueItems": false,
          "type": "integer",
          "format": "int32"
        },
        "uploadedBy": {
          "description": "Who uploaded the document? Maximum field length of 8 characters.",
          "defaultValue": "",
          "uniqueItems": false,
          "type": "string"
        },
        "documentCategory": {
          "description": "Document category.",
          "defaultValue": "",
          "enum": [
            "DRIVERS LICENSE",
            "TERMINAL LEASE",
            "PASSPORT",
            "UNKNOWN",
            "VOIDED CHECK"
          ],
          "uniqueItems": false,
          "type": "string"
        }
      }
    },
    "ErrorResponse": {
      "id": "ErrorResponse",
      "required": [],
      "properties": {
        "httpStatusCode": {
          "description": "",
          "defaultValue": "",
          "minimum": "",
          "maximum": "",
          "uniqueItems": false,
          "type": "integer",
          "format": "int32"
        },
        "httpStatusMessage": {
          "description": "",
          "defaultValue": "",
          "uniqueItems": false,
          "type": "string"
        },
        "errors": {
          "description": "",
          "items": {
            "$ref": "Error"
          },
          "defaultValue": "",
          "uniqueItems": false,
          "type": "array"
        }
      }
    },
    "Error": {
      "id": "Error",
      "required": [],
      "properties": {
        "errorCode": {
          "description": "",
          "defaultValue": "",
          "uniqueItems": false,
          "type": "string"
        },
        "errorMessage": {
          "description": "",
          "defaultValue": "",
          "uniqueItems": false,
          "type": "string"
        },
        "target": {
          "description": "",
          "defaultValue": "",
          "uniqueItems": false,
          "type": "string"
        }
      }
    }
  },
  "authorizations": {
    "api_key": {
      "passAs": "header",
      "keyname": "Authorization",
      "type": "apiKey"
    }
  },
  "consumes": [
    "application/json"
  ],
  "produces": [
    "application/json"
  ]
}