{
  "_type": "export",
  "__export_format": 4,
  "__export_source": "apimatic.transformer",
  "resources": [
    {
      "name": "Launchpad Equipment Lookup API",
      "_type": "workspace",
      "_id": "wrk_7da9e753555e48ba96b3901f2f9458d7",
      "description": "Worldpay's Lookup API works in conjunction with the Launchpad Merchant Boarding and Launchpad Lead API to retrieve information regarding specific equipment products and partner agreemnts a can use for a application and lead. Please see the Getting Started page for more information.   </br> </br> To contact our certifications team, please email <a href=\"mailto:Certification2@fisglobal.com\">Certification2@fisglobal.com</a>.   </br> To contact the product team, please email <a href=\"mailto:APICustomerIntegration@fisglobal.com\">APICustomerIntegration@fisglobal.com</a>.   \n # Authentication \n<SecurityDefinitions />"
    },
    {
      "name": "Equipment Terminal VAR",
      "_type": "request_group",
      "_id": "fld_530d851dc2fd4249b6783a384248026a",
      "parentId": "wrk_7da9e753555e48ba96b3901f2f9458d7",
      "description": ""
    },
    {
      "name": "Equipment Product Version",
      "_type": "request_group",
      "_id": "fld_8dd6fb3f4643453098070bb721dac9d4",
      "parentId": "wrk_7da9e753555e48ba96b3901f2f9458d7",
      "description": ""
    },
    {
      "name": "Partner Agreements",
      "_type": "request_group",
      "_id": "fld_b870611c9cd847a6aaf2df12be0a8cb1",
      "parentId": "wrk_7da9e753555e48ba96b3901f2f9458d7",
      "description": ""
    },
    {
      "name": "GetAccessMethods",
      "method": "GET",
      "url": "https://apis.cert.worldpay.com/merchant-boarding/v1/terminal/access-methods",
      "headers": [
        {
          "name": "v-correlation-id",
          "value": "3fcb1437-4e52-4946-9ae1-e618351b6d16",
          "disabled": false
        },
        {
          "name": "Authorization",
          "value": "Authorization68",
          "disabled": false
        }
      ],
      "_type": "request",
      "_id": "req_d0cbeec3749f4f6eb276f91de8c2b5bd",
      "parentId": "fld_530d851dc2fd4249b6783a384248026a",
      "description": "Response is a list of all possible terminal access methods, such as dial and SSL."
    },
    {
      "name": "GetPaymentMethods",
      "method": "GET",
      "url": "https://apis.cert.worldpay.com/merchant-boarding/v1/terminal/payment-methods",
      "headers": [
        {
          "name": "v-correlation-id",
          "value": "3fcb1437-4e52-4946-9ae1-e618351b6d16",
          "disabled": false
        },
        {
          "name": "Authorization",
          "value": "Authorization19",
          "disabled": false
        }
      ],
      "_type": "request",
      "_id": "req_733914683b1748809d78a84882a26bd0",
      "parentId": "fld_530d851dc2fd4249b6783a384248026a",
      "description": "Fetches a list of terminal payment methods."
    },
    {
      "name": "GetEnvironments",
      "method": "GET",
      "url": "https://apis.cert.worldpay.com/merchant-boarding/v1/terminal/environments",
      "headers": [
        {
          "name": "v-correlation-id",
          "value": "3fcb1437-4e52-4946-9ae1-e618351b6d16",
          "disabled": false
        },
        {
          "name": "Authorization",
          "value": "Authorization73",
          "disabled": false
        }
      ],
      "_type": "request",
      "_id": "req_c189f3712d2c42628ce46996a3c1fabd",
      "parentId": "fld_530d851dc2fd4249b6783a384248026a",
      "description": "Fetches a list of valid terminal environments for a given business, market or industry type."
    },
    {
      "name": "GetProducts",
      "method": "GET",
      "url": "https://apis.cert.worldpay.com/merchant-boarding/v1/terminal/products",
      "headers": [
        {
          "name": "environmentName",
          "value": "Retail",
          "disabled": false
        },
        {
          "name": "v-correlation-id",
          "value": "3fcb1437-4e52-4946-9ae1-e618351b6d16",
          "disabled": false
        },
        {
          "name": "Authorization",
          "value": "Authorization50",
          "disabled": false
        }
      ],
      "_type": "request",
      "_id": "req_f5530132ea034ad9849423a37458f854",
      "parentId": "fld_530d851dc2fd4249b6783a384248026a",
      "description": "Fetches a list of valid terminal products for a given business, merchant, or industry type. Note: Only debit and credit cards are currently enabled."
    },
    {
      "name": "GetTerminalModels",
      "method": "POST",
      "url": "https://apis.cert.worldpay.com/merchant-boarding/v1/terminal/terminal-models",
      "body": {
        "mimeType": "application/json",
        "text": "{\r\n  \"products\": [\r\n    {\r\n      \"productId\": \"1\",\r\n      \"productName\": \"Debit\"\r\n    }\r\n  ]\r\n}"
      },
      "headers": [
        {
          "name": "environmentName",
          "value": "Retail",
          "disabled": false
        },
        {
          "name": "content-Type",
          "value": "application/json",
          "disabled": false
        },
        {
          "name": "v-correlation-id",
          "value": "3fcb1437-4e52-4946-9ae1-e618351b6d16",
          "disabled": false
        },
        {
          "name": "emvCapable",
          "value": "false",
          "disabled": false
        },
        {
          "name": "multiMerchCapable",
          "value": "false",
          "disabled": false
        },
        {
          "name": "accessMethod",
          "value": "Dial",
          "disabled": false
        },
        {
          "name": "Authorization",
          "value": "Authorization11",
          "disabled": false
        }
      ],
      "_type": "request",
      "_id": "req_6163817add09431ab6668a8bf2cf013c",
      "parentId": "fld_530d851dc2fd4249b6783a384248026a",
      "description": "Fetches a list of valid models for the terminal products selected by the merchant."
    },
    {
      "name": "GetAdditionalConfigurations",
      "method": "GET",
      "url": "https://apis.cert.worldpay.com/merchant-boarding/v1/terminal/additional-configurations",
      "headers": [
        {
          "name": "v-correlation-id",
          "value": "3fcb1437-4e52-4946-9ae1-e618351b6d16",
          "disabled": false
        },
        {
          "name": "logicalApplicationId",
          "value": "1073",
          "disabled": false
        },
        {
          "name": "Authorization",
          "value": "Authorization19",
          "disabled": false
        }
      ],
      "_type": "request",
      "_id": "req_c6ee1b828106462fafe9fe5865819a1f",
      "parentId": "fld_530d851dc2fd4249b6783a384248026a",
      "description": "Fetches a list of valid terminal customizations and peripherals, such as electing to password protect a void."
    },
    {
      "name": "GetVARConfigurations",
      "method": "GET",
      "url": "https://apis.cert.worldpay.com/merchant-boarding/v1/terminal/var-configs",
      "headers": [
        {
          "name": "v-correlation-id",
          "value": "3fcb1437-4e52-4946-9ae1-e618351b6d16",
          "disabled": false
        },
        {
          "name": "Authorization",
          "value": "Authorization19",
          "disabled": false
        }
      ],
      "_type": "request",
      "_id": "req_26362e82129045d08221f91ae108a727",
      "parentId": "fld_530d851dc2fd4249b6783a384248026a",
      "description": "Response is a list of valid terminal customizations and peripherals for a value added reseller (VAR)."
    },
    {
      "name": "GetProductVersion",
      "method": "GET",
      "url": "https://apis.cert.worldpay.com/merchant-boarding/v1/terminal/productVersions",
      "headers": [
        {
          "name": "v-correlation-id",
          "value": "3fcb1437-4e52-4946-9ae1-e618351b6d16",
          "disabled": false
        },
        {
          "name": "Authorization",
          "value": "Authorization6",
          "disabled": false
        }
      ],
      "_type": "request",
      "_id": "req_c4a51b0163eb46a4859be31be9b179f2",
      "parentId": "fld_8dd6fb3f4643453098070bb721dac9d4",
      "description": "Get a list of product versions sold or owned by the partner."
    },
    {
      "name": "GetEquipmentByProductVersion",
      "method": "GET",
      "url": "https://apis.cert.worldpay.com/merchant-boarding/v1/terminal/productVersions/{productVersionId}/equipment",
      "headers": [
        {
          "name": "v-correlation-id",
          "value": "3fcb1437-4e52-4946-9ae1-e618351b6d16",
          "disabled": false
        },
        {
          "name": "Authorization",
          "value": "Authorization13",
          "disabled": false
        }
      ],
      "_type": "request",
      "_id": "req_bb87f7b873d640bfa1833d4036805c0c",
      "parentId": "fld_8dd6fb3f4643453098070bb721dac9d4",
      "description": "Get a list of equipment options by product version."
    },
    {
      "name": "GetPartnerAgreement",
      "method": "GET",
      "url": "https://apis.cert.worldpay.com/merchant-boarding/v1/terminal/partnerAgreements",
      "headers": [
        {
          "name": "v-correlation-id",
          "value": "3fcb1437-4e52-4946-9ae1-e618351b6d16",
          "disabled": false
        },
        {
          "name": "Authorization",
          "value": "Authorization38",
          "disabled": false
        }
      ],
      "_type": "request",
      "_id": "req_88a5c3642c2048ccb4881b7b71c25670",
      "parentId": "fld_b870611c9cd847a6aaf2df12be0a8cb1",
      "description": "Get a list of agreement available for the partner."
    }
  ]
}