{
  "info": {
    "name": "Launchpad Equipment Lookup API",
    "_postman_id": "c7d82e1e-733f-4682-aafb-80b87ac309e5",
    "description": "Worldpay's Lookup API works in conjunction with the Launchpad Merchant Boarding and Launchpad Lead API to retrieve information regarding specific equipment products and partner agreemnts a can use for a application and lead. Please see the Getting Started page for more information.   </br> </br> To contact our certifications team, please email <a href=\"mailto:Certification2@fisglobal.com\">Certification2@fisglobal.com</a>.   </br> To contact the product team, please email <a href=\"mailto:APICustomerIntegration@fisglobal.com\">APICustomerIntegration@fisglobal.com</a>.   \n # Authentication \n<SecurityDefinitions />",
    "schema": "https://schema.getpostman.com/json/collection/v2.0.0/collection.json"
  },
  "item": [
    {
      "name": "Equipment Terminal VAR",
      "description": "",
      "item": [
        {
          "id": "5a320300-afe8-4ceb-bdeb-7f228667ce8a",
          "name": "GetAccessMethods",
          "request": {
            "url": {
              "protocol": "https",
              "host": "apis.cert.worldpay.com",
              "path": [
                "merchant-boarding",
                "v1",
                "terminal",
                "access-methods"
              ]
            },
            "method": "GET",
            "header": [
              {
                "key": "v-correlation-id",
                "value": "3fcb1437-4e52-4946-9ae1-e618351b6d16",
                "description": "Unique transaction Id. Will be generated if not provided and returned in response headers.",
                "disabled": false
              },
              {
                "key": "Accept",
                "value": "application/json",
                "disabled": false
              }
            ],
            "body": {
              "mode": "raw",
              "disabled": false
            },
            "description": "Response is a list of all possible terminal access methods, such as dial and SSL."
          },
          "response": [
            {
              "header": [
                {
                  "key": "v-correlation-id",
                  "value": "",
                  "disabled": false
                },
                {
                  "key": "Content-Type",
                  "value": "application/json",
                  "disabled": false
                }
              ],
              "body": "{\r\n  \"method\": [\r\n    {\r\n      \"id\": \"id33\",\r\n      \"method\": \"method37\"\r\n    }\r\n  ]\r\n}",
              "status": "Response is a list of valid terminal access methods.",
              "code": 200,
              "name": "Response_200",
              "id": "a142a6e3-105d-453a-9080-20d37d9e2cf5"
            }
          ]
        },
        {
          "id": "d97aca39-2853-4acc-bb07-282b91a8c6e9",
          "name": "GetPaymentMethods",
          "request": {
            "url": {
              "protocol": "https",
              "host": "apis.cert.worldpay.com",
              "path": [
                "merchant-boarding",
                "v1",
                "terminal",
                "payment-methods"
              ]
            },
            "method": "GET",
            "header": [
              {
                "key": "v-correlation-id",
                "value": "3fcb1437-4e52-4946-9ae1-e618351b6d16",
                "description": "Unique transaction Id. Will be generated if not provided and returned in response headers.",
                "disabled": false
              },
              {
                "key": "Accept",
                "value": "application/json",
                "disabled": false
              }
            ],
            "body": {
              "mode": "raw",
              "disabled": false
            },
            "description": "Fetches a list of terminal payment methods."
          },
          "response": [
            {
              "header": [
                {
                  "key": "v-correlation-id",
                  "value": "",
                  "disabled": false
                },
                {
                  "key": "Content-Type",
                  "value": "application/json",
                  "disabled": false
                }
              ],
              "body": "{\r\n  \"method\": [\r\n    {\r\n      \"id\": \"id33\",\r\n      \"method\": \"method37\"\r\n    }\r\n  ]\r\n}",
              "status": "Response is a list of valid terminal payment methods such as debit or credit card.",
              "code": 200,
              "name": "Response_200",
              "id": "196356a1-2976-499c-b128-6e8389334cfb"
            }
          ]
        },
        {
          "id": "eae40789-cb9c-4e1a-86d7-6dda8d5651ec",
          "name": "GetEnvironments",
          "request": {
            "url": {
              "protocol": "https",
              "host": "apis.cert.worldpay.com",
              "path": [
                "merchant-boarding",
                "v1",
                "terminal",
                "environments"
              ]
            },
            "method": "GET",
            "header": [
              {
                "key": "v-correlation-id",
                "value": "3fcb1437-4e52-4946-9ae1-e618351b6d16",
                "description": "Unique transaction Id. Will be generated if not provided and returned in response headers.",
                "disabled": false
              },
              {
                "key": "Accept",
                "value": "application/json",
                "disabled": false
              }
            ],
            "body": {
              "mode": "raw",
              "disabled": false
            },
            "description": "Fetches a list of valid terminal environments for a given business, market or industry type."
          },
          "response": [
            {
              "header": [
                {
                  "key": "v-correlation-id",
                  "value": "",
                  "disabled": false
                },
                {
                  "key": "Content-Type",
                  "value": "application/json",
                  "disabled": false
                }
              ],
              "body": "{\r\n  \"environments\": [\r\n    {\r\n      \"id\": \"7\",\r\n      \"name\": \"Mini Rental\"\r\n    }\r\n  ]\r\n}",
              "status": "Response is a list of valid terminal environments.",
              "code": 200,
              "name": "Response_200",
              "id": "ca112137-438d-42a9-816c-18169151bff9"
            }
          ]
        },
        {
          "id": "a65da720-8a86-49d8-b634-236d8eb4a711",
          "name": "GetProducts",
          "request": {
            "url": {
              "protocol": "https",
              "host": "apis.cert.worldpay.com",
              "path": [
                "merchant-boarding",
                "v1",
                "terminal",
                "products"
              ]
            },
            "method": "GET",
            "header": [
              {
                "key": "environmentName",
                "value": "Retail",
                "description": "",
                "disabled": false
              },
              {
                "key": "v-correlation-id",
                "value": "3fcb1437-4e52-4946-9ae1-e618351b6d16",
                "description": "Unique transaction Id. Will be generated if not provided and returned in response headers.",
                "disabled": false
              },
              {
                "key": "Accept",
                "value": "application/json",
                "disabled": false
              }
            ],
            "body": {
              "mode": "raw",
              "disabled": false
            },
            "description": "Fetches a list of valid terminal products for a given business, merchant, or industry type. Note: Only debit and credit cards are currently enabled."
          },
          "response": [
            {
              "header": [
                {
                  "key": "v-correlation-id",
                  "value": "",
                  "disabled": false
                },
                {
                  "key": "Content-Type",
                  "value": "application/json",
                  "disabled": false
                }
              ],
              "body": "{\r\n  \"products\": [\r\n    {\r\n      \"productId\": \"1\",\r\n      \"productName\": \"Debit\"\r\n    }\r\n  ]\r\n}",
              "status": "Response is a list of valid terminal products.",
              "code": 200,
              "name": "Response_200",
              "id": "1d3313ef-4449-4013-b95d-d83a859672bd"
            }
          ]
        },
        {
          "id": "042c5d53-56d5-47ad-90ed-715611247b21",
          "name": "GetTerminalModels",
          "request": {
            "url": {
              "protocol": "https",
              "host": "apis.cert.worldpay.com",
              "path": [
                "merchant-boarding",
                "v1",
                "terminal",
                "terminal-models"
              ]
            },
            "method": "POST",
            "header": [
              {
                "key": "environmentName",
                "value": "Retail",
                "description": "Business, market or industry type.",
                "disabled": false
              },
              {
                "key": "content-Type",
                "value": "application/json",
                "description": "Indicates the media type of the request-body. Accepts application/json.",
                "disabled": false
              },
              {
                "key": "v-correlation-id",
                "value": "3fcb1437-4e52-4946-9ae1-e618351b6d16",
                "description": "Unique transaction Id. Will be generated if not provided and returned in response headers.",
                "disabled": false
              },
              {
                "key": "emvCapable",
                "value": "false",
                "description": "EMV capable and certified.",
                "disabled": false
              },
              {
                "key": "multiMerchCapable",
                "value": "false",
                "description": "MultiMerchCapable.",
                "disabled": false
              },
              {
                "key": "accessMethod",
                "value": "Dial",
                "description": "accessMethod",
                "disabled": false
              },
              {
                "key": "Accept",
                "value": "application/json",
                "disabled": false
              },
              {
                "key": "Content-Type",
                "value": "application/json",
                "disabled": false
              }
            ],
            "body": {
              "mode": "raw",
              "raw": "{\r\n  \"products\": [\r\n    {\r\n      \"productId\": \"1\",\r\n      \"productName\": \"Debit\"\r\n    }\r\n  ]\r\n}",
              "disabled": false
            },
            "description": "Fetches a list of valid models for the terminal products selected by the merchant."
          },
          "response": [
            {
              "header": [
                {
                  "key": "v-correlation-id",
                  "value": "",
                  "disabled": false
                },
                {
                  "key": "Content-Type",
                  "value": "application/json",
                  "disabled": false
                }
              ],
              "body": "{\r\n  \"terminalConfigs\": [\r\n    {\r\n      \"terminalModel\": \"VAR - WP Software LISO\",\r\n      \"additionalAttributes\": [\r\n        {\r\n          \"id\": \"id33\",\r\n          \"method\": \"method37\"\r\n        }\r\n      ],\r\n      \"purchasePrice\": \"168.12\",\r\n      \"leasePrice\": \"100.12\",\r\n      \"leasePrice24Months\": \"100.12\",\r\n      \"leasePrice36Months\": \"100.12\",\r\n      \"leasePrice48Months\": \"100.12\",\r\n      \"leasePrice60Months\": \"100.12\",\r\n      \"rentalPrice\": \"90\",\r\n      \"hardwareCost\": \"50.75\",\r\n      \"var\": true\r\n    }\r\n  ]\r\n}",
              "status": "Response is a list of valid terminal configurations.",
              "code": 200,
              "name": "Response_200",
              "id": "c262847b-aa40-4901-a34b-a4cb6e9dfff8"
            }
          ]
        },
        {
          "id": "c0cfc54e-5294-4624-bbfd-83f2d14822f1",
          "name": "GetAdditionalConfigurations",
          "request": {
            "url": {
              "protocol": "https",
              "host": "apis.cert.worldpay.com",
              "path": [
                "merchant-boarding",
                "v1",
                "terminal",
                "additional-configurations"
              ]
            },
            "method": "GET",
            "header": [
              {
                "key": "v-correlation-id",
                "value": "3fcb1437-4e52-4946-9ae1-e618351b6d16",
                "description": "Unique transaction Id. Will be generated if not provided and returned in response headers.",
                "disabled": false
              },
              {
                "key": "logicalApplicationId",
                "value": "1073",
                "description": "Logical App ID of the terminal.",
                "disabled": false
              },
              {
                "key": "Accept",
                "value": "application/json",
                "disabled": false
              }
            ],
            "body": {
              "mode": "raw",
              "disabled": false
            },
            "description": "Fetches a list of valid terminal customizations and peripherals, such as electing to password protect a void."
          },
          "response": [
            {
              "header": [
                {
                  "key": "v-correlation-id",
                  "value": "",
                  "disabled": false
                },
                {
                  "key": "Content-Type",
                  "value": "application/json",
                  "disabled": false
                }
              ],
              "body": "{\r\n  \"customizations\": [\r\n    {\r\n      \"customizationId\": \"1\",\r\n      \"customizationType\": \"time\",\r\n      \"useProductMatrix\": \"N\",\r\n      \"productId\": \"12\",\r\n      \"code\": \"CST01\",\r\n      \"customizationCodeDetails\": [\r\n        {\r\n          \"value\": \"H\",\r\n          \"shortDescription\": \"Host Auto Close\",\r\n          \"longDescription\": \"Host Auto Close\"\r\n        }\r\n      ],\r\n      \"customizationValue\": \"H\",\r\n      \"customizationFieldLength\": \"1\",\r\n      \"customizationDecimalPlace\": \"0\",\r\n      \"customizationMinValue\": \"0\",\r\n      \"customizationMaxValue\": \"6\",\r\n      \"charactersAllowed\": \"abcdefghijklmnopqrstuvwxyz\",\r\n      \"rule\": \"rule87\",\r\n      \"regex\": \"^[a-z]{1}\",\r\n      \"multiMerchantFlag\": false,\r\n      \"shortDescription\": \"CVV_PROMPTING\",\r\n      \"longDescription\": \"CVV_PROMPTING\"\r\n    }\r\n  ],\r\n  \"peripherals\": [\r\n    {\r\n      \"peripheralId\": \"35\",\r\n      \"model\": \"Pin Pad 1000 SE\",\r\n      \"shortDescription\": \"PP1S\",\r\n      \"longDescription\": \"PPAD\",\r\n      \"isEMVCertified\": true,\r\n      \"isEMVCapable\": true,\r\n      \"activePeripheralFlag\": \"Y\",\r\n      \"purchasePrice\": \"168.12\",\r\n      \"leasePrice\": \"100.12\",\r\n      \"leasePrice24Months\": \"100.12\",\r\n      \"leasePrice36Months\": \"100.12\",\r\n      \"leasePrice48Months\": \"100.12\",\r\n      \"leasePrice60Months\": \"100.12\",\r\n      \"rentalPrice\": \"90\",\r\n      \"hardwareCost\": \"50.75\"\r\n    }\r\n  ]\r\n}",
              "status": "Response is a list of valid terminal configurations.",
              "code": 200,
              "name": "Response_200",
              "id": "e87d0210-fbb8-4c7b-9060-aa711784c47f"
            }
          ]
        },
        {
          "id": "ba7fdff9-0c0c-4b24-9094-a3fc9a04f188",
          "name": "GetVARConfigurations",
          "request": {
            "url": {
              "protocol": "https",
              "host": "apis.cert.worldpay.com",
              "path": [
                "merchant-boarding",
                "v1",
                "terminal",
                "var-configs"
              ]
            },
            "method": "GET",
            "header": [
              {
                "key": "v-correlation-id",
                "value": "3fcb1437-4e52-4946-9ae1-e618351b6d16",
                "description": "Unique transaction Id. Will be generated if not provided and returned in response headers.",
                "disabled": false
              },
              {
                "key": "Accept",
                "value": "application/json",
                "disabled": false
              }
            ],
            "body": {
              "mode": "raw",
              "disabled": false
            },
            "description": "Response is a list of valid terminal customizations and peripherals for a value added reseller (VAR)."
          },
          "response": [
            {
              "header": [
                {
                  "key": "v-correlation-id",
                  "value": "",
                  "disabled": false
                },
                {
                  "key": "Content-Type",
                  "value": "application/json",
                  "disabled": false
                }
              ],
              "body": "{\r\n  \"gateways\": [\r\n    {\r\n      \"id\": \"id33\",\r\n      \"method\": \"method37\"\r\n    }\r\n  ],\r\n  \"paymentApplicationVendors\": [\r\n    {\r\n      \"vendorId\": \"4\",\r\n      \"vendorName\": \"Agilysys Inc\",\r\n      \"paymentApplications\": [\r\n        {\r\n          \"paymentApplicationId\": \"9\",\r\n          \"paymentApplicationName\": \"PurchaseExpress\"\r\n        }\r\n      ]\r\n    }\r\n  ]\r\n}",
              "status": "Response is a list of valid terminal configurations.",
              "code": 200,
              "name": "Response_200",
              "id": "41196853-0ab5-4de3-ad21-d7775c65a045"
            }
          ]
        }
      ]
    },
    {
      "name": "Equipment Product Version",
      "description": "",
      "item": [
        {
          "id": "1ec038fc-963d-4a73-b01f-71c185498593",
          "name": "GetProductVersion",
          "request": {
            "url": {
              "protocol": "https",
              "host": "apis.cert.worldpay.com",
              "path": [
                "merchant-boarding",
                "v1",
                "terminal",
                "productVersions"
              ]
            },
            "method": "GET",
            "header": [
              {
                "key": "v-correlation-id",
                "value": "3fcb1437-4e52-4946-9ae1-e618351b6d16",
                "description": "Unique transaction Id. Will be generated if not provided and returned in response headers.",
                "disabled": false
              },
              {
                "key": "Accept",
                "value": "application/json",
                "disabled": false
              }
            ],
            "body": {
              "mode": "raw",
              "disabled": false
            },
            "description": "Get a list of product versions sold or owned by the partner."
          },
          "response": [
            {
              "header": [
                {
                  "key": "v-correlation-id",
                  "value": "",
                  "disabled": false
                },
                {
                  "key": "Content-Type",
                  "value": "application/json",
                  "disabled": false
                }
              ],
              "body": "{\r\n  \"productVersions\": [\r\n    {\r\n      \"id\": 5549,\r\n      \"name\": \"Verifone Vx805 USB\"\r\n    }\r\n  ]\r\n}",
              "status": "Response is a list of valid terminal configurations.",
              "code": 200,
              "name": "Response_200",
              "id": "37653fe2-fecd-40d3-a20a-f8b9af064eb9"
            }
          ]
        },
        {
          "id": "f312ad2f-cf51-4d40-a737-b148fc4791ea",
          "name": "GetEquipmentByProductVersion",
          "request": {
            "url": {
              "protocol": "https",
              "host": "apis.cert.worldpay.com",
              "path": [
                "merchant-boarding",
                "v1",
                "terminal",
                "productVersions/:productVersionId/equipment"
              ],
              "variable": [
                {
                  "id": "productVersionId",
                  "key": "productVersionId",
                  "value": "146",
                  "type": "string",
                  "description": ""
                }
              ]
            },
            "method": "GET",
            "header": [
              {
                "key": "v-correlation-id",
                "value": "3fcb1437-4e52-4946-9ae1-e618351b6d16",
                "description": "Unique transaction Id. Will be generated if not provided and returned in response headers.",
                "disabled": false
              },
              {
                "key": "Accept",
                "value": "application/json",
                "disabled": false
              }
            ],
            "body": {
              "mode": "raw",
              "disabled": false
            },
            "description": "Get a list of equipment options by product version."
          },
          "response": [
            {
              "header": [
                {
                  "key": "v-correlation-id",
                  "value": "",
                  "disabled": false
                },
                {
                  "key": "Content-Type",
                  "value": "application/json",
                  "disabled": false
                }
              ],
              "body": "{\r\n  \"equipment\": [\r\n    {\r\n      \"id\": 5549,\r\n      \"name\": \"Ingenico iPP320 IP Cloud\",\r\n      \"deviceType\": \"Integrated\",\r\n      \"retailPrice\": 100,\r\n      \"cost\": 75\r\n    }\r\n  ]\r\n}",
              "status": "Equipment associated with a specific product version ID.",
              "code": 200,
              "name": "Response_200",
              "id": "f30b0d83-5531-41e4-9a0f-d9b2f13534f3"
            }
          ]
        }
      ]
    },
    {
      "name": "Partner Agreements",
      "description": "",
      "item": [
        {
          "id": "08823e60-40cd-40c2-98ec-d5e6e176af48",
          "name": "GetPartnerAgreement",
          "request": {
            "url": {
              "protocol": "https",
              "host": "apis.cert.worldpay.com",
              "path": [
                "merchant-boarding",
                "v1",
                "terminal",
                "partnerAgreements"
              ]
            },
            "method": "GET",
            "header": [
              {
                "key": "v-correlation-id",
                "value": "3fcb1437-4e52-4946-9ae1-e618351b6d16",
                "description": "Unique transaction Id. Will be generated if not provided and returned in response headers.",
                "disabled": false
              },
              {
                "key": "Accept",
                "value": "application/json",
                "disabled": false
              }
            ],
            "body": {
              "mode": "raw",
              "disabled": false
            },
            "description": "Get a list of agreement available for the partner."
          },
          "response": [
            {
              "header": [
                {
                  "key": "v-correlation-id",
                  "value": "",
                  "disabled": false
                },
                {
                  "key": "Content-Type",
                  "value": "application/json",
                  "disabled": false
                }
              ],
              "body": "{\r\n  \"partnerAgreements\": [\r\n    {\r\n      \"id\": 131,\r\n      \"name\": \"name80\"\r\n    }\r\n  ]\r\n}",
              "status": "Response is a list of valid partner agreement.",
              "code": 200,
              "name": "Response_200",
              "id": "e25b2f24-b1fb-4e2a-8256-ed7cb8ed8e9b"
            }
          ]
        }
      ]
    }
  ],
  "variable": [],
  "auth": {
    "type": "apikey",
    "apikey": {
      "key": "Authorization",
      "value": "Authorization33",
      "in": "header"
    }
  }
}