{
  "swaggerVersion": "1.2",
  "basePath": "https://apis.cert.worldpay.com/merchant-boarding/v1/terminal",
  "resourcePath": "/",
  "apis": [
    {
      "path": "/access-methods",
      "operations": [
        {
          "method": "GET",
          "summary": "Response is a list of all possible terminal access methods, such as dial and SSL.",
          "nickname": "GetAccessMethods",
          "parameters": [
            {
              "name": "v-correlation-id",
              "description": "Unique transaction Id. Will be generated if not provided and returned in response headers.",
              "paramType": "header",
              "required": false,
              "allowMultiple": false,
              "defaultValue": "",
              "uniqueItems": false,
              "type": "string"
            }
          ],
          "authorizations": {
            "api_key": []
          },
          "produces": [
            "application/json"
          ],
          "responseMessages": [],
          "uniqueItems": false,
          "$ref": "MethodResponse"
        }
      ]
    },
    {
      "path": "/payment-methods",
      "operations": [
        {
          "method": "GET",
          "summary": "Fetches a list of terminal payment methods.",
          "nickname": "GetPaymentMethods",
          "parameters": [
            {
              "name": "v-correlation-id",
              "description": "Unique transaction Id. Will be generated if not provided and returned in response headers.",
              "paramType": "header",
              "required": false,
              "allowMultiple": false,
              "defaultValue": "",
              "uniqueItems": false,
              "type": "string"
            }
          ],
          "authorizations": {
            "api_key": []
          },
          "produces": [
            "application/json"
          ],
          "responseMessages": [],
          "uniqueItems": false,
          "$ref": "MethodResponse"
        }
      ]
    },
    {
      "path": "/environments",
      "operations": [
        {
          "method": "GET",
          "summary": "Fetches a list of valid terminal environments for a given business, market or industry type.",
          "nickname": "GetEnvironments",
          "parameters": [
            {
              "name": "v-correlation-id",
              "description": "Unique transaction Id. Will be generated if not provided and returned in response headers.",
              "paramType": "header",
              "required": false,
              "allowMultiple": false,
              "defaultValue": "",
              "uniqueItems": false,
              "type": "string"
            }
          ],
          "authorizations": {
            "api_key": []
          },
          "produces": [
            "application/json"
          ],
          "responseMessages": [],
          "uniqueItems": false,
          "$ref": "EnvironmentsResponse"
        }
      ]
    },
    {
      "path": "/products",
      "operations": [
        {
          "method": "GET",
          "summary": "Fetches a list of valid terminal products for a given business, merchant, or industry type. Note: Only debit and credit cards are currently enabled.",
          "nickname": "GetProducts",
          "parameters": [
            {
              "name": "environmentName",
              "description": "",
              "paramType": "header",
              "required": true,
              "allowMultiple": false,
              "defaultValue": "",
              "uniqueItems": false,
              "type": "string"
            },
            {
              "name": "v-correlation-id",
              "description": "Unique transaction Id. Will be generated if not provided and returned in response headers.",
              "paramType": "header",
              "required": false,
              "allowMultiple": false,
              "defaultValue": "",
              "uniqueItems": false,
              "type": "string"
            }
          ],
          "authorizations": {
            "api_key": []
          },
          "produces": [
            "application/json"
          ],
          "responseMessages": [],
          "uniqueItems": false,
          "$ref": "Products"
        }
      ]
    },
    {
      "path": "/terminal-models",
      "operations": [
        {
          "method": "POST",
          "summary": "Fetches a list of valid models for the terminal products selected by the merchant.",
          "nickname": "GetTerminalModels",
          "parameters": [
            {
              "name": "environmentName",
              "description": "Business, market or industry type.",
              "paramType": "header",
              "required": true,
              "allowMultiple": false,
              "defaultValue": "",
              "uniqueItems": false,
              "type": "string"
            },
            {
              "name": "body",
              "description": "",
              "paramType": "body",
              "required": true,
              "allowMultiple": false,
              "defaultValue": "",
              "uniqueItems": false,
              "type": "Products"
            },
            {
              "name": "content-Type",
              "description": "Indicates the media type of the request-body. Accepts application/json.",
              "paramType": "header",
              "required": false,
              "allowMultiple": false,
              "defaultValue": "application/json",
              "enum": [
                "application/json"
              ],
              "uniqueItems": false,
              "type": "string"
            },
            {
              "name": "v-correlation-id",
              "description": "Unique transaction Id. Will be generated if not provided and returned in response headers.",
              "paramType": "header",
              "required": false,
              "allowMultiple": false,
              "defaultValue": "",
              "uniqueItems": false,
              "type": "string"
            },
            {
              "name": "emvCapable",
              "description": "EMV capable and certified.",
              "paramType": "header",
              "required": false,
              "allowMultiple": false,
              "defaultValue": "",
              "uniqueItems": false,
              "type": "string"
            },
            {
              "name": "multiMerchCapable",
              "description": "MultiMerchCapable.",
              "paramType": "header",
              "required": false,
              "allowMultiple": false,
              "defaultValue": "",
              "uniqueItems": false,
              "type": "string"
            },
            {
              "name": "accessMethod",
              "description": "accessMethod",
              "paramType": "header",
              "required": false,
              "allowMultiple": false,
              "defaultValue": "",
              "uniqueItems": false,
              "type": "string"
            }
          ],
          "authorizations": {
            "api_key": []
          },
          "produces": [
            "application/json"
          ],
          "consumes": [
            "application/json"
          ],
          "responseMessages": [],
          "uniqueItems": false,
          "$ref": "TerminalConfigResponse"
        }
      ]
    },
    {
      "path": "/additional-configurations",
      "operations": [
        {
          "method": "GET",
          "summary": "Fetches a list of valid terminal customizations and peripherals, such as electing to password protect a void.",
          "nickname": "GetAdditionalConfigurations",
          "parameters": [
            {
              "name": "v-correlation-id",
              "description": "Unique transaction Id. Will be generated if not provided and returned in response headers.",
              "paramType": "header",
              "required": false,
              "allowMultiple": false,
              "defaultValue": "",
              "uniqueItems": false,
              "type": "string"
            },
            {
              "name": "logicalApplicationId",
              "description": "Logical App ID of the terminal.",
              "paramType": "header",
              "required": false,
              "allowMultiple": false,
              "defaultValue": "",
              "uniqueItems": false,
              "type": "string"
            }
          ],
          "authorizations": {
            "api_key": []
          },
          "produces": [
            "application/json"
          ],
          "responseMessages": [],
          "uniqueItems": false,
          "$ref": "AdditionalConfigurationsResponse"
        }
      ]
    },
    {
      "path": "/var-configs",
      "operations": [
        {
          "method": "GET",
          "summary": "Response is a list of valid terminal customizations and peripherals for a value added reseller (VAR).",
          "nickname": "GetVARConfigurations",
          "parameters": [
            {
              "name": "v-correlation-id",
              "description": "Unique transaction Id. Will be generated if not provided and returned in response headers.",
              "paramType": "header",
              "required": false,
              "allowMultiple": false,
              "defaultValue": "",
              "uniqueItems": false,
              "type": "string"
            }
          ],
          "authorizations": {
            "api_key": []
          },
          "produces": [
            "application/json"
          ],
          "responseMessages": [],
          "uniqueItems": false,
          "$ref": "VARConfigResponse"
        }
      ]
    },
    {
      "path": "/productVersions",
      "operations": [
        {
          "method": "GET",
          "summary": "Get a list of product versions sold or owned by the partner.",
          "nickname": "GetProductVersion",
          "parameters": [
            {
              "name": "v-correlation-id",
              "description": "Unique transaction Id. Will be generated if not provided and returned in response headers.",
              "paramType": "header",
              "required": false,
              "allowMultiple": false,
              "defaultValue": "",
              "uniqueItems": false,
              "type": "string"
            }
          ],
          "authorizations": {
            "api_key": []
          },
          "produces": [
            "application/json"
          ],
          "responseMessages": [],
          "uniqueItems": false,
          "$ref": "ProductVersionsResponse"
        }
      ]
    },
    {
      "path": "/productVersions/{productVersionId}/equipment",
      "operations": [
        {
          "method": "GET",
          "summary": "Get a list of equipment options by product version.",
          "nickname": "GetEquipmentByProductVersion",
          "parameters": [
            {
              "name": "productVersionId",
              "description": "",
              "paramType": "path",
              "required": true,
              "allowMultiple": false,
              "defaultValue": "",
              "minimum": "",
              "maximum": "",
              "uniqueItems": false,
              "type": "integer",
              "format": "int32"
            },
            {
              "name": "v-correlation-id",
              "description": "Unique transaction Id. Will be generated if not provided and returned in response headers.",
              "paramType": "header",
              "required": false,
              "allowMultiple": false,
              "defaultValue": "",
              "uniqueItems": false,
              "type": "string"
            }
          ],
          "authorizations": {
            "api_key": []
          },
          "produces": [
            "application/json"
          ],
          "responseMessages": [],
          "uniqueItems": false,
          "$ref": "LookupEquipmentResponse"
        }
      ]
    },
    {
      "path": "/partnerAgreements",
      "operations": [
        {
          "method": "GET",
          "summary": "Get a list of agreement available for the partner.",
          "nickname": "GetPartnerAgreement",
          "parameters": [
            {
              "name": "v-correlation-id",
              "description": "Unique transaction Id. Will be generated if not provided and returned in response headers.",
              "paramType": "header",
              "required": false,
              "allowMultiple": false,
              "defaultValue": "",
              "uniqueItems": false,
              "type": "string"
            }
          ],
          "authorizations": {
            "api_key": []
          },
          "produces": [
            "application/json"
          ],
          "responseMessages": [],
          "uniqueItems": false,
          "$ref": "PartnerAgreementsResponse"
        }
      ]
    }
  ],
  "models": {
    "MethodResponse": {
      "id": "MethodResponse",
      "required": [],
      "properties": {
        "method": {
          "description": "",
          "items": {
            "$ref": "Method"
          },
          "defaultValue": "",
          "uniqueItems": false,
          "type": "array"
        }
      }
    },
    "Method": {
      "id": "Method",
      "required": [],
      "properties": {
        "id": {
          "description": "",
          "defaultValue": "",
          "uniqueItems": false,
          "type": "string"
        },
        "method": {
          "description": "",
          "defaultValue": "",
          "uniqueItems": false,
          "type": "string"
        }
      }
    },
    "EnvironmentsResponse": {
      "id": "EnvironmentsResponse",
      "required": [],
      "properties": {
        "environments": {
          "description": "",
          "items": {
            "$ref": "Environment"
          },
          "defaultValue": "",
          "uniqueItems": false,
          "type": "array"
        }
      }
    },
    "Environment": {
      "id": "Environment",
      "required": [],
      "properties": {
        "id": {
          "description": "Environment ID is internally populated.",
          "defaultValue": "",
          "uniqueItems": false,
          "type": "string"
        },
        "name": {
          "description": "Name of the environment. Retail, Restaurant etc.  Business, market, or industry type.",
          "defaultValue": "",
          "uniqueItems": false,
          "type": "string"
        }
      }
    },
    "Products": {
      "id": "Products",
      "required": [],
      "properties": {
        "products": {
          "description": "",
          "items": {
            "$ref": "LookupProduct"
          },
          "defaultValue": "",
          "uniqueItems": false,
          "type": "array"
        }
      }
    },
    "LookupProduct": {
      "id": "LookupProduct",
      "required": [],
      "properties": {
        "productId": {
          "description": "Product ID is populated internally.",
          "defaultValue": "",
          "uniqueItems": false,
          "type": "string"
        },
        "productName": {
          "description": "Payment method associated with the internally populated ID.",
          "defaultValue": "",
          "uniqueItems": false,
          "type": "string"
        }
      }
    },
    "TerminalConfigResponse": {
      "id": "TerminalConfigResponse",
      "required": [],
      "properties": {
        "terminalConfigs": {
          "description": "",
          "items": {
            "$ref": "LookupTerminalConfig"
          },
          "defaultValue": "",
          "uniqueItems": false,
          "type": "array"
        }
      }
    },
    "LookupTerminalConfig": {
      "id": "LookupTerminalConfig",
      "required": [],
      "properties": {
        "terminalModel": {
          "description": "The model name of the terminal in use.",
          "defaultValue": "",
          "uniqueItems": false,
          "type": "string"
        },
        "additionalAttributes": {
          "description": "Terminal application information such as logical application, front end application and terminal ID.",
          "items": {
            "$ref": "Method"
          },
          "defaultValue": "",
          "uniqueItems": false,
          "type": "array"
        },
        "purchasePrice": {
          "description": "purchase price of the terminal",
          "defaultValue": "",
          "uniqueItems": false,
          "type": "string"
        },
        "leasePrice": {
          "description": "lease price of the terminal",
          "defaultValue": "",
          "uniqueItems": false,
          "type": "string"
        },
        "leasePrice24Months": {
          "description": "lease price of the peripheral for 24 months",
          "defaultValue": "",
          "uniqueItems": false,
          "type": "string"
        },
        "leasePrice36Months": {
          "description": "lease price of the peripheral for 36 months",
          "defaultValue": "",
          "uniqueItems": false,
          "type": "string"
        },
        "leasePrice48Months": {
          "description": "lease price of the peripheral for 48 months",
          "defaultValue": "",
          "uniqueItems": false,
          "type": "string"
        },
        "leasePrice60Months": {
          "description": "lease price of the peripheral for 60 months",
          "defaultValue": "",
          "uniqueItems": false,
          "type": "string"
        },
        "rentalPrice": {
          "description": "rental price of the terminal",
          "defaultValue": "",
          "uniqueItems": false,
          "type": "string"
        },
        "hardwareCost": {
          "description": "hardware cost of the terminal",
          "defaultValue": "",
          "uniqueItems": false,
          "type": "string"
        },
        "var": {
          "description": "",
          "defaultValue": "",
          "uniqueItems": false,
          "type": "boolean"
        }
      }
    },
    "AdditionalConfigurationsResponse": {
      "id": "AdditionalConfigurationsResponse",
      "required": [],
      "properties": {
        "customizations": {
          "description": "",
          "items": {
            "$ref": "LookupCustomization"
          },
          "defaultValue": "",
          "uniqueItems": false,
          "type": "array"
        },
        "peripherals": {
          "description": "",
          "items": {
            "$ref": "LookupPeripheral"
          },
          "defaultValue": "",
          "uniqueItems": false,
          "type": "array"
        }
      }
    },
    "LookupCustomization": {
      "id": "LookupCustomization",
      "required": [],
      "properties": {
        "customizationId": {
          "description": "Customization Id is internally populated from a master list.",
          "defaultValue": "",
          "uniqueItems": false,
          "type": "string"
        },
        "customizationType": {
          "description": "type of customization",
          "defaultValue": "",
          "uniqueItems": false,
          "type": "string"
        },
        "useProductMatrix": {
          "description": "Whether or not used in product matrix",
          "defaultValue": "",
          "uniqueItems": false,
          "type": "string"
        },
        "productId": {
          "description": "unique ID for the product",
          "defaultValue": "",
          "uniqueItems": false,
          "type": "string"
        },
        "code": {
          "description": "product code",
          "defaultValue": "",
          "uniqueItems": false,
          "type": "string"
        },
        "customizationCodeDetails": {
          "description": "",
          "items": {
            "$ref": "CustomizationCodeDetails"
          },
          "defaultValue": "",
          "uniqueItems": false,
          "type": "array"
        },
        "customizationValue": {
          "description": "Actual Customization Value",
          "defaultValue": "",
          "uniqueItems": false,
          "type": "string"
        },
        "customizationFieldLength": {
          "description": "Length of the customization value",
          "defaultValue": "",
          "uniqueItems": false,
          "type": "string"
        },
        "customizationDecimalPlace": {
          "description": "Number of decimal places",
          "defaultValue": "",
          "uniqueItems": false,
          "type": "string"
        },
        "customizationMinValue": {
          "description": "Minimum Value. Only applicable if the customization value is a number",
          "defaultValue": "",
          "uniqueItems": false,
          "type": "string"
        },
        "customizationMaxValue": {
          "description": "Maximum Value. Only applicable if the customization value is a number",
          "defaultValue": "",
          "uniqueItems": false,
          "type": "string"
        },
        "charactersAllowed": {
          "description": "All characters allowed for customization. Only applicable if the customization value is a string.",
          "defaultValue": "",
          "uniqueItems": false,
          "type": "string"
        },
        "rule": {
          "description": "customization rule",
          "defaultValue": "",
          "uniqueItems": false,
          "type": "string"
        },
        "regex": {
          "description": "Regular expression to validate the customization value",
          "defaultValue": "",
          "uniqueItems": false,
          "type": "string"
        },
        "multiMerchantFlag": {
          "description": "Applicable in a multiple merchant situation",
          "defaultValue": "false",
          "uniqueItems": false,
          "type": "boolean"
        },
        "shortDescription": {
          "description": "Description of the customization",
          "defaultValue": "",
          "uniqueItems": false,
          "type": "string"
        },
        "longDescription": {
          "description": "Verbose description of the customiztion",
          "defaultValue": "",
          "uniqueItems": false,
          "type": "string"
        }
      }
    },
    "CustomizationCodeDetails": {
      "id": "CustomizationCodeDetails",
      "required": [],
      "properties": {
        "value": {
          "description": "customization code",
          "defaultValue": "",
          "uniqueItems": false,
          "type": "string"
        },
        "shortDescription": {
          "description": "short description of the customization code",
          "defaultValue": "",
          "uniqueItems": false,
          "type": "string"
        },
        "longDescription": {
          "description": "long description of the customization code",
          "defaultValue": "",
          "uniqueItems": false,
          "type": "string"
        }
      }
    },
    "LookupPeripheral": {
      "id": "LookupPeripheral",
      "required": [],
      "properties": {
        "peripheralId": {
          "description": "Peripheral IDs are internally populated.",
          "defaultValue": "",
          "uniqueItems": false,
          "type": "string"
        },
        "model": {
          "description": "Peripheral Name",
          "defaultValue": "",
          "uniqueItems": false,
          "type": "string"
        },
        "shortDescription": {
          "description": "Description of the peripheral",
          "defaultValue": "",
          "uniqueItems": false,
          "type": "string"
        },
        "longDescription": {
          "description": "Verbose description of the peripheral",
          "defaultValue": "",
          "uniqueItems": false,
          "type": "string"
        },
        "isEMVCertified": {
          "description": "Whether peripheral is EMV certified",
          "defaultValue": "",
          "uniqueItems": false,
          "type": "boolean"
        },
        "isEMVCapable": {
          "description": "Whether peripheral is EMV Capable",
          "defaultValue": "",
          "uniqueItems": false,
          "type": "boolean"
        },
        "activePeripheralFlag": {
          "description": "",
          "defaultValue": "",
          "uniqueItems": false,
          "type": "string"
        },
        "purchasePrice": {
          "description": "purchase price of the peripheral",
          "defaultValue": "",
          "uniqueItems": false,
          "type": "string"
        },
        "leasePrice": {
          "description": "lease price of the peripheral",
          "defaultValue": "",
          "uniqueItems": false,
          "type": "string"
        },
        "leasePrice24Months": {
          "description": "lease price of the peripheral for 24 months",
          "defaultValue": "",
          "uniqueItems": false,
          "type": "string"
        },
        "leasePrice36Months": {
          "description": "lease price of the peripheral for 36 months",
          "defaultValue": "",
          "uniqueItems": false,
          "type": "string"
        },
        "leasePrice48Months": {
          "description": "lease price of the peripheral for 48 months",
          "defaultValue": "",
          "uniqueItems": false,
          "type": "string"
        },
        "leasePrice60Months": {
          "description": "lease price of the peripheral for 60 months",
          "defaultValue": "",
          "uniqueItems": false,
          "type": "string"
        },
        "rentalPrice": {
          "description": "rental price of the peripheral",
          "defaultValue": "",
          "uniqueItems": false,
          "type": "string"
        },
        "hardwareCost": {
          "description": "hardware cost of the terminal",
          "defaultValue": "",
          "uniqueItems": false,
          "type": "string"
        }
      }
    },
    "VARConfigResponse": {
      "id": "VARConfigResponse",
      "required": [],
      "properties": {
        "gateways": {
          "description": "",
          "items": {
            "$ref": "Method"
          },
          "defaultValue": "",
          "uniqueItems": false,
          "type": "array"
        },
        "paymentApplicationVendors": {
          "description": "",
          "items": {
            "$ref": "LookupPaymentApplicationVendor"
          },
          "defaultValue": "",
          "uniqueItems": false,
          "type": "array"
        }
      }
    },
    "LookupPaymentApplicationVendor": {
      "id": "LookupPaymentApplicationVendor",
      "description": "A Payment Application is installed software developed for processing various payment types: Credit, Debit, Gift, Checks, etc. and can be integrated with a POS system or used in a standalone manner.",
      "required": [],
      "properties": {
        "vendorId": {
          "description": "Vendor ID for the payment application",
          "defaultValue": "",
          "uniqueItems": false,
          "type": "string"
        },
        "vendorName": {
          "description": "name of the terminal vendor",
          "defaultValue": "",
          "uniqueItems": false,
          "type": "string"
        },
        "paymentApplications": {
          "description": "",
          "items": {
            "$ref": "PaymentApplication"
          },
          "defaultValue": "",
          "uniqueItems": false,
          "type": "array"
        }
      }
    },
    "PaymentApplication": {
      "id": "PaymentApplication",
      "required": [],
      "properties": {
        "paymentApplicationId": {
          "description": "Payment application ID",
          "defaultValue": "",
          "uniqueItems": false,
          "type": "string"
        },
        "paymentApplicationName": {
          "description": "",
          "defaultValue": "",
          "uniqueItems": false,
          "type": "string"
        }
      }
    },
    "ProductVersionsResponse": {
      "id": "ProductVersionsResponse",
      "required": [],
      "properties": {
        "productVersions": {
          "description": "",
          "items": {
            "$ref": "ProductVersion"
          },
          "defaultValue": "",
          "uniqueItems": false,
          "type": "array"
        }
      }
    },
    "ProductVersion": {
      "id": "ProductVersion",
      "description": "Partner product versions that the partner (developer) owns or sells (dealer).",
      "required": [],
      "properties": {
        "id": {
          "description": "",
          "defaultValue": "",
          "minimum": "",
          "maximum": "",
          "uniqueItems": false,
          "type": "integer",
          "format": "int32"
        },
        "name": {
          "description": "",
          "defaultValue": "",
          "uniqueItems": false,
          "type": "string"
        }
      }
    },
    "LookupEquipmentResponse": {
      "id": "LookupEquipmentResponse",
      "required": [],
      "properties": {
        "equipment": {
          "description": "",
          "items": {
            "$ref": "LookupEquipment"
          },
          "defaultValue": "",
          "uniqueItems": false,
          "type": "array"
        }
      }
    },
    "LookupEquipment": {
      "id": "LookupEquipment",
      "description": "Equipment details for the partner.",
      "required": [],
      "properties": {
        "id": {
          "description": "",
          "defaultValue": "",
          "minimum": "",
          "maximum": "",
          "uniqueItems": false,
          "type": "integer",
          "format": "int32"
        },
        "name": {
          "description": "",
          "defaultValue": "",
          "uniqueItems": false,
          "type": "string"
        },
        "deviceType": {
          "description": "",
          "defaultValue": "",
          "uniqueItems": false,
          "type": "string"
        },
        "retailPrice": {
          "description": "",
          "defaultValue": "",
          "minimum": "",
          "maximum": "",
          "uniqueItems": false,
          "type": "integer",
          "format": "int32"
        },
        "cost": {
          "description": "",
          "defaultValue": "",
          "minimum": "",
          "maximum": "",
          "uniqueItems": false,
          "type": "integer",
          "format": "int32"
        }
      }
    },
    "PartnerAgreementsResponse": {
      "id": "PartnerAgreementsResponse",
      "required": [],
      "properties": {
        "partnerAgreements": {
          "description": "",
          "items": {
            "$ref": "PartnerAgreements"
          },
          "defaultValue": "",
          "uniqueItems": false,
          "type": "array"
        }
      }
    },
    "PartnerAgreements": {
      "id": "PartnerAgreements",
      "description": "Partner Agreements which are available and active.",
      "required": [],
      "properties": {
        "id": {
          "description": "Agreement id.",
          "defaultValue": "",
          "minimum": "",
          "maximum": "",
          "uniqueItems": false,
          "type": "integer",
          "format": "int32"
        },
        "name": {
          "description": "Agreement name.",
          "defaultValue": "",
          "uniqueItems": false,
          "type": "string"
        }
      }
    },
    "ErrorResponse": {
      "id": "ErrorResponse",
      "required": [],
      "properties": {
        "httpStatusCode": {
          "description": "",
          "defaultValue": "",
          "minimum": "",
          "maximum": "",
          "uniqueItems": false,
          "type": "integer",
          "format": "int32"
        },
        "httpStatusMessage": {
          "description": "",
          "defaultValue": "",
          "uniqueItems": false,
          "type": "string"
        },
        "errors": {
          "description": "",
          "items": {
            "$ref": "Error"
          },
          "defaultValue": "",
          "uniqueItems": false,
          "type": "array"
        }
      }
    },
    "Error": {
      "id": "Error",
      "required": [],
      "properties": {
        "errorCode": {
          "description": "",
          "defaultValue": "",
          "uniqueItems": false,
          "type": "string"
        },
        "errorMessage": {
          "description": "",
          "defaultValue": "",
          "uniqueItems": false,
          "type": "string"
        },
        "target": {
          "description": "",
          "defaultValue": "",
          "uniqueItems": false,
          "type": "string"
        }
      }
    }
  },
  "authorizations": {
    "api_key": {
      "passAs": "header",
      "keyname": "Authorization",
      "type": "apiKey"
    }
  },
  "consumes": [
    "application/json"
  ],
  "produces": [
    "application/json"
  ]
}