{
  "id": "d7352cae-ab50-4b49-97ce-a3843d3a78b0",
  "name": "Launchpad Equipment Lookup API",
  "description": "Worldpay's Lookup API works in conjunction with the Launchpad Merchant Boarding and Launchpad Lead API to retrieve information regarding specific equipment products and partner agreemnts a can use for a application and lead. Please see the Getting Started page for more information.   </br> </br> To contact our certifications team, please email <a href=\"mailto:Certification2@fisglobal.com\">Certification2@fisglobal.com</a>.   </br> To contact the product team, please email <a href=\"mailto:APICustomerIntegration@fisglobal.com\">APICustomerIntegration@fisglobal.com</a>.   \n # Authentication \n<SecurityDefinitions />",
  "order": [],
  "folders": [
    {
      "id": "0c6051ae-8980-43f8-8478-04787cfdcc49",
      "name": "Equipment Terminal VAR",
      "description": "",
      "order": [
        "796d395d-b388-4722-a8b7-bcb536dffdbc",
        "66521089-4f01-4a44-99f3-d2caa8029fbf",
        "42559872-6cc2-42ec-805f-a37858c5b203",
        "3336f061-7d3b-4f23-9ccc-b282e344bb27",
        "f9617c95-90e5-46fd-9965-34b9b38510c1",
        "2dee7790-2a1c-4e43-b9fb-cc52f58cb1e4",
        "762ac46f-93c7-4a1a-8dea-337a0f4a9171"
      ],
      "collection_id": "d7352cae-ab50-4b49-97ce-a3843d3a78b0"
    },
    {
      "id": "f398323e-4fea-4942-acfd-ab4b515d2b64",
      "name": "Equipment Product Version",
      "description": "",
      "order": [
        "ea3269f2-ae36-4b74-b16a-95333a3b2ea3",
        "432ccd62-ff59-4af9-b2d2-5dfde87f7006"
      ],
      "collection_id": "d7352cae-ab50-4b49-97ce-a3843d3a78b0"
    },
    {
      "id": "c584987b-5bf4-4b77-ba71-708b5d27860e",
      "name": "Partner Agreements",
      "description": "",
      "order": [
        "6eab5e62-adae-4f3f-86af-ca1d162d80a6"
      ],
      "collection_id": "d7352cae-ab50-4b49-97ce-a3843d3a78b0"
    }
  ],
  "requests": [
    {
      "folder": "0c6051ae-8980-43f8-8478-04787cfdcc49",
      "id": "796d395d-b388-4722-a8b7-bcb536dffdbc",
      "name": "GetAccessMethods",
      "dataDisabled": false,
      "descriptionFormat": "markdown",
      "description": "Response is a list of all possible terminal access methods, such as dial and SSL.",
      "headers": "v-correlation-id:3fcb1437-4e52-4946-9ae1-e618351b6d16\r\nAccept:application/json\r\n",
      "method": "GET",
      "pathVariables": {},
      "url": "https://apis.cert.worldpay.com/merchant-boarding/v1/terminal/access-methods",
      "responses": [
        {
          "request": "796d395d-b388-4722-a8b7-bcb536dffdbc",
          "id": "35881d7e-fe0a-41ef-b71e-45a426dfcc3a",
          "name": "Response_200",
          "status": "Response is a list of valid terminal access methods.",
          "responseCode": {
            "code": 200,
            "name": "200",
            "detail": "Response is a list of valid terminal access methods."
          },
          "headers": [
            {
              "name": "v-correlation-id",
              "key": "v-correlation-id",
              "value": "3fcb1437-4e52-4946-9ae1-e618351b6d16",
              "description": "Unique transaction Id. Will be generated if not provided and returned in response headers."
            },
            {
              "key": "Content-Type",
              "value": "application/json"
            }
          ],
          "mime": "application/json",
          "text": "{\r\n  \"method\": [\r\n    {\r\n      \"id\": \"id92\",\r\n      \"method\": \"method98\"\r\n    }\r\n  ]\r\n}",
          "language": "Text",
          "rawDataType": "text"
        }
      ],
      "collectionId": "d7352cae-ab50-4b49-97ce-a3843d3a78b0",
      "queryParams": [],
      "headerData": [
        {
          "key": "v-correlation-id",
          "value": "3fcb1437-4e52-4946-9ae1-e618351b6d16",
          "description": "Unique transaction Id. Will be generated if not provided and returned in response headers."
        },
        {
          "key": "Accept",
          "value": "application/json"
        }
      ],
      "pathVariableData": []
    },
    {
      "folder": "0c6051ae-8980-43f8-8478-04787cfdcc49",
      "id": "66521089-4f01-4a44-99f3-d2caa8029fbf",
      "name": "GetPaymentMethods",
      "dataDisabled": false,
      "descriptionFormat": "markdown",
      "description": "Fetches a list of terminal payment methods.",
      "headers": "v-correlation-id:3fcb1437-4e52-4946-9ae1-e618351b6d16\r\nAccept:application/json\r\n",
      "method": "GET",
      "pathVariables": {},
      "url": "https://apis.cert.worldpay.com/merchant-boarding/v1/terminal/payment-methods",
      "responses": [
        {
          "request": "66521089-4f01-4a44-99f3-d2caa8029fbf",
          "id": "bc6ee7cd-ec8e-4f10-95ea-0bddfb6ce727",
          "name": "Response_200",
          "status": "Response is a list of valid terminal payment methods such as debit or credit card.",
          "responseCode": {
            "code": 200,
            "name": "200",
            "detail": "Response is a list of valid terminal payment methods such as debit or credit card."
          },
          "headers": [
            {
              "name": "v-correlation-id",
              "key": "v-correlation-id",
              "value": "3fcb1437-4e52-4946-9ae1-e618351b6d16",
              "description": "Unique transaction Id. Will be generated if not provided and returned in response headers."
            },
            {
              "key": "Content-Type",
              "value": "application/json"
            }
          ],
          "mime": "application/json",
          "text": "{\r\n  \"method\": [\r\n    {\r\n      \"id\": \"id92\",\r\n      \"method\": \"method98\"\r\n    }\r\n  ]\r\n}",
          "language": "Text",
          "rawDataType": "text"
        }
      ],
      "collectionId": "d7352cae-ab50-4b49-97ce-a3843d3a78b0",
      "queryParams": [],
      "headerData": [
        {
          "key": "v-correlation-id",
          "value": "3fcb1437-4e52-4946-9ae1-e618351b6d16",
          "description": "Unique transaction Id. Will be generated if not provided and returned in response headers."
        },
        {
          "key": "Accept",
          "value": "application/json"
        }
      ],
      "pathVariableData": []
    },
    {
      "folder": "0c6051ae-8980-43f8-8478-04787cfdcc49",
      "id": "42559872-6cc2-42ec-805f-a37858c5b203",
      "name": "GetEnvironments",
      "dataDisabled": false,
      "descriptionFormat": "markdown",
      "description": "Fetches a list of valid terminal environments for a given business, market or industry type.",
      "headers": "v-correlation-id:3fcb1437-4e52-4946-9ae1-e618351b6d16\r\nAccept:application/json\r\n",
      "method": "GET",
      "pathVariables": {},
      "url": "https://apis.cert.worldpay.com/merchant-boarding/v1/terminal/environments",
      "responses": [
        {
          "request": "42559872-6cc2-42ec-805f-a37858c5b203",
          "id": "92641d4d-7318-4f2c-86dd-cc155a0039b5",
          "name": "Response_200",
          "status": "Response is a list of valid terminal environments.",
          "responseCode": {
            "code": 200,
            "name": "200",
            "detail": "Response is a list of valid terminal environments."
          },
          "headers": [
            {
              "name": "v-correlation-id",
              "key": "v-correlation-id",
              "value": "3fcb1437-4e52-4946-9ae1-e618351b6d16",
              "description": "Unique transaction Id. Will be generated if not provided and returned in response headers."
            },
            {
              "key": "Content-Type",
              "value": "application/json"
            }
          ],
          "mime": "application/json",
          "text": "{\r\n  \"environments\": [\r\n    {\r\n      \"id\": \"7\",\r\n      \"name\": \"Mini Rental\"\r\n    }\r\n  ]\r\n}",
          "language": "Text",
          "rawDataType": "text"
        }
      ],
      "collectionId": "d7352cae-ab50-4b49-97ce-a3843d3a78b0",
      "queryParams": [],
      "headerData": [
        {
          "key": "v-correlation-id",
          "value": "3fcb1437-4e52-4946-9ae1-e618351b6d16",
          "description": "Unique transaction Id. Will be generated if not provided and returned in response headers."
        },
        {
          "key": "Accept",
          "value": "application/json"
        }
      ],
      "pathVariableData": []
    },
    {
      "folder": "0c6051ae-8980-43f8-8478-04787cfdcc49",
      "id": "3336f061-7d3b-4f23-9ccc-b282e344bb27",
      "name": "GetProducts",
      "dataDisabled": false,
      "descriptionFormat": "markdown",
      "description": "Fetches a list of valid terminal products for a given business, merchant, or industry type. Note: Only debit and credit cards are currently enabled.",
      "headers": "environmentName:Retail\r\nv-correlation-id:3fcb1437-4e52-4946-9ae1-e618351b6d16\r\nAccept:application/json\r\n",
      "method": "GET",
      "pathVariables": {},
      "url": "https://apis.cert.worldpay.com/merchant-boarding/v1/terminal/products",
      "responses": [
        {
          "request": "3336f061-7d3b-4f23-9ccc-b282e344bb27",
          "id": "5b502333-2164-4a4a-86d1-b1555a41e76d",
          "name": "Response_200",
          "status": "Response is a list of valid terminal products.",
          "responseCode": {
            "code": 200,
            "name": "200",
            "detail": "Response is a list of valid terminal products."
          },
          "headers": [
            {
              "name": "v-correlation-id",
              "key": "v-correlation-id",
              "value": "3fcb1437-4e52-4946-9ae1-e618351b6d16",
              "description": "Unique transaction Id. Will be generated if not provided and returned in response headers."
            },
            {
              "key": "Content-Type",
              "value": "application/json"
            }
          ],
          "mime": "application/json",
          "text": "{\r\n  \"products\": [\r\n    {\r\n      \"productId\": \"1\",\r\n      \"productName\": \"Debit\"\r\n    }\r\n  ]\r\n}",
          "language": "Text",
          "rawDataType": "text"
        }
      ],
      "collectionId": "d7352cae-ab50-4b49-97ce-a3843d3a78b0",
      "queryParams": [],
      "headerData": [
        {
          "key": "environmentName",
          "value": "Retail",
          "description": ""
        },
        {
          "key": "v-correlation-id",
          "value": "3fcb1437-4e52-4946-9ae1-e618351b6d16",
          "description": "Unique transaction Id. Will be generated if not provided and returned in response headers."
        },
        {
          "key": "Accept",
          "value": "application/json"
        }
      ],
      "pathVariableData": []
    },
    {
      "folder": "0c6051ae-8980-43f8-8478-04787cfdcc49",
      "id": "f9617c95-90e5-46fd-9965-34b9b38510c1",
      "name": "GetTerminalModels",
      "dataMode": "raw",
      "dataDisabled": false,
      "descriptionFormat": "markdown",
      "description": "Fetches a list of valid models for the terminal products selected by the merchant.",
      "headers": "environmentName:Retail\r\ncontent-Type:application/json\r\nv-correlation-id:3fcb1437-4e52-4946-9ae1-e618351b6d16\r\nemvCapable:false\r\nmultiMerchCapable:false\r\naccessMethod:Dial\r\nAccept:application/json\r\nContent-Type:application/json\r\n",
      "method": "POST",
      "pathVariables": {},
      "url": "https://apis.cert.worldpay.com/merchant-boarding/v1/terminal/terminal-models",
      "responses": [
        {
          "request": "f9617c95-90e5-46fd-9965-34b9b38510c1",
          "id": "456ec903-9307-4693-b68e-3c203799cb1f",
          "name": "Response_200",
          "status": "Response is a list of valid terminal configurations.",
          "responseCode": {
            "code": 200,
            "name": "200",
            "detail": "Response is a list of valid terminal configurations."
          },
          "headers": [
            {
              "name": "v-correlation-id",
              "key": "v-correlation-id",
              "value": "3fcb1437-4e52-4946-9ae1-e618351b6d16",
              "description": "Unique transaction Id. Will be generated if not provided and returned in response headers."
            },
            {
              "key": "Content-Type",
              "value": "application/json"
            }
          ],
          "mime": "application/json",
          "text": "{\r\n  \"terminalConfigs\": [\r\n    {\r\n      \"terminalModel\": \"VAR - WP Software LISO\",\r\n      \"additionalAttributes\": [\r\n        {\r\n          \"id\": \"id92\",\r\n          \"method\": \"method98\"\r\n        }\r\n      ],\r\n      \"purchasePrice\": \"168.12\",\r\n      \"leasePrice\": \"100.12\",\r\n      \"leasePrice24Months\": \"100.12\",\r\n      \"leasePrice36Months\": \"100.12\",\r\n      \"leasePrice48Months\": \"100.12\",\r\n      \"leasePrice60Months\": \"100.12\",\r\n      \"rentalPrice\": \"90\",\r\n      \"hardwareCost\": \"50.75\",\r\n      \"var\": true\r\n    }\r\n  ]\r\n}",
          "language": "Text",
          "rawDataType": "text"
        }
      ],
      "rawModeData": "{\r\n  \"products\": [\r\n    {\r\n      \"productId\": \"1\",\r\n      \"productName\": \"Debit\"\r\n    }\r\n  ]\r\n}",
      "collectionId": "d7352cae-ab50-4b49-97ce-a3843d3a78b0",
      "queryParams": [],
      "headerData": [
        {
          "key": "environmentName",
          "value": "Retail",
          "description": "Business, market or industry type."
        },
        {
          "key": "content-Type",
          "value": "application/json",
          "description": "Indicates the media type of the request-body. Accepts application/json."
        },
        {
          "key": "v-correlation-id",
          "value": "3fcb1437-4e52-4946-9ae1-e618351b6d16",
          "description": "Unique transaction Id. Will be generated if not provided and returned in response headers."
        },
        {
          "key": "emvCapable",
          "value": "false",
          "description": "EMV capable and certified."
        },
        {
          "key": "multiMerchCapable",
          "value": "false",
          "description": "MultiMerchCapable."
        },
        {
          "key": "accessMethod",
          "value": "Dial",
          "description": "accessMethod"
        },
        {
          "key": "Accept",
          "value": "application/json"
        },
        {
          "key": "Content-Type",
          "value": "application/json"
        }
      ],
      "pathVariableData": []
    },
    {
      "folder": "0c6051ae-8980-43f8-8478-04787cfdcc49",
      "id": "2dee7790-2a1c-4e43-b9fb-cc52f58cb1e4",
      "name": "GetAdditionalConfigurations",
      "dataDisabled": false,
      "descriptionFormat": "markdown",
      "description": "Fetches a list of valid terminal customizations and peripherals, such as electing to password protect a void.",
      "headers": "v-correlation-id:3fcb1437-4e52-4946-9ae1-e618351b6d16\r\nlogicalApplicationId:1073\r\nAccept:application/json\r\n",
      "method": "GET",
      "pathVariables": {},
      "url": "https://apis.cert.worldpay.com/merchant-boarding/v1/terminal/additional-configurations",
      "responses": [
        {
          "request": "2dee7790-2a1c-4e43-b9fb-cc52f58cb1e4",
          "id": "13637ba7-61f6-4cd8-9161-aa39b904ce17",
          "name": "Response_200",
          "status": "Response is a list of valid terminal configurations.",
          "responseCode": {
            "code": 200,
            "name": "200",
            "detail": "Response is a list of valid terminal configurations."
          },
          "headers": [
            {
              "name": "v-correlation-id",
              "key": "v-correlation-id",
              "value": "3fcb1437-4e52-4946-9ae1-e618351b6d16",
              "description": "Unique transaction Id. Will be generated if not provided and returned in response headers."
            },
            {
              "key": "Content-Type",
              "value": "application/json"
            }
          ],
          "mime": "application/json",
          "text": "{\r\n  \"customizations\": [\r\n    {\r\n      \"customizationId\": \"1\",\r\n      \"customizationType\": \"time\",\r\n      \"useProductMatrix\": \"N\",\r\n      \"productId\": \"12\",\r\n      \"code\": \"CST01\",\r\n      \"customizationCodeDetails\": [\r\n        {\r\n          \"value\": \"H\",\r\n          \"shortDescription\": \"Host Auto Close\",\r\n          \"longDescription\": \"Host Auto Close\"\r\n        }\r\n      ],\r\n      \"customizationValue\": \"H\",\r\n      \"customizationFieldLength\": \"1\",\r\n      \"customizationDecimalPlace\": \"0\",\r\n      \"customizationMinValue\": \"0\",\r\n      \"customizationMaxValue\": \"6\",\r\n      \"charactersAllowed\": \"abcdefghijklmnopqrstuvwxyz\",\r\n      \"rule\": \"rule53\",\r\n      \"regex\": \"^[a-z]{1}\",\r\n      \"multiMerchantFlag\": false,\r\n      \"shortDescription\": \"CVV_PROMPTING\",\r\n      \"longDescription\": \"CVV_PROMPTING\"\r\n    }\r\n  ],\r\n  \"peripherals\": [\r\n    {\r\n      \"peripheralId\": \"35\",\r\n      \"model\": \"Pin Pad 1000 SE\",\r\n      \"shortDescription\": \"PP1S\",\r\n      \"longDescription\": \"PPAD\",\r\n      \"isEMVCertified\": true,\r\n      \"isEMVCapable\": true,\r\n      \"activePeripheralFlag\": \"Y\",\r\n      \"purchasePrice\": \"168.12\",\r\n      \"leasePrice\": \"100.12\",\r\n      \"leasePrice24Months\": \"100.12\",\r\n      \"leasePrice36Months\": \"100.12\",\r\n      \"leasePrice48Months\": \"100.12\",\r\n      \"leasePrice60Months\": \"100.12\",\r\n      \"rentalPrice\": \"90\",\r\n      \"hardwareCost\": \"50.75\"\r\n    }\r\n  ]\r\n}",
          "language": "Text",
          "rawDataType": "text"
        }
      ],
      "collectionId": "d7352cae-ab50-4b49-97ce-a3843d3a78b0",
      "queryParams": [],
      "headerData": [
        {
          "key": "v-correlation-id",
          "value": "3fcb1437-4e52-4946-9ae1-e618351b6d16",
          "description": "Unique transaction Id. Will be generated if not provided and returned in response headers."
        },
        {
          "key": "logicalApplicationId",
          "value": "1073",
          "description": "Logical App ID of the terminal."
        },
        {
          "key": "Accept",
          "value": "application/json"
        }
      ],
      "pathVariableData": []
    },
    {
      "folder": "0c6051ae-8980-43f8-8478-04787cfdcc49",
      "id": "762ac46f-93c7-4a1a-8dea-337a0f4a9171",
      "name": "GetVARConfigurations",
      "dataDisabled": false,
      "descriptionFormat": "markdown",
      "description": "Response is a list of valid terminal customizations and peripherals for a value added reseller (VAR).",
      "headers": "v-correlation-id:3fcb1437-4e52-4946-9ae1-e618351b6d16\r\nAccept:application/json\r\n",
      "method": "GET",
      "pathVariables": {},
      "url": "https://apis.cert.worldpay.com/merchant-boarding/v1/terminal/var-configs",
      "responses": [
        {
          "request": "762ac46f-93c7-4a1a-8dea-337a0f4a9171",
          "id": "492fb216-e265-4365-bbaa-a598bd447a8c",
          "name": "Response_200",
          "status": "Response is a list of valid terminal configurations.",
          "responseCode": {
            "code": 200,
            "name": "200",
            "detail": "Response is a list of valid terminal configurations."
          },
          "headers": [
            {
              "name": "v-correlation-id",
              "key": "v-correlation-id",
              "value": "3fcb1437-4e52-4946-9ae1-e618351b6d16",
              "description": "Unique transaction Id. Will be generated if not provided and returned in response headers."
            },
            {
              "key": "Content-Type",
              "value": "application/json"
            }
          ],
          "mime": "application/json",
          "text": "{\r\n  \"gateways\": [\r\n    {\r\n      \"id\": \"id92\",\r\n      \"method\": \"method98\"\r\n    }\r\n  ],\r\n  \"paymentApplicationVendors\": [\r\n    {\r\n      \"vendorId\": \"4\",\r\n      \"vendorName\": \"Agilysys Inc\",\r\n      \"paymentApplications\": [\r\n        {\r\n          \"paymentApplicationId\": \"9\",\r\n          \"paymentApplicationName\": \"PurchaseExpress\"\r\n        }\r\n      ]\r\n    }\r\n  ]\r\n}",
          "language": "Text",
          "rawDataType": "text"
        }
      ],
      "collectionId": "d7352cae-ab50-4b49-97ce-a3843d3a78b0",
      "queryParams": [],
      "headerData": [
        {
          "key": "v-correlation-id",
          "value": "3fcb1437-4e52-4946-9ae1-e618351b6d16",
          "description": "Unique transaction Id. Will be generated if not provided and returned in response headers."
        },
        {
          "key": "Accept",
          "value": "application/json"
        }
      ],
      "pathVariableData": []
    },
    {
      "folder": "f398323e-4fea-4942-acfd-ab4b515d2b64",
      "id": "ea3269f2-ae36-4b74-b16a-95333a3b2ea3",
      "name": "GetProductVersion",
      "dataDisabled": false,
      "descriptionFormat": "markdown",
      "description": "Get a list of product versions sold or owned by the partner.",
      "headers": "v-correlation-id:3fcb1437-4e52-4946-9ae1-e618351b6d16\r\nAccept:application/json\r\n",
      "method": "GET",
      "pathVariables": {},
      "url": "https://apis.cert.worldpay.com/merchant-boarding/v1/terminal/productVersions",
      "responses": [
        {
          "request": "ea3269f2-ae36-4b74-b16a-95333a3b2ea3",
          "id": "41b4a551-769c-46d7-8925-3dc5d144e199",
          "name": "Response_200",
          "status": "Response is a list of valid terminal configurations.",
          "responseCode": {
            "code": 200,
            "name": "200",
            "detail": "Response is a list of valid terminal configurations."
          },
          "headers": [
            {
              "name": "v-correlation-id",
              "key": "v-correlation-id",
              "value": "3fcb1437-4e52-4946-9ae1-e618351b6d16",
              "description": "Unique transaction Id. Will be generated if not provided and returned in response headers."
            },
            {
              "key": "Content-Type",
              "value": "application/json"
            }
          ],
          "mime": "application/json",
          "text": "{\r\n  \"productVersions\": [\r\n    {\r\n      \"id\": 5549,\r\n      \"name\": \"Verifone Vx805 USB\"\r\n    }\r\n  ]\r\n}",
          "language": "Text",
          "rawDataType": "text"
        }
      ],
      "collectionId": "d7352cae-ab50-4b49-97ce-a3843d3a78b0",
      "queryParams": [],
      "headerData": [
        {
          "key": "v-correlation-id",
          "value": "3fcb1437-4e52-4946-9ae1-e618351b6d16",
          "description": "Unique transaction Id. Will be generated if not provided and returned in response headers."
        },
        {
          "key": "Accept",
          "value": "application/json"
        }
      ],
      "pathVariableData": []
    },
    {
      "folder": "f398323e-4fea-4942-acfd-ab4b515d2b64",
      "id": "432ccd62-ff59-4af9-b2d2-5dfde87f7006",
      "name": "GetEquipmentByProductVersion",
      "dataDisabled": false,
      "descriptionFormat": "markdown",
      "description": "Get a list of equipment options by product version.",
      "headers": "v-correlation-id:3fcb1437-4e52-4946-9ae1-e618351b6d16\r\nAccept:application/json\r\n",
      "method": "GET",
      "pathVariables": {
        "productVersionId": "146"
      },
      "url": "https://apis.cert.worldpay.com/merchant-boarding/v1/terminal/productVersions/:productVersionId/equipment",
      "responses": [
        {
          "request": "432ccd62-ff59-4af9-b2d2-5dfde87f7006",
          "id": "027fad71-a58f-4b70-bb03-fac403ffc17e",
          "name": "Response_200",
          "status": "Equipment associated with a specific product version ID.",
          "responseCode": {
            "code": 200,
            "name": "200",
            "detail": "Equipment associated with a specific product version ID."
          },
          "headers": [
            {
              "name": "v-correlation-id",
              "key": "v-correlation-id",
              "value": "3fcb1437-4e52-4946-9ae1-e618351b6d16",
              "description": "Unique transaction Id. Will be generated if not provided and returned in response headers."
            },
            {
              "key": "Content-Type",
              "value": "application/json"
            }
          ],
          "mime": "application/json",
          "text": "{\r\n  \"equipment\": [\r\n    {\r\n      \"id\": 5549,\r\n      \"name\": \"Ingenico iPP320 IP Cloud\",\r\n      \"deviceType\": \"Integrated\",\r\n      \"retailPrice\": 100,\r\n      \"cost\": 75\r\n    }\r\n  ]\r\n}",
          "language": "Text",
          "rawDataType": "text"
        }
      ],
      "collectionId": "d7352cae-ab50-4b49-97ce-a3843d3a78b0",
      "queryParams": [],
      "headerData": [
        {
          "key": "v-correlation-id",
          "value": "3fcb1437-4e52-4946-9ae1-e618351b6d16",
          "description": "Unique transaction Id. Will be generated if not provided and returned in response headers."
        },
        {
          "key": "Accept",
          "value": "application/json"
        }
      ],
      "pathVariableData": [
        {
          "key": "productVersionId",
          "value": "146",
          "description": ""
        }
      ]
    },
    {
      "folder": "c584987b-5bf4-4b77-ba71-708b5d27860e",
      "id": "6eab5e62-adae-4f3f-86af-ca1d162d80a6",
      "name": "GetPartnerAgreement",
      "dataDisabled": false,
      "descriptionFormat": "markdown",
      "description": "Get a list of agreement available for the partner.",
      "headers": "v-correlation-id:3fcb1437-4e52-4946-9ae1-e618351b6d16\r\nAccept:application/json\r\n",
      "method": "GET",
      "pathVariables": {},
      "url": "https://apis.cert.worldpay.com/merchant-boarding/v1/terminal/partnerAgreements",
      "responses": [
        {
          "request": "6eab5e62-adae-4f3f-86af-ca1d162d80a6",
          "id": "3ac787b1-4ac9-4020-a958-57352c61c21f",
          "name": "Response_200",
          "status": "Response is a list of valid partner agreement.",
          "responseCode": {
            "code": 200,
            "name": "200",
            "detail": "Response is a list of valid partner agreement."
          },
          "headers": [
            {
              "name": "v-correlation-id",
              "key": "v-correlation-id",
              "value": "3fcb1437-4e52-4946-9ae1-e618351b6d16",
              "description": "Unique transaction Id. Will be generated if not provided and returned in response headers."
            },
            {
              "key": "Content-Type",
              "value": "application/json"
            }
          ],
          "mime": "application/json",
          "text": "{\r\n  \"partnerAgreements\": [\r\n    {\r\n      \"id\": 38,\r\n      \"name\": \"name33\"\r\n    }\r\n  ]\r\n}",
          "language": "Text",
          "rawDataType": "text"
        }
      ],
      "collectionId": "d7352cae-ab50-4b49-97ce-a3843d3a78b0",
      "queryParams": [],
      "headerData": [
        {
          "key": "v-correlation-id",
          "value": "3fcb1437-4e52-4946-9ae1-e618351b6d16",
          "description": "Unique transaction Id. Will be generated if not provided and returned in response headers."
        },
        {
          "key": "Accept",
          "value": "application/json"
        }
      ],
      "pathVariableData": []
    }
  ],
  "variables": [],
  "auth": {
    "type": "apikey",
    "apikey": [
      {
        "key": "in",
        "value": "header",
        "type": "string"
      },
      {
        "key": "key",
        "value": "Authorization",
        "type": "string"
      },
      {
        "key": "value",
        "value": "Authorization38",
        "type": "string"
      }
    ]
  }
}