{
  "_type": "export",
  "__export_format": 4,
  "__export_source": "apimatic.transformer",
  "resources": [
    {
      "name": "Launchpad:Merchant Boarding POS",
      "_type": "workspace",
      "_id": "wrk_5a9b1690a8264ce28533a9706db69437",
      "description": "The Launchpads Merchant Boarding API allows Worldpay Integrated POS solutions partners to onboard merchants to Worldpay's Payments Platform. Please see the Getting Started page for more information. </br> </br> To contact our certifications team, please email <a href=\"mailto:Certification2@worldpay.com\">Certification2@worldpay.com</a>.   </br> To contact the product team, please email <a href=\"mailto:APICustomerIntegration@worldpay.com\">APICustomerIntegration@worldpay.com</a>.  \n # Authentication \n<SecurityDefinitions />"
    },
    {
      "name": "production",
      "data": {
        "default": "https://apis.cert.worldpay.com/merchant-boarding/v2"
      },
      "_type": "environment",
      "_id": "env_0b94840bb20e4f5ca04c4955b83830f5",
      "parentId": "wrk_5a9b1690a8264ce28533a9706db69437"
    },
    {
      "name": "environment2",
      "data": {
        "default": "https://apis.cert.worldpay.com/merchant-boarding/v1"
      },
      "_type": "environment",
      "_id": "env_314904c4a52b4c20bb7fab440099c1e5",
      "parentId": "wrk_5a9b1690a8264ce28533a9706db69437"
    },
    {
      "name": "Initiate Boarding Application",
      "_type": "request_group",
      "_id": "fld_f784130453064ae881bf841b47939a41",
      "parentId": "wrk_5a9b1690a8264ce28533a9706db69437",
      "description": "Resources to create/edit and read pending boarding applications."
    },
    {
      "name": "Choose Equipment",
      "_type": "request_group",
      "_id": "fld_a599c18390ad40b6a95f75fa54c12eba",
      "parentId": "wrk_5a9b1690a8264ce28533a9706db69437",
      "description": "Resources to choose the terminals and POS devices."
    },
    {
      "name": "Choose Additional Services",
      "_type": "request_group",
      "_id": "fld_787063ed93a14f548fdda0e122bce6f7",
      "parentId": "wrk_5a9b1690a8264ce28533a9706db69437",
      "description": "Resources to enroll and configure additional services"
    },
    {
      "name": "Retrieve Merchant PII Data Collection Link",
      "_type": "request_group",
      "_id": "fld_a903e65ef30148dfb9d89834971fd615",
      "parentId": "wrk_5a9b1690a8264ce28533a9706db69437",
      "description": "Resources to retrieve the merchant PII data collection link."
    },
    {
      "name": "Submit Application",
      "_type": "request_group",
      "_id": "fld_8998d79a932148a0a6abfeebf3c7ef6e",
      "parentId": "wrk_5a9b1690a8264ce28533a9706db69437",
      "description": "Resources to validate and submit the final application for boarding."
    },
    {
      "name": "Check Application Status",
      "_type": "request_group",
      "_id": "fld_f1781654472b4cfda85b23b57d5104ff",
      "parentId": "wrk_5a9b1690a8264ce28533a9706db69437",
      "description": "Resource to check status of the application."
    },
    {
      "name": "Review and Sign Contract",
      "_type": "request_group",
      "_id": "fld_b06b15db26b9461d983992f2323909b4",
      "parentId": "wrk_5a9b1690a8264ce28533a9706db69437",
      "description": "Resources to retrieve the contract and digitally sign."
    },
    {
      "name": "Activation",
      "_type": "request_group",
      "_id": "fld_94b1b85d9e5a49e19cd378c01c578085",
      "parentId": "wrk_5a9b1690a8264ce28533a9706db69437",
      "description": "Resource used to retrieve credentials for activation."
    },
    {
      "name": "FetchApplication",
      "method": "GET",
      "url": "{{default}}/applications",
      "headers": [
        {
          "name": "externalRefId",
          "value": "3fcb1437-4e52-4946-9ae1-e618351b6d16",
          "disabled": false
        },
        {
          "name": "v-correlation-id",
          "value": "3fcb1437-4e52-4946-9ae1-e618351b6d16",
          "disabled": false
        },
        {
          "name": "Authorization",
          "value": "Authorization58",
          "disabled": false
        }
      ],
      "_type": "request",
      "_id": "req_50375d546cd94f27b973e3150e910c90",
      "parentId": "fld_f784130453064ae881bf841b47939a41",
      "description": "Retrieves existing application data. PII data is not returned. Please note: The partner is responsible for sending the link to the contact, who will fill in the rest of the application. The link is secured via OTP validation and only stays active for a preconfigured time, which can be adjusted via settings on the partner's profile."
    },
    {
      "name": "ExisitingApplication",
      "method": "PUT",
      "url": "{{default}}/applications",
      "body": {
        "mimeType": "application/json",
        "text": "{\r\n  \"externalRefId\": \"df8a6d82-3bb4-4f3b-ba18-57a5981ede8e\",\r\n  \"businessInfo\": {\r\n    \"dbaName\": \"The DBA Name\",\r\n    \"legalName\": \"Timothy Jones\",\r\n    \"ownershipType\": \"LLC\",\r\n    \"mccCode\": \"5812\",\r\n    \"businessEstablishedDate\": \"2000-03-23\",\r\n    \"websiteUrl\": \"www.thefoodplace.com\",\r\n    \"numberOfLocation\": 2,\r\n    \"federalTaxId\": \"123456789\",\r\n    \"paymentAcceptanceMethod\": [\r\n      \"inPerson\"\r\n    ],\r\n    \"pciadc\": \"No\",\r\n    \"pcidssValidated\": \"No\",\r\n    \"surroundingArea\": \"Commercial\",\r\n    \"productServiceSold\": \"Food\",\r\n    \"ownAddYears\": 2,\r\n    \"lengthOfContract\": \"lengthOfContract52\",\r\n    \"seasonal\": \"Yes\",\r\n    \"activeMonths\": [\r\n      \"Jan\",\r\n      \"Feb\",\r\n      \"Mar\"\r\n    ],\r\n    \"warranty\": \"1 YEAR\",\r\n    \"returnPolicy\": \"30 Day\",\r\n    \"taxExempt\": \"No\",\r\n    \"acceptCreditCards\": \"No\",\r\n    \"amexMarketingCommunication\": \"Yes\",\r\n    \"govOwnedMerchantCountry\": \"US\"\r\n  },\r\n  \"transactionInfo\": {\r\n    \"annualSalesVolume\": 20000.12,\r\n    \"percentRetailSwipedTransactions\": 82,\r\n    \"averageTicket\": 2.3,\r\n    \"highestTicket\": 32.41,\r\n    \"currentProcessor\": \"Global Payments\",\r\n    \"acceptChargebacks\": \"No\",\r\n    \"chargebackPercent\": 0,\r\n    \"returnPercent\": 10,\r\n    \"cardNotPresentPercent\": 20,\r\n    \"businessToBusinessPercent\": 20,\r\n    \"internetTransactionPercent\": 10,\r\n    \"motoPercent\": 20,\r\n    \"annualCreditSalesVolume\": 123.32,\r\n    \"annualDebitSalesVolume\": 32.23,\r\n    \"annualAmexVolume\": 1000000,\r\n    \"amexAverageTicket\": 2.3,\r\n    \"averageNumberofDays\": 10\r\n  },\r\n  \"leadSource\": \"Activate Portal\",\r\n  \"owners\": {\r\n    \"type\": \"Owner 3 Contact\",\r\n    \"firstName\": \"Todd\",\r\n    \"lastName\": \"Davis\",\r\n    \"phoneNumber\": \"phoneNumber38\",\r\n    \"addressLine1\": \"4355 N Coalwhipe St.\",\r\n    \"city\": \"Denver\",\r\n    \"country\": \"United States\",\r\n    \"postalCode\": \"pos97\",\r\n    \"title\": \"President\",\r\n    \"middleInitial\": \"M\",\r\n    \"phoneNumberExt\": \"phoneN30\",\r\n    \"phoneType\": \"mobile\",\r\n    \"alternatePhone\": \"5131234567\",\r\n    \"alternatePhoneType\": \"home\",\r\n    \"faxNumber\": \"faxNumber16\",\r\n    \"email\": \"test@test.com\",\r\n    \"ownershipPercentage\": 22,\r\n    \"ssn\": \"CO\",\r\n    \"dob\": \"2000-03-23\",\r\n    \"addressLine2\": \"suite 104\",\r\n    \"state\": \"CO\",\r\n    \"postalCodeExtension\": \"po34\",\r\n    \"identification\": [\r\n      {\r\n        \"idType\": \"PASSPORT\",\r\n        \"idNumber\": \"312312341\",\r\n        \"issuedCity\": \"City Town\",\r\n        \"issuedState\": \"CO\",\r\n        \"issuedCountry\": \"US\",\r\n        \"dateIssued\": \"1999-01-30\",\r\n        \"dateExpires\": \"2020-02-11\"\r\n      }\r\n    ]\r\n  },\r\n  \"authorizedSigners\": [\r\n    {\r\n      \"firstName\": \"Todd\",\r\n      \"lastName\": \"Davis\",\r\n      \"phoneNumber\": \"phoneNumber85\",\r\n      \"email\": \"test@test.com\",\r\n      \"ssn\": \"ssn71\",\r\n      \"dob\": \"2000-03-23\",\r\n      \"addressLine1\": \"4355 N Coalwhipe St.\",\r\n      \"state\": \"CO\",\r\n      \"country\": \"United States\",\r\n      \"middleInitial\": \"M\",\r\n      \"addressLine2\": \"suite 104\",\r\n      \"city\": \"Denver\",\r\n      \"postalCode\": \"pos19\"\r\n    }\r\n  ],\r\n  \"guarantors\": [\r\n    {\r\n      \"type\": \"Guarantor 1 Contact\",\r\n      \"firstName\": \"Todd\",\r\n      \"lastName\": \"Davis\",\r\n      \"phoneNumber\": \"phoneNumber76\",\r\n      \"email\": \"test@test.com\",\r\n      \"addressLine1\": \"4355 N Coalwhipe St.\",\r\n      \"city\": \"Denver\",\r\n      \"state\": \"CO\",\r\n      \"country\": \"United States\",\r\n      \"postalCode\": \"pos17\",\r\n      \"title\": \"President\",\r\n      \"middleInitial\": \"M\",\r\n      \"phoneNumberExt\": \"phoneN84\",\r\n      \"phoneType\": \"mobile\",\r\n      \"alternatePhone\": \"5131234567\",\r\n      \"alternatePhoneType\": \"home\",\r\n      \"faxNumber\": \"faxNumber31\",\r\n      \"ownershipPercentage\": 50,\r\n      \"ssn\": \"ssn61\",\r\n      \"dob\": \"2000-03-23\",\r\n      \"addressLine2\": \"suite 104\",\r\n      \"postalCodeExtension\": \"po75\",\r\n      \"identification\": [\r\n        {\r\n          \"idType\": \"PASSPORT\",\r\n          \"idNumber\": \"312312341\",\r\n          \"issuedCity\": \"City Town\",\r\n          \"issuedState\": \"CO\",\r\n          \"issuedCountry\": \"US\",\r\n          \"dateIssued\": \"1999-01-30\",\r\n          \"dateExpires\": \"2020-02-11\"\r\n        }\r\n      ]\r\n    }\r\n  ],\r\n  \"salesAgent\": {\r\n    \"firstName\": \"John\",\r\n    \"lastName\": \"Doe\",\r\n    \"email\": \"email54\",\r\n    \"id\": \"U15315\",\r\n    \"mobilePhoneNumber\": \"1234567890\"\r\n  },\r\n  \"installationContact\": {\r\n    \"firstName\": \"Sam\",\r\n    \"lastName\": \"Doe\",\r\n    \"email\": \"test@test.com\",\r\n    \"id\": \"U15318\",\r\n    \"mobilePhoneNumber\": \"1234567890\"\r\n  },\r\n  \"contacts\": [\r\n    {\r\n      \"type\": \"Primary Contact\",\r\n      \"firstName\": \"Todd\",\r\n      \"lastName\": \"Davis\",\r\n      \"phoneNumber\": \"phoneNumber47\",\r\n      \"email\": \"test@test.com\",\r\n      \"title\": \"President\",\r\n      \"middleInitial\": \"M\",\r\n      \"ssn\": \"ssn90\",\r\n      \"birthDate\": \"2000-03-23\",\r\n      \"phoneNumberExt\": \"phoneN79\",\r\n      \"phoneType\": \"mobile\",\r\n      \"alternatePhone\": \"5131234567\",\r\n      \"alternatePhoneType\": \"home\",\r\n      \"faxNumber\": \"faxNumber62\"\r\n    }\r\n  ],\r\n  \"addresses\": [\r\n    {\r\n      \"type\": \"Physical Address\",\r\n      \"addressLine1\": \"4355 N Coalwhipe St.\",\r\n      \"city\": \"Denver\",\r\n      \"state\": \"CO\",\r\n      \"postalCode\": \"pos46\",\r\n      \"addressLine2\": \"suite 104\",\r\n      \"country\": \"United States\",\r\n      \"postalCodeExtension\": \"po84\"\r\n    }\r\n  ],\r\n  \"bankAccount\": {\r\n    \"ddaType\": \"Checking\",\r\n    \"achType\": \"Commercial Checking\",\r\n    \"accountNumber\": \"011401545\",\r\n    \"routingNumber\": \"102000076\",\r\n    \"bankName\": \"Bank name\"\r\n  },\r\n  \"additionalInformation\": [\r\n    {\r\n      \"key\": \"productVersionId\",\r\n      \"value\": \"4656\"\r\n    }\r\n  ]\r\n}"
      },
      "headers": [
        {
          "name": "Content-Type",
          "value": "application/json",
          "disabled": false
        },
        {
          "name": "v-correlation-id",
          "value": "3fcb1437-4e52-4946-9ae1-e618351b6d16",
          "disabled": false
        },
        {
          "name": "Authorization",
          "value": "Authorization79",
          "disabled": false
        }
      ],
      "_type": "request",
      "_id": "req_b67568d843804581b024953bb6c38fc6",
      "parentId": "fld_f784130453064ae881bf841b47939a41",
      "description": "This endpoint allows merchants to update an existing application with new information."
    },
    {
      "name": "NewApplication2",
      "method": "POST",
      "url": "{{default}}/applications",
      "body": {
        "mimeType": "application/json",
        "text": "{\r\n  \"businessInfo\": {\r\n    \"dbaName\": \"The DBA Name\",\r\n    \"legalName\": \"Timothy Jones\",\r\n    \"ownershipType\": \"LLC\",\r\n    \"mccCode\": \"5812\",\r\n    \"businessEstablishedDate\": \"2000-03-23\",\r\n    \"websiteUrl\": \"www.thefoodplace.com\",\r\n    \"numberOfLocations\": 2,\r\n    \"federalTaxId\": \"123456789\",\r\n    \"paymentAcceptanceMethod\": [\r\n      \"onlineSite\"\r\n    ],\r\n    \"pciadc\": \"No\",\r\n    \"pcidssValidated\": \"No\",\r\n    \"surroundingArea\": \"Commercial\",\r\n    \"productServiceSold\": \"Food\",\r\n    \"ownAddYears\": 2,\r\n    \"lengthOfContract\": \"lengthOfContract17\",\r\n    \"seasonal\": \"Yes\",\r\n    \"activeMonths\": [\r\n      \"Jan\",\r\n      \"Feb\",\r\n      \"Mar\"\r\n    ],\r\n    \"warranty\": \"1 YEAR\",\r\n    \"returnPolicy\": \"30 Day\",\r\n    \"taxExempt\": \"No\",\r\n    \"acceptCreditCards\": \"No\",\r\n    \"amexMarketingCommunication\": \"Yes\",\r\n    \"govOwnedMerchantCountry\": \"US\"\r\n  },\r\n  \"transactionInfo\": {\r\n    \"annualSalesVolume\": 20000.12,\r\n    \"percentRetailSwipedTransactions\": 82,\r\n    \"averageTicket\": 2.3,\r\n    \"highestTicket\": 32.41,\r\n    \"currentProcessor\": \"Global Payments\",\r\n    \"acceptChargebacks\": \"No\",\r\n    \"chargebackPercent\": 0,\r\n    \"returnPercent\": 10,\r\n    \"cardNotPresentPercent\": 20,\r\n    \"businessToBusinessPercent\": 20,\r\n    \"internetTransactionPercent\": 10,\r\n    \"motoPercent\": 20,\r\n    \"annualCreditSalesVolume\": 123.32,\r\n    \"annualDebitSalesVolume\": 32.23,\r\n    \"annualAmexVolume\": 1000000,\r\n    \"amexAverageTicket\": 2.3,\r\n    \"averageNumberofDays\": 10\r\n  },\r\n  \"contacts\": [\r\n    {\r\n      \"type\": \"Primary Contact\",\r\n      \"firstName\": \"Todd\",\r\n      \"lastName\": \"Davis\",\r\n      \"phoneNumber\": \"phoneNumber47\",\r\n      \"email\": \"test@test.com\",\r\n      \"title\": \"President\",\r\n      \"middleInitial\": \"M\",\r\n      \"ssn\": \"ssn90\",\r\n      \"birthDate\": \"2000-03-23\",\r\n      \"phoneNumberExt\": \"phoneN79\",\r\n      \"phoneType\": \"mobile\",\r\n      \"alternatePhone\": \"5131234567\",\r\n      \"alternatePhoneType\": \"home\",\r\n      \"faxNumber\": \"faxNumber62\"\r\n    }\r\n  ],\r\n  \"addresses\": [\r\n    {\r\n      \"type\": \"Physical Address\",\r\n      \"addressLine1\": \"4355 N Coalwhipe St.\",\r\n      \"city\": \"Denver\",\r\n      \"state\": \"CO\",\r\n      \"postalCode\": \"pos46\",\r\n      \"addressLine2\": \"suite 104\",\r\n      \"country\": \"United States\",\r\n      \"postalCodeExtension\": \"po84\"\r\n    }\r\n  ],\r\n  \"clientTrackingId\": \"1341341234132412341\",\r\n  \"waivePersonalGuaranty\": false,\r\n  \"owners\": [\r\n    {\r\n      \"type\": \"Owner 3 Contact\",\r\n      \"firstName\": \"Todd\",\r\n      \"lastName\": \"Davis\",\r\n      \"phoneNumber\": \"phoneNumber38\",\r\n      \"addressLine1\": \"4355 N Coalwhipe St.\",\r\n      \"city\": \"Denver\",\r\n      \"country\": \"United States\",\r\n      \"postalCode\": \"pos97\",\r\n      \"title\": \"President\",\r\n      \"middleInitial\": \"M\",\r\n      \"phoneNumberExt\": \"phoneN30\",\r\n      \"phoneType\": \"mobile\",\r\n      \"alternatePhone\": \"5131234567\",\r\n      \"alternatePhoneType\": \"home\",\r\n      \"faxNumber\": \"faxNumber16\",\r\n      \"email\": \"test@test.com\",\r\n      \"ownershipPercentage\": 22,\r\n      \"ssn\": \"CO\",\r\n      \"dob\": \"2000-03-23\",\r\n      \"addressLine2\": \"suite 104\",\r\n      \"state\": \"CO\",\r\n      \"postalCodeExtension\": \"po34\",\r\n      \"identification\": [\r\n        {\r\n          \"idType\": \"PASSPORT\",\r\n          \"idNumber\": \"312312341\",\r\n          \"issuedCity\": \"City Town\",\r\n          \"issuedState\": \"CO\",\r\n          \"issuedCountry\": \"US\",\r\n          \"dateIssued\": \"1999-01-30\",\r\n          \"dateExpires\": \"2020-02-11\"\r\n        }\r\n      ]\r\n    }\r\n  ],\r\n  \"authorizedSigners\": [\r\n    {\r\n      \"roleName\": \"Signer3\",\r\n      \"signingExperience\": \"embed\",\r\n      \"signingOrder\": \"2\",\r\n      \"firstName\": \"Todd\",\r\n      \"lastName\": \"Davis\",\r\n      \"phoneNumber\": \"phoneNumber53\",\r\n      \"email\": \"test@test.com\",\r\n      \"addressLine1\": \"4355 N Coalwhipe St.\",\r\n      \"city\": \"Denver\",\r\n      \"state\": \"CO\",\r\n      \"country\": \"United States\",\r\n      \"postalCode\": \"pos23\",\r\n      \"title\": \"President\",\r\n      \"middleInitial\": \"M\",\r\n      \"phoneNumberExt\": \"phoneN97\",\r\n      \"phoneType\": \"mobile\",\r\n      \"alternatePhone\": \"5131234567\",\r\n      \"alternatePhoneType\": \"home\",\r\n      \"faxNumber\": \"faxNumber32\",\r\n      \"ssn\": \"ssn82\",\r\n      \"dob\": \"2000-03-23\",\r\n      \"addressLine2\": \"suite 104\",\r\n      \"postalCodeExtension\": \"po39\"\r\n    }\r\n  ],\r\n  \"guarantors\": [\r\n    {\r\n      \"type\": \"Guarantor 1 Contact\",\r\n      \"firstName\": \"Todd\",\r\n      \"lastName\": \"Davis\",\r\n      \"phoneNumber\": \"phoneNumber76\",\r\n      \"email\": \"test@test.com\",\r\n      \"addressLine1\": \"4355 N Coalwhipe St.\",\r\n      \"city\": \"Denver\",\r\n      \"state\": \"CO\",\r\n      \"country\": \"United States\",\r\n      \"postalCode\": \"pos17\",\r\n      \"title\": \"President\",\r\n      \"middleInitial\": \"M\",\r\n      \"phoneNumberExt\": \"phoneN84\",\r\n      \"phoneType\": \"mobile\",\r\n      \"alternatePhone\": \"5131234567\",\r\n      \"alternatePhoneType\": \"home\",\r\n      \"faxNumber\": \"faxNumber31\",\r\n      \"ownershipPercentage\": 50,\r\n      \"ssn\": \"ssn61\",\r\n      \"dob\": \"2000-03-23\",\r\n      \"addressLine2\": \"suite 104\",\r\n      \"postalCodeExtension\": \"po75\",\r\n      \"identification\": [\r\n        {\r\n          \"idType\": \"PASSPORT\",\r\n          \"idNumber\": \"312312341\",\r\n          \"issuedCity\": \"City Town\",\r\n          \"issuedState\": \"CO\",\r\n          \"issuedCountry\": \"US\",\r\n          \"dateIssued\": \"1999-01-30\",\r\n          \"dateExpires\": \"2020-02-11\"\r\n        }\r\n      ]\r\n    }\r\n  ],\r\n  \"bankAccount\": {\r\n    \"ddaType\": \"Checking\",\r\n    \"achType\": \"Commercial Checking\",\r\n    \"accountNumber\": \"011401545\",\r\n    \"routingNumber\": \"102000076\",\r\n    \"bankName\": \"Bank name\"\r\n  },\r\n  \"salesAgent\": {\r\n    \"firstName\": \"John\",\r\n    \"lastName\": \"Doe\",\r\n    \"email\": \"test@test.com\",\r\n    \"id\": \"U15315\",\r\n    \"mobilePhoneNumber\": \"1234567890\"\r\n  },\r\n  \"installationContact\": {\r\n    \"firstName\": \"Sam\",\r\n    \"lastName\": \"Doe\",\r\n    \"email\": \"test@test.com\",\r\n    \"id\": \"715763\",\r\n    \"mobilePhoneNumber\": \"1234567890\"\r\n  },\r\n  \"additionalInformation\": [\r\n    {\r\n      \"key\": \"productVersionId\",\r\n      \"value\": \"4656\"\r\n    }\r\n  ],\r\n  \"leadSource\": \"LP Connect API\"\r\n}"
      },
      "headers": [
        {
          "name": "Content-Type",
          "value": "application/json",
          "disabled": false
        },
        {
          "name": "v-correlation-id",
          "value": "3fcb1437-4e52-4946-9ae1-e618351b6d16",
          "disabled": false
        },
        {
          "name": "Authorization",
          "value": "Authorization82",
          "disabled": false
        }
      ],
      "_type": "request",
      "_id": "req_5b7065ca2f8b42e1bdfa04a215411f6e",
      "parentId": "fld_f784130453064ae881bf841b47939a41",
      "description": "Use this endpoint to collect the merchant information needed to initiate a new contract. "
    },
    {
      "name": "Get Existing Equipment",
      "method": "GET",
      "url": "{{default}}/equipment",
      "headers": [
        {
          "name": "externalRefId",
          "value": "3fcb1437-4e52-4946-9ae1-e618351b6d16",
          "disabled": false
        },
        {
          "name": "v-correlation-id",
          "value": "3fcb1437-4e52-4946-9ae1-e618351b6d16",
          "disabled": false
        },
        {
          "name": "Authorization",
          "value": "Authorization91",
          "disabled": false
        }
      ],
      "_type": "request",
      "_id": "req_8b9a0002f3a14687915fbc31ab54fcd6",
      "parentId": "fld_a599c18390ad40b6a95f75fa54c12eba",
      "description": "This endpoint allows the partner to get equipment information. This is an optional step, required only if the partner wants to check the equipment selected for a lead. For partners who choose to use this endpoint, we return ID name, type, price, and quantity. Payment method should be PURCHASE/SALE."
    },
    {
      "name": "UpdateEquipment",
      "method": "PUT",
      "url": "{{default}}/equipment",
      "body": {
        "mimeType": "application/json",
        "text": "{\"equipments\":[{\"name\":\"ingenico\",\"quantity\":2,\"price\":\"120.00\"}],\"shippingOption\":\"2nd day\"}"
      },
      "headers": [
        {
          "name": "externalRefId",
          "value": "3fcb1437-4e52-4946-9ae1-e618351b6d16",
          "disabled": false
        },
        {
          "name": "Content-Type",
          "value": "application/json",
          "disabled": false
        },
        {
          "name": "v-correlation-id",
          "value": "3fcb1437-4e52-4946-9ae1-e618351b6d16",
          "disabled": false
        },
        {
          "name": "Authorization",
          "value": "Authorization89",
          "disabled": false
        }
      ],
      "_type": "request",
      "_id": "req_d810be00b7bb49b2a115d17cb63c1eaa",
      "parentId": "fld_a599c18390ad40b6a95f75fa54c12eba",
      "description": "This endpoint allows the partner to update equipment information. This is an optional step, required only if the partner chooses to obtain equipment from Worldpay. For partners who choose to use this endpoint, we only expect name, price, and quantity. Payment method should be PURCHASE/SALE."
    },
    {
      "name": "ChooseEquipment",
      "method": "POST",
      "url": "{{default}}/equipment",
      "body": {
        "mimeType": "application/json",
        "text": "{\"equipments\":[{\"name\":\"ingenico\",\"quantity\":2,\"price\":\"120.00\"}],\"shippingOption\":\"2nd day\"}"
      },
      "headers": [
        {
          "name": "externalRefId",
          "value": "3fcb1437-4e52-4946-9ae1-e618351b6d16",
          "disabled": false
        },
        {
          "name": "Content-Type",
          "value": "application/json",
          "disabled": false
        },
        {
          "name": "v-correlation-id",
          "value": "3fcb1437-4e52-4946-9ae1-e618351b6d16",
          "disabled": false
        },
        {
          "name": "Authorization",
          "value": "Authorization52",
          "disabled": false
        }
      ],
      "_type": "request",
      "_id": "req_fd0b9982b83e484a9526e1b1be48b030",
      "parentId": "fld_a599c18390ad40b6a95f75fa54c12eba",
      "description": "This endpoint allows the partner to collect equipment information. This is an optional step, required only if the partner chooses to obtain equipment from Worldpay. For partners who choose to use this endpoint, we only expect name, price, and quantity. Payment method should be PURCHASE/SALE."
    },
    {
      "name": "GetVAS",
      "method": "GET",
      "url": "{{default}}/other-services/enrollment",
      "headers": [
        {
          "name": "externalRefId",
          "value": "3fcb1437-4e52-4946-9ae1-e618351b6d16",
          "disabled": false
        },
        {
          "name": "v-correlation-id",
          "value": "3fcb1437-4e52-4946-9ae1-e618351b6d16",
          "disabled": false
        },
        {
          "name": "locationId",
          "value": "3fcb1437-4e52-4946-9ae1-e618351b6d16",
          "disabled": false
        },
        {
          "name": "Authorization",
          "value": "Authorization18",
          "disabled": false
        }
      ],
      "_type": "request",
      "_id": "req_60adb6661e2d4ce2be6606c0d70aa186",
      "parentId": "fld_787063ed93a14f548fdda0e122bce6f7",
      "description": "Returns a list of value added services the partner is using via the externalRefId."
    },
    {
      "name": "UpdateVAS",
      "method": "PUT",
      "url": "{{default}}/other-services/enrollment",
      "body": {
        "mimeType": "application/json",
        "text": "{\r\n  \"services\": {\r\n    \"serviceName\": \"amex\",\r\n    \"optIn\": true\r\n  },\r\n  \"amex\": {\r\n    \"type\": \"OptBlue\",\r\n    \"accountNumber\": 1345143853,\r\n    \"applyCommunicationFee\": \"Yes\"\r\n  }\r\n}"
      },
      "headers": [
        {
          "name": "externalRefId",
          "value": "3fcb1437-4e52-4946-9ae1-e618351b6d16",
          "disabled": false
        },
        {
          "name": "Content-Type",
          "value": "application/json",
          "disabled": false
        },
        {
          "name": "v-correlation-id",
          "value": "3fcb1437-4e52-4946-9ae1-e618351b6d16",
          "disabled": false
        },
        {
          "name": "Authorization",
          "value": "Authorization35",
          "disabled": false
        }
      ],
      "_type": "request",
      "_id": "req_93c79f2e39fb40c3a83c9467e9792c95",
      "parentId": "fld_787063ed93a14f548fdda0e122bce6f7",
      "description": "Updates the value added services in which a partner is enrolled."
    },
    {
      "name": "ConfigVAS",
      "method": "POST",
      "url": "{{default}}/other-services/enrollment",
      "body": {
        "mimeType": "application/json",
        "text": "{\r\n  \"services\": {\r\n    \"serviceName\": \"amex\",\r\n    \"optIn\": true\r\n  },\r\n  \"amex\": {\r\n    \"type\": \"OptBlue\",\r\n    \"accountNumber\": 1345143853,\r\n    \"applyCommunicationFee\": \"Yes\"\r\n  }\r\n}"
      },
      "headers": [
        {
          "name": "externalRefId",
          "value": "3fcb1437-4e52-4946-9ae1-e618351b6d16",
          "disabled": false
        },
        {
          "name": "Content-Type",
          "value": "application/json",
          "disabled": false
        },
        {
          "name": "v-correlation-id",
          "value": "3fcb1437-4e52-4946-9ae1-e618351b6d16",
          "disabled": false
        },
        {
          "name": "Authorization",
          "value": "Authorization8",
          "disabled": false
        }
      ],
      "_type": "request",
      "_id": "req_38665b39e9134445bd182977e6cdbd81",
      "parentId": "fld_787063ed93a14f548fdda0e122bce6f7",
      "description": "Enrolls partners in desired value added services."
    },
    {
      "name": "DataCollectionLink",
      "method": "POST",
      "url": "{{default}}/applications/link",
      "body": {
        "mimeType": "application/json",
        "text": "{\r\n  \"applicationContact\": {\r\n    \"title\": \"Owner\",\r\n    \"firstName\": \"John\",\r\n    \"lastName\": \"Doe\",\r\n    \"email\": \"test@test.com\",\r\n    \"mobilePhoneNumber\": \"1234567890\"\r\n  }\r\n}"
      },
      "headers": [
        {
          "name": "externalRefId",
          "value": "3fcb1437-4e52-4946-9ae1-e618351b6d16",
          "disabled": false
        },
        {
          "name": "Content-Type",
          "value": "application/json",
          "disabled": false
        },
        {
          "name": "v-correlation-id",
          "value": "3fcb1437-4e52-4946-9ae1-e618351b6d16",
          "disabled": false
        },
        {
          "name": "Authorization",
          "value": "Authorization18",
          "disabled": false
        }
      ],
      "_type": "request",
      "_id": "req_e940d4a6aed748e9b48f39e50b613726",
      "parentId": "fld_a903e65ef30148dfb9d89834971fd615",
      "description": "This endpoint is used to send an application link to the application contact.\nThe link is generated via the API, and the partner is expected to send this link to the appropriate contact. Once the contact receives the link, they should complete the application and e-sign the processing agreement in the Launchpad UI.\nThe application contact will be prompted to verify their identity with a one-time passcode sent to their email before they can access the application.\n\n\n NOTE: During the certification process, this endpoint is not accessible outside of the Worldpay network. Please work with your Developer Integration representative during the certification process for\n testing."
    },
    {
      "name": "InititateBoard",
      "method": "PUT",
      "url": "{{default}}/applications/board",
      "headers": [
        {
          "name": "externalRefId",
          "value": "3fcb1437-4e52-4946-9ae1-e618351b6d16",
          "disabled": false
        },
        {
          "name": "Content-Type",
          "value": "application/json",
          "disabled": false
        },
        {
          "name": "v-correlation-id",
          "value": "3fcb1437-4e52-4946-9ae1-e618351b6d16",
          "disabled": false
        },
        {
          "name": "threatmetrixId",
          "value": "threatmetrixId66",
          "disabled": false
        },
        {
          "name": "Authorization",
          "value": "Authorization78",
          "disabled": false
        }
      ],
      "_type": "request",
      "_id": "req_ee971c75ce97453d9cbd03403e85211a",
      "parentId": "fld_8998d79a932148a0a6abfeebf3c7ef6e",
      "description": "Begins the merchant boarding process after all necessary information has been submitted to the API. Please see the reference guide for specific boarding requirements."
    },
    {
      "name": "GetApplicationStatus",
      "method": "GET",
      "url": "{{default}}/applications/status",
      "headers": [
        {
          "name": "externalRefId",
          "value": "3fcb1437-4e52-4946-9ae1-e618351b6d16",
          "disabled": false
        },
        {
          "name": "v-correlation-id",
          "value": "3fcb1437-4e52-4946-9ae1-e618351b6d16",
          "disabled": false
        },
        {
          "name": "Authorization",
          "value": "Authorization7",
          "disabled": false
        }
      ],
      "_type": "request",
      "_id": "req_5adb0bfdf363434bb531f6bb3aa6fe16",
      "parentId": "fld_f1781654472b4cfda85b23b57d5104ff",
      "description": "Retrieves the status of a contract when passed with an externalRefID. Both the externalRefID and authorization header are required."
    },
    {
      "name": "GetContract",
      "method": "GET",
      "url": "{{default}}/contracts",
      "headers": [
        {
          "name": "externalRefId",
          "value": "3fcb1437-4e52-4946-9ae1-e618351b6d16",
          "disabled": false
        },
        {
          "name": "v-correlation-id",
          "value": "3fcb1437-4e52-4946-9ae1-e618351b6d16",
          "disabled": false
        },
        {
          "name": "Authorization",
          "value": "Authorization42",
          "disabled": false
        }
      ],
      "_type": "request",
      "_id": "req_8c609d42aaab4e4eb43241834ce654b7",
      "parentId": "fld_b06b15db26b9461d983992f2323909b4",
      "description": "Returns a PDF contract to be signed."
    },
    {
      "name": "SignContract",
      "method": "PUT",
      "url": "{{default}}/contracts/sign",
      "body": {
        "mimeType": "application/json",
        "text": "{\r\n  \"signerIPAddress\": \"127.0.0.1\"\r\n}"
      },
      "headers": [
        {
          "name": "externalRefId",
          "value": "3fcb1437-4e52-4946-9ae1-e618351b6d16",
          "disabled": false
        },
        {
          "name": "Content-Type",
          "value": "application/json",
          "disabled": false
        },
        {
          "name": "v-correlation-id",
          "value": "3fcb1437-4e52-4946-9ae1-e618351b6d16",
          "disabled": false
        },
        {
          "name": "Authorization",
          "value": "Authorization82",
          "disabled": false
        }
      ],
      "_type": "request",
      "_id": "req_960db3e76f0e4cf08ffab33cd2a6a5fb",
      "parentId": "fld_b06b15db26b9461d983992f2323909b4",
      "description": "Allows merchants to digitally sign contracts."
    },
    {
      "name": "GetCredentials",
      "method": "GET",
      "url": "{{default}}/credentials",
      "headers": [
        {
          "name": "externalRefId",
          "value": "3fcb1437-4e52-4946-9ae1-e618351b6d16",
          "disabled": false
        },
        {
          "name": "v-correlation-id",
          "value": "3fcb1437-4e52-4946-9ae1-e618351b6d16",
          "disabled": false
        },
        {
          "name": "Authorization",
          "value": "Authorization56",
          "disabled": false
        }
      ],
      "_type": "request",
      "_id": "req_18b23da4a7024f03b39abb6383b90dd9",
      "parentId": "fld_94b1b85d9e5a49e19cd378c01c578085",
      "description": "Returns credentials, which allow merchants to begin processing payments through Integrated Payments.(only when the contract is fully boarded)"
    }
  ]
}