{
  "info": {
    "name": "Launchpad:Merchant Boarding POS",
    "_postman_id": "c75145b7-3e66-4d54-b9bc-7a2b5e610023",
    "description": "The Launchpads Merchant Boarding API allows Worldpay Integrated POS solutions partners to onboard merchants to Worldpay's Payments Platform. Please see the Getting Started page for more information. </br> </br> To contact our certifications team, please email <a href=\"mailto:Certification2@worldpay.com\">Certification2@worldpay.com</a>.   </br> To contact the product team, please email <a href=\"mailto:APICustomerIntegration@worldpay.com\">APICustomerIntegration@worldpay.com</a>.  \n # Authentication \n<SecurityDefinitions />",
    "schema": "https://schema.getpostman.com/json/collection/v2.0.0/collection.json"
  },
  "item": [
    {
      "name": "Initiate Boarding Application",
      "description": "Resources to create/edit and read pending boarding applications.",
      "item": [
        {
          "id": "68379eb1-1182-4fa8-b3c1-3147e5c9b504",
          "name": "FetchApplication",
          "request": {
            "url": {
              "host": "{{default}}",
              "path": [
                "applications"
              ]
            },
            "method": "GET",
            "header": [
              {
                "key": "externalRefId",
                "value": "3fcb1437-4e52-4946-9ae1-e618351b6d16",
                "description": "The externalRefId returned from POST /applications call.",
                "disabled": false
              },
              {
                "key": "v-correlation-id",
                "value": "3fcb1437-4e52-4946-9ae1-e618351b6d16",
                "description": "Unique transaction Id. Will be generated if not provided and returned in response headers.",
                "disabled": false
              },
              {
                "key": "Accept",
                "value": "application/json",
                "disabled": false
              }
            ],
            "body": {
              "mode": "raw",
              "disabled": false
            },
            "description": "Retrieves existing application data. PII data is not returned. Please note: The partner is responsible for sending the link to the contact, who will fill in the rest of the application. The link is secured via OTP validation and only stays active for a preconfigured time, which can be adjusted via settings on the partner's profile."
          },
          "response": [
            {
              "header": [
                {
                  "key": "v-correlation-id",
                  "value": "",
                  "disabled": false
                },
                {
                  "key": "Content-Type",
                  "value": "application/json",
                  "disabled": false
                }
              ],
              "body": "{\r\n  \"externalRefId\": \"df8a6d82-3bb4-4f3b-ba18-57a5981ede8e\",\r\n  \"businessInfo\": {\r\n    \"dbaName\": \"The DBA Name\",\r\n    \"legalName\": \"Timothy Jones\",\r\n    \"ownershipType\": \"LLC\",\r\n    \"mccCode\": \"5812\",\r\n    \"businessEstablishedDate\": \"2000-03-23\",\r\n    \"websiteUrl\": \"www.thefoodplace.com\",\r\n    \"numberOfLocation\": 2,\r\n    \"federalTaxId\": \"123456789\",\r\n    \"paymentAcceptanceMethod\": [\r\n      \"onlineSite\"\r\n    ],\r\n    \"pciadc\": \"No\",\r\n    \"pcidssValidated\": \"No\",\r\n    \"surroundingArea\": \"Commercial\",\r\n    \"productServiceSold\": \"Food\",\r\n    \"ownAddYears\": 2,\r\n    \"lengthOfContract\": \"lengthOfContract37\",\r\n    \"seasonal\": \"Yes\",\r\n    \"activeMonths\": [\r\n      \"Jan\",\r\n      \"Feb\",\r\n      \"Mar\"\r\n    ],\r\n    \"warranty\": \"1 YEAR\",\r\n    \"returnPolicy\": \"30 Day\",\r\n    \"taxExempt\": \"No\",\r\n    \"acceptCreditCards\": \"No\",\r\n    \"amexMarketingCommunication\": \"Yes\",\r\n    \"govOwnedMerchantCountry\": \"US\"\r\n  },\r\n  \"transactionInfo\": {\r\n    \"annualSalesVolume\": 20000.12,\r\n    \"percentRetailSwipedTransactions\": 82,\r\n    \"averageTicket\": 2.3,\r\n    \"highestTicket\": 32.41,\r\n    \"currentProcessor\": \"Global Payments\",\r\n    \"acceptChargebacks\": \"No\",\r\n    \"chargebackPercent\": 0,\r\n    \"returnPercent\": 10,\r\n    \"cardNotPresentPercent\": 20,\r\n    \"businessToBusinessPercent\": 20,\r\n    \"internetTransactionPercent\": 10,\r\n    \"motoPercent\": 20,\r\n    \"annualCreditSalesVolume\": 123.32,\r\n    \"annualDebitSalesVolume\": 32.23,\r\n    \"annualAmexVolume\": 1000000,\r\n    \"amexAverageTicket\": 2.3,\r\n    \"averageNumberofDays\": 10\r\n  },\r\n  \"waivePersonalGuaranty\": false,\r\n  \"leadSource\": \"Activate Portal\",\r\n  \"owners\": {\r\n    \"type\": \"Owner 4 Contact\",\r\n    \"firstName\": \"Todd\",\r\n    \"lastName\": \"Davis\",\r\n    \"phoneNumber\": \"phoneNumber78\",\r\n    \"addressLine1\": \"4355 N Coalwhipe St.\",\r\n    \"city\": \"Denver\",\r\n    \"country\": \"United States\",\r\n    \"postalCode\": \"pos87\",\r\n    \"title\": \"President\",\r\n    \"middleInitial\": \"M\",\r\n    \"phoneNumberExt\": \"phoneN18\",\r\n    \"phoneType\": \"mobile\",\r\n    \"alternatePhone\": \"5131234567\",\r\n    \"alternatePhoneType\": \"home\",\r\n    \"faxNumber\": \"faxNumber43\",\r\n    \"email\": \"test@test.com\",\r\n    \"ownershipPercentage\": 54,\r\n    \"ssn\": \"CO\",\r\n    \"dob\": \"2000-03-23\",\r\n    \"addressLine2\": \"suite 104\",\r\n    \"state\": \"CO\",\r\n    \"postalCodeExtension\": \"po17\",\r\n    \"identification\": [\r\n      {\r\n        \"idType\": \"PASSPORT\",\r\n        \"idNumber\": \"312312341\",\r\n        \"issuedCity\": \"City Town\",\r\n        \"issuedState\": \"CO\",\r\n        \"issuedCountry\": \"US\",\r\n        \"dateIssued\": \"1999-01-30\",\r\n        \"dateExpires\": \"2020-02-11\"\r\n      }\r\n    ]\r\n  },\r\n  \"authorizedSigners\": [\r\n    {\r\n      \"firstName\": \"Todd\",\r\n      \"lastName\": \"Davis\",\r\n      \"phoneNumber\": \"phoneNumber85\",\r\n      \"email\": \"test@test.com\",\r\n      \"ssn\": \"ssn50\",\r\n      \"dob\": \"2000-03-23\",\r\n      \"addressLine1\": \"4355 N Coalwhipe St.\",\r\n      \"state\": \"CO\",\r\n      \"country\": \"United States\",\r\n      \"middleInitial\": \"M\",\r\n      \"addressLine2\": \"suite 104\",\r\n      \"city\": \"Denver\",\r\n      \"postalCode\": \"pos16\"\r\n    }\r\n  ],\r\n  \"guarantors\": [\r\n    {\r\n      \"type\": \"Guarantor 1 Contact\",\r\n      \"firstName\": \"Todd\",\r\n      \"lastName\": \"Davis\",\r\n      \"phoneNumber\": \"phoneNumber86\",\r\n      \"email\": \"test@test.com\",\r\n      \"addressLine1\": \"4355 N Coalwhipe St.\",\r\n      \"city\": \"Denver\",\r\n      \"state\": \"CO\",\r\n      \"country\": \"United States\",\r\n      \"postalCode\": \"pos28\",\r\n      \"title\": \"President\",\r\n      \"middleInitial\": \"M\",\r\n      \"phoneNumberExt\": \"phoneN12\",\r\n      \"phoneType\": \"mobile\",\r\n      \"alternatePhone\": \"5131234567\",\r\n      \"alternatePhoneType\": \"home\",\r\n      \"faxNumber\": \"faxNumber18\",\r\n      \"ownershipPercentage\": 85,\r\n      \"ssn\": \"ssn33\",\r\n      \"dob\": \"2000-03-23\",\r\n      \"addressLine2\": \"suite 104\",\r\n      \"postalCodeExtension\": \"po63\",\r\n      \"identification\": [\r\n        {\r\n          \"idType\": \"PASSPORT\",\r\n          \"idNumber\": \"312312341\",\r\n          \"issuedCity\": \"City Town\",\r\n          \"issuedState\": \"CO\",\r\n          \"issuedCountry\": \"US\",\r\n          \"dateIssued\": \"1999-01-30\",\r\n          \"dateExpires\": \"2020-02-11\"\r\n        }\r\n      ]\r\n    }\r\n  ],\r\n  \"salesAgent\": {\r\n    \"firstName\": \"John\",\r\n    \"lastName\": \"Doe\",\r\n    \"email\": \"test@test.com\",\r\n    \"id\": \"U15315\",\r\n    \"mobilePhoneNumber\": \"1234567890\"\r\n  },\r\n  \"installationContact\": {\r\n    \"firstName\": \"Sam\",\r\n    \"lastName\": \"Doe\",\r\n    \"email\": \"test@test.com\",\r\n    \"id\": \"U15318\",\r\n    \"mobilePhoneNumber\": \"1234567890\"\r\n  },\r\n  \"contacts\": [\r\n    {\r\n      \"type\": \"Primary Contact\",\r\n      \"firstName\": \"Todd\",\r\n      \"lastName\": \"Davis\",\r\n      \"phoneNumber\": \"phoneNumber4\",\r\n      \"email\": \"test@test.com\",\r\n      \"title\": \"President\",\r\n      \"middleInitial\": \"M\",\r\n      \"ssn\": \"ssn17\",\r\n      \"birthDate\": \"2000-03-23\",\r\n      \"phoneNumberExt\": \"phoneN30\",\r\n      \"phoneType\": \"mobile\",\r\n      \"alternatePhone\": \"5131234567\",\r\n      \"alternatePhoneType\": \"home\",\r\n      \"faxNumber\": \"faxNumber44\"\r\n    }\r\n  ],\r\n  \"addresses\": [\r\n    {\r\n      \"type\": \"Physical Address\",\r\n      \"addressLine1\": \"4355 N Coalwhipe St.\",\r\n      \"city\": \"Denver\",\r\n      \"state\": \"CO\",\r\n      \"postalCode\": \"pos19\",\r\n      \"addressLine2\": \"suite 104\",\r\n      \"country\": \"United States\",\r\n      \"postalCodeExtension\": \"po12\"\r\n    }\r\n  ],\r\n  \"bankAccount\": {\r\n    \"ddaType\": \"Checking\",\r\n    \"achType\": \"Commercial Checking\",\r\n    \"accountNumber\": \"011401545\",\r\n    \"routingNumber\": \"102000076\",\r\n    \"bankName\": \"Bank name\"\r\n  },\r\n  \"additionalInformation\": [\r\n    {\r\n      \"key\": \"productVersionId\",\r\n      \"value\": \"4656\"\r\n    }\r\n  ]\r\n}",
              "status": "Success",
              "code": 200,
              "name": "Response_200",
              "id": "1803609f-b091-43af-8f46-6b9931c5c214"
            }
          ]
        },
        {
          "id": "f0d65b4f-8766-4b3a-b927-5edc12bbd2aa",
          "name": "ExisitingApplication",
          "request": {
            "url": {
              "host": "{{default}}",
              "path": [
                "applications"
              ]
            },
            "method": "PUT",
            "header": [
              {
                "key": "Content-Type",
                "value": "application/json",
                "description": "Indicates the media type of the request-body. Accepts application/json.",
                "disabled": false
              },
              {
                "key": "v-correlation-id",
                "value": "3fcb1437-4e52-4946-9ae1-e618351b6d16",
                "description": "Unique transaction Id. Will be generated if not provided and returned in response headers.",
                "disabled": false
              },
              {
                "key": "Accept",
                "value": "application/json",
                "disabled": false
              }
            ],
            "body": {
              "mode": "raw",
              "raw": "{\r\n  \"externalRefId\": \"df8a6d82-3bb4-4f3b-ba18-57a5981ede8e\",\r\n  \"businessInfo\": {\r\n    \"dbaName\": \"The DBA Name\",\r\n    \"legalName\": \"Timothy Jones\",\r\n    \"ownershipType\": \"LLC\",\r\n    \"mccCode\": \"5812\",\r\n    \"businessEstablishedDate\": \"2000-03-23\",\r\n    \"websiteUrl\": \"www.thefoodplace.com\",\r\n    \"numberOfLocation\": 2,\r\n    \"federalTaxId\": \"123456789\",\r\n    \"paymentAcceptanceMethod\": [\r\n      \"inPerson\"\r\n    ],\r\n    \"pciadc\": \"No\",\r\n    \"pcidssValidated\": \"No\",\r\n    \"surroundingArea\": \"Commercial\",\r\n    \"productServiceSold\": \"Food\",\r\n    \"ownAddYears\": 2,\r\n    \"lengthOfContract\": \"lengthOfContract28\",\r\n    \"seasonal\": \"Yes\",\r\n    \"activeMonths\": [\r\n      \"Jan\",\r\n      \"Feb\",\r\n      \"Mar\"\r\n    ],\r\n    \"warranty\": \"1 YEAR\",\r\n    \"returnPolicy\": \"30 Day\",\r\n    \"taxExempt\": \"No\",\r\n    \"acceptCreditCards\": \"No\",\r\n    \"amexMarketingCommunication\": \"Yes\",\r\n    \"govOwnedMerchantCountry\": \"US\"\r\n  },\r\n  \"transactionInfo\": {\r\n    \"annualSalesVolume\": 20000.12,\r\n    \"percentRetailSwipedTransactions\": 82,\r\n    \"averageTicket\": 2.3,\r\n    \"highestTicket\": 32.41,\r\n    \"currentProcessor\": \"Global Payments\",\r\n    \"acceptChargebacks\": \"No\",\r\n    \"chargebackPercent\": 0,\r\n    \"returnPercent\": 10,\r\n    \"cardNotPresentPercent\": 20,\r\n    \"businessToBusinessPercent\": 20,\r\n    \"internetTransactionPercent\": 10,\r\n    \"motoPercent\": 20,\r\n    \"annualCreditSalesVolume\": 123.32,\r\n    \"annualDebitSalesVolume\": 32.23,\r\n    \"annualAmexVolume\": 1000000,\r\n    \"amexAverageTicket\": 2.3,\r\n    \"averageNumberofDays\": 10\r\n  },\r\n  \"leadSource\": \"Activate Portal\",\r\n  \"owners\": {\r\n    \"type\": \"Owner 1 Contact\",\r\n    \"firstName\": \"Todd\",\r\n    \"lastName\": \"Davis\",\r\n    \"phoneNumber\": \"phoneNumber36\",\r\n    \"addressLine1\": \"4355 N Coalwhipe St.\",\r\n    \"city\": \"Denver\",\r\n    \"country\": \"United States\",\r\n    \"postalCode\": \"pos32\",\r\n    \"title\": \"President\",\r\n    \"middleInitial\": \"M\",\r\n    \"phoneNumberExt\": \"phoneN54\",\r\n    \"phoneType\": \"mobile\",\r\n    \"alternatePhone\": \"5131234567\",\r\n    \"alternatePhoneType\": \"home\",\r\n    \"faxNumber\": \"faxNumber58\",\r\n    \"email\": \"test@test.com\",\r\n    \"ownershipPercentage\": 9,\r\n    \"ssn\": \"CO\",\r\n    \"dob\": \"2000-03-23\",\r\n    \"addressLine2\": \"suite 104\",\r\n    \"state\": \"CO\",\r\n    \"postalCodeExtension\": \"po33\",\r\n    \"identification\": [\r\n      {\r\n        \"idType\": \"PASSPORT\",\r\n        \"idNumber\": \"312312341\",\r\n        \"issuedCity\": \"City Town\",\r\n        \"issuedState\": \"CO\",\r\n        \"issuedCountry\": \"US\",\r\n        \"dateIssued\": \"1999-01-30\",\r\n        \"dateExpires\": \"2020-02-11\"\r\n      }\r\n    ]\r\n  },\r\n  \"authorizedSigners\": [\r\n    {\r\n      \"firstName\": \"Todd\",\r\n      \"lastName\": \"Davis\",\r\n      \"phoneNumber\": \"phoneNumber91\",\r\n      \"email\": \"test@test.com\",\r\n      \"ssn\": \"ssn11\",\r\n      \"dob\": \"2000-03-23\",\r\n      \"addressLine1\": \"4355 N Coalwhipe St.\",\r\n      \"state\": \"CO\",\r\n      \"country\": \"United States\",\r\n      \"middleInitial\": \"M\",\r\n      \"addressLine2\": \"suite 104\",\r\n      \"city\": \"Denver\",\r\n      \"postalCode\": \"pos47\"\r\n    }\r\n  ],\r\n  \"guarantors\": [\r\n    {\r\n      \"type\": \"Guarantor 1 Contact\",\r\n      \"firstName\": \"Todd\",\r\n      \"lastName\": \"Davis\",\r\n      \"phoneNumber\": \"phoneNumber61\",\r\n      \"email\": \"test@test.com\",\r\n      \"addressLine1\": \"4355 N Coalwhipe St.\",\r\n      \"city\": \"Denver\",\r\n      \"state\": \"CO\",\r\n      \"country\": \"United States\",\r\n      \"postalCode\": \"pos25\",\r\n      \"title\": \"President\",\r\n      \"middleInitial\": \"M\",\r\n      \"phoneNumberExt\": \"phoneN51\",\r\n      \"phoneType\": \"mobile\",\r\n      \"alternatePhone\": \"5131234567\",\r\n      \"alternatePhoneType\": \"home\",\r\n      \"faxNumber\": \"faxNumber65\",\r\n      \"ownershipPercentage\": 32,\r\n      \"ssn\": \"ssn57\",\r\n      \"dob\": \"2000-03-23\",\r\n      \"addressLine2\": \"suite 104\",\r\n      \"postalCodeExtension\": \"po24\",\r\n      \"identification\": [\r\n        {\r\n          \"idType\": \"PASSPORT\",\r\n          \"idNumber\": \"312312341\",\r\n          \"issuedCity\": \"City Town\",\r\n          \"issuedState\": \"CO\",\r\n          \"issuedCountry\": \"US\",\r\n          \"dateIssued\": \"1999-01-30\",\r\n          \"dateExpires\": \"2020-02-11\"\r\n        }\r\n      ]\r\n    }\r\n  ],\r\n  \"salesAgent\": {\r\n    \"firstName\": \"John\",\r\n    \"lastName\": \"Doe\",\r\n    \"email\": \"email69\",\r\n    \"id\": \"U15315\",\r\n    \"mobilePhoneNumber\": \"1234567890\"\r\n  },\r\n  \"installationContact\": {\r\n    \"firstName\": \"Sam\",\r\n    \"lastName\": \"Doe\",\r\n    \"email\": \"test@test.com\",\r\n    \"id\": \"U15318\",\r\n    \"mobilePhoneNumber\": \"1234567890\"\r\n  },\r\n  \"contacts\": [\r\n    {\r\n      \"type\": \"Primary Contact\",\r\n      \"firstName\": \"Todd\",\r\n      \"lastName\": \"Davis\",\r\n      \"phoneNumber\": \"phoneNumber59\",\r\n      \"email\": \"test@test.com\",\r\n      \"title\": \"President\",\r\n      \"middleInitial\": \"M\",\r\n      \"ssn\": \"ssn71\",\r\n      \"birthDate\": \"2000-03-23\",\r\n      \"phoneNumberExt\": \"phoneN55\",\r\n      \"phoneType\": \"mobile\",\r\n      \"alternatePhone\": \"5131234567\",\r\n      \"alternatePhoneType\": \"home\",\r\n      \"faxNumber\": \"faxNumber74\"\r\n    }\r\n  ],\r\n  \"addresses\": [\r\n    {\r\n      \"type\": \"Physical Address\",\r\n      \"addressLine1\": \"4355 N Coalwhipe St.\",\r\n      \"city\": \"Denver\",\r\n      \"state\": \"CO\",\r\n      \"postalCode\": \"pos53\",\r\n      \"addressLine2\": \"suite 104\",\r\n      \"country\": \"United States\",\r\n      \"postalCodeExtension\": \"po43\"\r\n    }\r\n  ],\r\n  \"bankAccount\": {\r\n    \"ddaType\": \"Checking\",\r\n    \"achType\": \"Commercial Checking\",\r\n    \"accountNumber\": \"011401545\",\r\n    \"routingNumber\": \"102000076\",\r\n    \"bankName\": \"Bank name\"\r\n  },\r\n  \"additionalInformation\": [\r\n    {\r\n      \"key\": \"productVersionId\",\r\n      \"value\": \"4656\"\r\n    }\r\n  ]\r\n}",
              "disabled": false
            },
            "description": "This endpoint allows merchants to update an existing application with new information."
          },
          "response": [
            {
              "header": [
                {
                  "key": "v-correlation-id",
                  "value": "",
                  "disabled": false
                }
              ],
              "status": "Success",
              "code": 200,
              "name": "Response_200",
              "id": "6b8aa1d9-05b6-4143-bb3a-c44952aa3cee"
            }
          ]
        },
        {
          "id": "8f8e7038-6505-4b73-98f3-318ae531c635",
          "name": "NewApplication2",
          "request": {
            "url": {
              "host": "{{default}}",
              "path": [
                "applications"
              ]
            },
            "method": "POST",
            "header": [
              {
                "key": "Content-Type",
                "value": "application/json",
                "description": "Indicates the media type of the request-body. Accepts application/json.",
                "disabled": false
              },
              {
                "key": "v-correlation-id",
                "value": "3fcb1437-4e52-4946-9ae1-e618351b6d16",
                "description": "Unique transaction Id. Will be generated if not provided and returned in response headers.",
                "disabled": false
              },
              {
                "key": "Accept",
                "value": "application/json",
                "disabled": false
              }
            ],
            "body": {
              "mode": "raw",
              "raw": "{\r\n  \"businessInfo\": {\r\n    \"dbaName\": \"The DBA Name\",\r\n    \"legalName\": \"Timothy Jones\",\r\n    \"ownershipType\": \"LLC\",\r\n    \"mccCode\": \"5812\",\r\n    \"businessEstablishedDate\": \"2000-03-23\",\r\n    \"websiteUrl\": \"www.thefoodplace.com\",\r\n    \"numberOfLocations\": 2,\r\n    \"federalTaxId\": \"123456789\",\r\n    \"paymentAcceptanceMethod\": [\r\n      \"inPerson\"\r\n    ],\r\n    \"pciadc\": \"No\",\r\n    \"pcidssValidated\": \"No\",\r\n    \"surroundingArea\": \"Commercial\",\r\n    \"productServiceSold\": \"Food\",\r\n    \"ownAddYears\": 2,\r\n    \"lengthOfContract\": \"lengthOfContract58\",\r\n    \"seasonal\": \"Yes\",\r\n    \"activeMonths\": [\r\n      \"Jan\",\r\n      \"Feb\",\r\n      \"Mar\"\r\n    ],\r\n    \"warranty\": \"1 YEAR\",\r\n    \"returnPolicy\": \"30 Day\",\r\n    \"taxExempt\": \"No\",\r\n    \"acceptCreditCards\": \"No\",\r\n    \"amexMarketingCommunication\": \"Yes\",\r\n    \"govOwnedMerchantCountry\": \"US\"\r\n  },\r\n  \"transactionInfo\": {\r\n    \"annualSalesVolume\": 20000.12,\r\n    \"percentRetailSwipedTransactions\": 82,\r\n    \"averageTicket\": 2.3,\r\n    \"highestTicket\": 32.41,\r\n    \"currentProcessor\": \"Global Payments\",\r\n    \"acceptChargebacks\": \"No\",\r\n    \"chargebackPercent\": 0,\r\n    \"returnPercent\": 10,\r\n    \"cardNotPresentPercent\": 20,\r\n    \"businessToBusinessPercent\": 20,\r\n    \"internetTransactionPercent\": 10,\r\n    \"motoPercent\": 20,\r\n    \"annualCreditSalesVolume\": 123.32,\r\n    \"annualDebitSalesVolume\": 32.23,\r\n    \"annualAmexVolume\": 1000000,\r\n    \"amexAverageTicket\": 2.3,\r\n    \"averageNumberofDays\": 10\r\n  },\r\n  \"contacts\": [\r\n    {\r\n      \"type\": \"Primary Contact\",\r\n      \"firstName\": \"Todd\",\r\n      \"lastName\": \"Davis\",\r\n      \"phoneNumber\": \"phoneNumber59\",\r\n      \"email\": \"test@test.com\",\r\n      \"title\": \"President\",\r\n      \"middleInitial\": \"M\",\r\n      \"ssn\": \"ssn71\",\r\n      \"birthDate\": \"2000-03-23\",\r\n      \"phoneNumberExt\": \"phoneN55\",\r\n      \"phoneType\": \"mobile\",\r\n      \"alternatePhone\": \"5131234567\",\r\n      \"alternatePhoneType\": \"home\",\r\n      \"faxNumber\": \"faxNumber74\"\r\n    }\r\n  ],\r\n  \"addresses\": [\r\n    {\r\n      \"type\": \"Physical Address\",\r\n      \"addressLine1\": \"4355 N Coalwhipe St.\",\r\n      \"city\": \"Denver\",\r\n      \"state\": \"CO\",\r\n      \"postalCode\": \"pos53\",\r\n      \"addressLine2\": \"suite 104\",\r\n      \"country\": \"United States\",\r\n      \"postalCodeExtension\": \"po43\"\r\n    }\r\n  ],\r\n  \"clientTrackingId\": \"1341341234132412341\",\r\n  \"waivePersonalGuaranty\": false,\r\n  \"owners\": [\r\n    {\r\n      \"type\": \"Owner 1 Contact\",\r\n      \"firstName\": \"Todd\",\r\n      \"lastName\": \"Davis\",\r\n      \"phoneNumber\": \"phoneNumber36\",\r\n      \"addressLine1\": \"4355 N Coalwhipe St.\",\r\n      \"city\": \"Denver\",\r\n      \"country\": \"United States\",\r\n      \"postalCode\": \"pos32\",\r\n      \"title\": \"President\",\r\n      \"middleInitial\": \"M\",\r\n      \"phoneNumberExt\": \"phoneN54\",\r\n      \"phoneType\": \"mobile\",\r\n      \"alternatePhone\": \"5131234567\",\r\n      \"alternatePhoneType\": \"home\",\r\n      \"faxNumber\": \"faxNumber58\",\r\n      \"email\": \"test@test.com\",\r\n      \"ownershipPercentage\": 9,\r\n      \"ssn\": \"CO\",\r\n      \"dob\": \"2000-03-23\",\r\n      \"addressLine2\": \"suite 104\",\r\n      \"state\": \"CO\",\r\n      \"postalCodeExtension\": \"po33\",\r\n      \"identification\": [\r\n        {\r\n          \"idType\": \"PASSPORT\",\r\n          \"idNumber\": \"312312341\",\r\n          \"issuedCity\": \"City Town\",\r\n          \"issuedState\": \"CO\",\r\n          \"issuedCountry\": \"US\",\r\n          \"dateIssued\": \"1999-01-30\",\r\n          \"dateExpires\": \"2020-02-11\"\r\n        }\r\n      ]\r\n    }\r\n  ],\r\n  \"authorizedSigners\": [\r\n    {\r\n      \"roleName\": \"Signer3\",\r\n      \"signingExperience\": \"embed\",\r\n      \"signingOrder\": \"2\",\r\n      \"firstName\": \"Todd\",\r\n      \"lastName\": \"Davis\",\r\n      \"phoneNumber\": \"phoneNumber21\",\r\n      \"email\": \"test@test.com\",\r\n      \"addressLine1\": \"4355 N Coalwhipe St.\",\r\n      \"city\": \"Denver\",\r\n      \"state\": \"CO\",\r\n      \"country\": \"United States\",\r\n      \"postalCode\": \"pos43\",\r\n      \"title\": \"President\",\r\n      \"middleInitial\": \"M\",\r\n      \"phoneNumberExt\": \"phoneN71\",\r\n      \"phoneType\": \"mobile\",\r\n      \"alternatePhone\": \"5131234567\",\r\n      \"alternatePhoneType\": \"home\",\r\n      \"faxNumber\": \"faxNumber4\",\r\n      \"ssn\": \"ssn41\",\r\n      \"dob\": \"2000-03-23\",\r\n      \"addressLine2\": \"suite 104\",\r\n      \"postalCodeExtension\": \"po86\"\r\n    }\r\n  ],\r\n  \"guarantors\": [\r\n    {\r\n      \"type\": \"Guarantor 1 Contact\",\r\n      \"firstName\": \"Todd\",\r\n      \"lastName\": \"Davis\",\r\n      \"phoneNumber\": \"phoneNumber61\",\r\n      \"email\": \"test@test.com\",\r\n      \"addressLine1\": \"4355 N Coalwhipe St.\",\r\n      \"city\": \"Denver\",\r\n      \"state\": \"CO\",\r\n      \"country\": \"United States\",\r\n      \"postalCode\": \"pos25\",\r\n      \"title\": \"President\",\r\n      \"middleInitial\": \"M\",\r\n      \"phoneNumberExt\": \"phoneN51\",\r\n      \"phoneType\": \"mobile\",\r\n      \"alternatePhone\": \"5131234567\",\r\n      \"alternatePhoneType\": \"home\",\r\n      \"faxNumber\": \"faxNumber65\",\r\n      \"ownershipPercentage\": 32,\r\n      \"ssn\": \"ssn57\",\r\n      \"dob\": \"2000-03-23\",\r\n      \"addressLine2\": \"suite 104\",\r\n      \"postalCodeExtension\": \"po24\",\r\n      \"identification\": [\r\n        {\r\n          \"idType\": \"PASSPORT\",\r\n          \"idNumber\": \"312312341\",\r\n          \"issuedCity\": \"City Town\",\r\n          \"issuedState\": \"CO\",\r\n          \"issuedCountry\": \"US\",\r\n          \"dateIssued\": \"1999-01-30\",\r\n          \"dateExpires\": \"2020-02-11\"\r\n        }\r\n      ]\r\n    }\r\n  ],\r\n  \"bankAccount\": {\r\n    \"ddaType\": \"Checking\",\r\n    \"achType\": \"Commercial Checking\",\r\n    \"accountNumber\": \"011401545\",\r\n    \"routingNumber\": \"102000076\",\r\n    \"bankName\": \"Bank name\"\r\n  },\r\n  \"salesAgent\": {\r\n    \"firstName\": \"John\",\r\n    \"lastName\": \"Doe\",\r\n    \"email\": \"test@test.com\",\r\n    \"id\": \"U15315\",\r\n    \"mobilePhoneNumber\": \"1234567890\"\r\n  },\r\n  \"installationContact\": {\r\n    \"firstName\": \"Sam\",\r\n    \"lastName\": \"Doe\",\r\n    \"email\": \"test@test.com\",\r\n    \"id\": \"715763\",\r\n    \"mobilePhoneNumber\": \"1234567890\"\r\n  },\r\n  \"additionalInformation\": [\r\n    {\r\n      \"key\": \"productVersionId\",\r\n      \"value\": \"4656\"\r\n    }\r\n  ],\r\n  \"leadSource\": \"LP Connect API\"\r\n}",
              "disabled": false
            },
            "description": "Use this endpoint to collect the merchant information needed to initiate a new contract. "
          },
          "response": [
            {
              "header": [
                {
                  "key": "v-correlation-id",
                  "value": "",
                  "disabled": false
                },
                {
                  "key": "Content-Type",
                  "value": "application/json",
                  "disabled": false
                }
              ],
              "body": "{\r\n  \"externalRefId\": \"df8a6d82-3bb4-4f3b-ba18-57a5981ede8e\"\r\n}",
              "status": "Created",
              "code": 201,
              "name": "Response_201",
              "id": "b5126b5e-ed07-4118-b55f-ef4f8b765625"
            }
          ]
        }
      ]
    },
    {
      "name": "Choose Equipment",
      "description": "Resources to choose the terminals and POS devices.",
      "item": [
        {
          "id": "09d75f81-c8ae-4aa5-bac1-58359ad57b05",
          "name": "Get Existing Equipment",
          "request": {
            "url": {
              "host": "{{default}}",
              "path": [
                "equipment"
              ]
            },
            "method": "GET",
            "header": [
              {
                "key": "externalRefId",
                "value": "3fcb1437-4e52-4946-9ae1-e618351b6d16",
                "description": "The externalRefId returned from POST /applications call.",
                "disabled": false
              },
              {
                "key": "v-correlation-id",
                "value": "3fcb1437-4e52-4946-9ae1-e618351b6d16",
                "description": "Unique transaction Id. Will be generated if not provided and returned in response headers.",
                "disabled": false
              },
              {
                "key": "Accept",
                "value": "application/json",
                "disabled": false
              }
            ],
            "body": {
              "mode": "raw",
              "disabled": false
            },
            "description": "This endpoint allows the partner to get equipment information. This is an optional step, required only if the partner wants to check the equipment selected for a lead. For partners who choose to use this endpoint, we return ID name, type, price, and quantity. Payment method should be PURCHASE/SALE."
          },
          "response": [
            {
              "header": [
                {
                  "key": "v-correlation-id",
                  "value": "",
                  "disabled": false
                },
                {
                  "key": "Content-Type",
                  "value": "application/json",
                  "disabled": false
                }
              ],
              "body": "{\r\n  \"equipments\": [\r\n    {\r\n      \"name\": \"ingenico\",\r\n      \"quantity\": 2,\r\n      \"price\": \"120.00\",\r\n      \"id\": \"10\",\r\n      \"type\": \"standalone\",\r\n      \"paymentMethod\": \"CREDIT/DEBIT\",\r\n      \"accessMethod\": \"SSL\",\r\n      \"environmentName\": \"Retail\"\r\n    }\r\n  ],\r\n  \"shippingOption\": \"2nd day\"\r\n}",
              "status": "Success",
              "code": 200,
              "name": "Response_200",
              "id": "2941e421-6d8f-4295-a928-c29b264fe153"
            }
          ]
        },
        {
          "id": "4bc26fbc-029d-48b5-a45d-60baeb03f6c6",
          "name": "UpdateEquipment",
          "request": {
            "url": {
              "host": "{{default}}",
              "path": [
                "equipment"
              ]
            },
            "method": "PUT",
            "header": [
              {
                "key": "externalRefId",
                "value": "3fcb1437-4e52-4946-9ae1-e618351b6d16",
                "description": "The externalRefId returned from POST /applications call.",
                "disabled": false
              },
              {
                "key": "Content-Type",
                "value": "application/json",
                "description": "Indicates the media type of the request-body. Accepts application/json.",
                "disabled": false
              },
              {
                "key": "v-correlation-id",
                "value": "3fcb1437-4e52-4946-9ae1-e618351b6d16",
                "description": "Unique transaction Id. Will be generated if not provided and returned in response headers.",
                "disabled": false
              },
              {
                "key": "Accept",
                "value": "application/json",
                "disabled": false
              }
            ],
            "body": {
              "mode": "raw",
              "raw": "{\"equipments\":[{\"name\":\"ingenico\",\"quantity\":2,\"price\":\"120.00\"}],\"shippingOption\":\"2nd day\"}",
              "disabled": false
            },
            "description": "This endpoint allows the partner to update equipment information. This is an optional step, required only if the partner chooses to obtain equipment from Worldpay. For partners who choose to use this endpoint, we only expect name, price, and quantity. Payment method should be PURCHASE/SALE."
          },
          "response": [
            {
              "header": [
                {
                  "key": "v-correlation-id",
                  "value": "",
                  "disabled": false
                }
              ],
              "status": "Success",
              "code": 200,
              "name": "Response_200",
              "id": "6349a9d7-e399-4575-859a-33cd5e0d1b9e"
            }
          ]
        },
        {
          "id": "a27c8881-9ee7-4ebb-91fb-b5d368a7c116",
          "name": "ChooseEquipment",
          "request": {
            "url": {
              "host": "{{default}}",
              "path": [
                "equipment"
              ]
            },
            "method": "POST",
            "header": [
              {
                "key": "externalRefId",
                "value": "3fcb1437-4e52-4946-9ae1-e618351b6d16",
                "description": "The externalRefId returned from POST /applications call.",
                "disabled": false
              },
              {
                "key": "Content-Type",
                "value": "application/json",
                "description": "Indicates the media type of the request-body. Accepts application/json.",
                "disabled": false
              },
              {
                "key": "v-correlation-id",
                "value": "3fcb1437-4e52-4946-9ae1-e618351b6d16",
                "description": "Unique transaction Id. Will be generated if not provided and returned in response headers.",
                "disabled": false
              },
              {
                "key": "Accept",
                "value": "application/json",
                "disabled": false
              }
            ],
            "body": {
              "mode": "raw",
              "raw": "{\"equipments\":[{\"name\":\"ingenico\",\"quantity\":2,\"price\":\"120.00\"}],\"shippingOption\":\"2nd day\"}",
              "disabled": false
            },
            "description": "This endpoint allows the partner to collect equipment information. This is an optional step, required only if the partner chooses to obtain equipment from Worldpay. For partners who choose to use this endpoint, we only expect name, price, and quantity. Payment method should be PURCHASE/SALE."
          },
          "response": [
            {
              "header": [
                {
                  "key": "v-correlation-id",
                  "value": "",
                  "disabled": false
                }
              ],
              "status": "Success",
              "code": 200,
              "name": "Response_200",
              "id": "9c76a77d-e1ad-4f00-9239-a205374c456b"
            }
          ]
        }
      ]
    },
    {
      "name": "Choose Additional Services",
      "description": "Resources to enroll and configure additional services",
      "item": [
        {
          "id": "d764cdde-3ff9-4f88-9603-184e12858725",
          "name": "GetVAS",
          "request": {
            "url": {
              "host": "{{default}}",
              "path": [
                "other-services/enrollment"
              ]
            },
            "method": "GET",
            "header": [
              {
                "key": "externalRefId",
                "value": "3fcb1437-4e52-4946-9ae1-e618351b6d16",
                "description": "The externalRefId returned from POST /applications call.",
                "disabled": false
              },
              {
                "key": "v-correlation-id",
                "value": "3fcb1437-4e52-4946-9ae1-e618351b6d16",
                "description": "Unique transaction Id. Will be generated if not provided and returned in response headers.",
                "disabled": false
              },
              {
                "key": "locationId",
                "value": "3fcb1437-4e52-4946-9ae1-e618351b6d16",
                "description": "Unique locationId.",
                "disabled": false
              },
              {
                "key": "Accept",
                "value": "application/json",
                "disabled": false
              }
            ],
            "body": {
              "mode": "raw",
              "disabled": false
            },
            "description": "Returns a list of value added services the partner is using via the externalRefId."
          },
          "response": [
            {
              "header": [
                {
                  "key": "v-correlation-id",
                  "value": "",
                  "disabled": false
                },
                {
                  "key": "Content-Type",
                  "value": "application/json",
                  "disabled": false
                }
              ],
              "body": "{\r\n  \"services\": {\r\n    \"serviceName\": \"amex\",\r\n    \"optIn\": true\r\n  },\r\n  \"amex\": {\r\n    \"type\": \"OptBlue\",\r\n    \"accountNumber\": 1345143853,\r\n    \"applyCommunicationFee\": \"Yes\"\r\n  }\r\n}",
              "status": "Success",
              "code": 200,
              "name": "Response_200",
              "id": "5ddee1bb-d8d5-43d7-a3e5-a707f33b2656"
            }
          ]
        },
        {
          "id": "83e12745-8a8d-4df6-b00f-0cb332d017a5",
          "name": "UpdateVAS",
          "request": {
            "url": {
              "host": "{{default}}",
              "path": [
                "other-services/enrollment"
              ]
            },
            "method": "PUT",
            "header": [
              {
                "key": "externalRefId",
                "value": "3fcb1437-4e52-4946-9ae1-e618351b6d16",
                "description": "The externalRefId returned from POST /applications call.",
                "disabled": false
              },
              {
                "key": "Content-Type",
                "value": "application/json",
                "description": "Indicates the media type of the request-body. Accepts application/json.",
                "disabled": false
              },
              {
                "key": "v-correlation-id",
                "value": "3fcb1437-4e52-4946-9ae1-e618351b6d16",
                "description": "Unique transaction Id. Will be generated if not provided and returned in response headers.",
                "disabled": false
              },
              {
                "key": "Accept",
                "value": "application/json",
                "disabled": false
              }
            ],
            "body": {
              "mode": "raw",
              "raw": "{\r\n  \"services\": {\r\n    \"serviceName\": \"amex\",\r\n    \"optIn\": true\r\n  },\r\n  \"amex\": {\r\n    \"type\": \"OptBlue\",\r\n    \"accountNumber\": 1345143853,\r\n    \"applyCommunicationFee\": \"Yes\"\r\n  }\r\n}",
              "disabled": false
            },
            "description": "Updates the value added services in which a partner is enrolled."
          },
          "response": [
            {
              "header": [
                {
                  "key": "v-correlation-id",
                  "value": "",
                  "disabled": false
                }
              ],
              "status": "Success",
              "code": 200,
              "name": "Response_200",
              "id": "a7f65b89-dc6f-41dc-8331-7c8bb68a4ff9"
            }
          ]
        },
        {
          "id": "c8ee6b06-f543-4c33-9efd-8e0351e6f5bd",
          "name": "ConfigVAS",
          "request": {
            "url": {
              "host": "{{default}}",
              "path": [
                "other-services/enrollment"
              ]
            },
            "method": "POST",
            "header": [
              {
                "key": "externalRefId",
                "value": "3fcb1437-4e52-4946-9ae1-e618351b6d16",
                "description": "The externalRefId returned from POST /applications call.",
                "disabled": false
              },
              {
                "key": "Content-Type",
                "value": "application/json",
                "description": "Indicates the media type of the request-body. Accepts application/json.",
                "disabled": false
              },
              {
                "key": "v-correlation-id",
                "value": "3fcb1437-4e52-4946-9ae1-e618351b6d16",
                "description": "Unique transaction Id. Will be generated if not provided and returned in response headers.",
                "disabled": false
              },
              {
                "key": "Accept",
                "value": "application/json",
                "disabled": false
              }
            ],
            "body": {
              "mode": "raw",
              "raw": "{\r\n  \"services\": {\r\n    \"serviceName\": \"amex\",\r\n    \"optIn\": true\r\n  },\r\n  \"amex\": {\r\n    \"type\": \"OptBlue\",\r\n    \"accountNumber\": 1345143853,\r\n    \"applyCommunicationFee\": \"Yes\"\r\n  }\r\n}",
              "disabled": false
            },
            "description": "Enrolls partners in desired value added services."
          },
          "response": [
            {
              "header": [
                {
                  "key": "v-correlation-id",
                  "value": "",
                  "disabled": false
                }
              ],
              "status": "Success",
              "code": 200,
              "name": "Response_200",
              "id": "9e1632a1-d668-4364-b292-6f8beb41de82"
            }
          ]
        }
      ]
    },
    {
      "name": "Retrieve Merchant PII Data Collection Link",
      "description": "Resources to retrieve the merchant PII data collection link.",
      "item": [
        {
          "id": "050f5ee3-fee6-43cc-93c5-977457e62c83",
          "name": "DataCollectionLink",
          "request": {
            "url": {
              "host": "{{default}}",
              "path": [
                "applications/link"
              ]
            },
            "method": "POST",
            "header": [
              {
                "key": "externalRefId",
                "value": "3fcb1437-4e52-4946-9ae1-e618351b6d16",
                "description": "The externalRefId returned from POST /applications call.",
                "disabled": false
              },
              {
                "key": "Content-Type",
                "value": "application/json",
                "description": "Indicates the media type of the request-body. Accepts application/json.",
                "disabled": false
              },
              {
                "key": "v-correlation-id",
                "value": "3fcb1437-4e52-4946-9ae1-e618351b6d16",
                "description": "Unique transaction Id. Will be generated if not provided and returned in response headers.",
                "disabled": false
              },
              {
                "key": "Accept",
                "value": "application/json",
                "disabled": false
              }
            ],
            "body": {
              "mode": "raw",
              "raw": "{\r\n  \"applicationContact\": {\r\n    \"title\": \"Owner\",\r\n    \"firstName\": \"John\",\r\n    \"lastName\": \"Doe\",\r\n    \"email\": \"test@test.com\",\r\n    \"mobilePhoneNumber\": \"1234567890\"\r\n  }\r\n}",
              "disabled": false
            },
            "description": "This endpoint is used to send an application link to the application contact.\nThe link is generated via the API, and the partner is expected to send this link to the appropriate contact. Once the contact receives the link, they should complete the application and e-sign the processing agreement in the Launchpad UI.\nThe application contact will be prompted to verify their identity with a one-time passcode sent to their email before they can access the application.\n\n\n NOTE: During the certification process, this endpoint is not accessible outside of the Worldpay network. Please work with your Developer Integration representative during the certification process for\n testing."
          },
          "response": [
            {
              "header": [
                {
                  "key": "v-correlation-id",
                  "value": "",
                  "disabled": false
                },
                {
                  "key": "Content-Type",
                  "value": "application/json",
                  "disabled": false
                }
              ],
              "body": "{\r\n  \"ui-link\": \"https://test-url.com\"\r\n}",
              "status": "Success",
              "code": 200,
              "name": "Response_200",
              "id": "71bbcdc1-a388-44ff-be05-f4985d5d4ba1"
            }
          ]
        }
      ]
    },
    {
      "name": "Submit Application",
      "description": "Resources to validate and submit the final application for boarding.",
      "item": [
        {
          "id": "07ecaffc-75a1-460e-a132-f9b2e920ff94",
          "name": "InititateBoard",
          "request": {
            "url": {
              "host": "{{default}}",
              "path": [
                "applications/board"
              ]
            },
            "method": "PUT",
            "header": [
              {
                "key": "externalRefId",
                "value": "3fcb1437-4e52-4946-9ae1-e618351b6d16",
                "description": "The externalRefId returned from POST /applications call.",
                "disabled": false
              },
              {
                "key": "Content-Type",
                "value": "application/json",
                "description": "Indicates the media type of the request-body. Accepts application/json.",
                "disabled": false
              },
              {
                "key": "v-correlation-id",
                "value": "3fcb1437-4e52-4946-9ae1-e618351b6d16",
                "description": "Unique transaction Id. Will be generated if not provided and returned in response headers.",
                "disabled": false
              },
              {
                "key": "threatmetrixId",
                "value": "threatmetrixId72",
                "description": "A unique session id",
                "disabled": false
              },
              {
                "key": "Accept",
                "value": "application/json",
                "disabled": false
              }
            ],
            "body": {
              "mode": "raw",
              "disabled": false
            },
            "description": "Begins the merchant boarding process after all necessary information has been submitted to the API. Please see the reference guide for specific boarding requirements."
          },
          "response": [
            {
              "header": [
                {
                  "key": "v-correlation-id",
                  "value": "",
                  "disabled": false
                }
              ],
              "status": "Success",
              "code": 200,
              "name": "Response_200",
              "id": "33e21459-a656-46b9-a84b-2c3dfe4e92a7"
            }
          ]
        }
      ]
    },
    {
      "name": "Check Application Status",
      "description": "Resource to check status of the application.",
      "item": [
        {
          "id": "00f4a7c3-0b2f-438f-af84-c7319081f647",
          "name": "GetApplicationStatus",
          "request": {
            "url": {
              "host": "{{default}}",
              "path": [
                "applications/status"
              ]
            },
            "method": "GET",
            "header": [
              {
                "key": "externalRefId",
                "value": "3fcb1437-4e52-4946-9ae1-e618351b6d16",
                "description": "The externalRefId returned from POST /applications call.",
                "disabled": false
              },
              {
                "key": "v-correlation-id",
                "value": "3fcb1437-4e52-4946-9ae1-e618351b6d16",
                "description": "Unique transaction Id. Will be generated if not provided and returned in response headers.",
                "disabled": false
              },
              {
                "key": "Accept",
                "value": "application/json",
                "disabled": false
              }
            ],
            "body": {
              "mode": "raw",
              "disabled": false
            },
            "description": "Retrieves the status of a contract when passed with an externalRefID. Both the externalRefID and authorization header are required."
          },
          "response": [
            {
              "header": [
                {
                  "key": "v-correlation-id",
                  "value": "",
                  "disabled": false
                },
                {
                  "key": "Content-Type",
                  "value": "application/json",
                  "disabled": false
                }
              ],
              "body": "{\r\n  \"externalRefId\": \"df8a6d82-3bb4-4f3b-ba18-57a5981ede8e\",\r\n  \"contractStatus\": \"Error\",\r\n  \"description\": \"description30\",\r\n  \"mid\": \"mid66\",\r\n  \"pendedReason\": \"pendedReason32\"\r\n}",
              "status": "Success\n\nApplicationStatus gives following Information,\n\n- 'contractStatus' - Current status of contract processing.\n\n- 'description' - Detailed description of the contractStatus.",
              "code": 200,
              "name": "Response_200",
              "id": "83e4b015-7f1a-460f-841e-c78bfa99fbcd"
            }
          ]
        }
      ]
    },
    {
      "name": "Review and Sign Contract",
      "description": "Resources to retrieve the contract and digitally sign.",
      "item": [
        {
          "id": "8337d537-89c9-4412-987b-cfac376c3d4e",
          "name": "GetContract",
          "request": {
            "url": {
              "host": "{{default}}",
              "path": [
                "contracts"
              ]
            },
            "method": "GET",
            "header": [
              {
                "key": "externalRefId",
                "value": "3fcb1437-4e52-4946-9ae1-e618351b6d16",
                "description": "The externalRefId returned from POST /applications call.",
                "disabled": false
              },
              {
                "key": "v-correlation-id",
                "value": "3fcb1437-4e52-4946-9ae1-e618351b6d16",
                "description": "Unique transaction Id. Will be generated if not provided and returned in response headers.",
                "disabled": false
              },
              {
                "key": "Accept",
                "value": "application/pdf,application/json",
                "disabled": false
              }
            ],
            "body": {
              "mode": "raw",
              "disabled": false
            },
            "description": "Returns a PDF contract to be signed."
          },
          "response": [
            {
              "header": [
                {
                  "key": "v-correlation-id",
                  "value": "",
                  "disabled": false
                },
                {
                  "key": "Content-Type",
                  "value": "application/pdf",
                  "disabled": false
                }
              ],
              "body": "any",
              "status": "Response is a PDF file.",
              "code": 200,
              "name": "Response_200",
              "id": "5cd88d1f-a44b-4f61-9bef-c8d94018dd6d"
            }
          ]
        },
        {
          "id": "cc66f15b-558f-4c41-9bbf-409c48efd070",
          "name": "SignContract",
          "request": {
            "url": {
              "host": "{{default}}",
              "path": [
                "contracts/sign"
              ]
            },
            "method": "PUT",
            "header": [
              {
                "key": "externalRefId",
                "value": "3fcb1437-4e52-4946-9ae1-e618351b6d16",
                "description": "The externalRefId returned from POST /applications call.",
                "disabled": false
              },
              {
                "key": "Content-Type",
                "value": "application/json",
                "description": "Indicates the media type of the request-body. Accepts application/json.",
                "disabled": false
              },
              {
                "key": "v-correlation-id",
                "value": "3fcb1437-4e52-4946-9ae1-e618351b6d16",
                "description": "Unique transaction Id. Will be generated if not provided and returned in response headers.",
                "disabled": false
              },
              {
                "key": "Accept",
                "value": "application/json",
                "disabled": false
              }
            ],
            "body": {
              "mode": "raw",
              "raw": "{\r\n  \"signerIPAddress\": \"127.0.0.1\"\r\n}",
              "disabled": false
            },
            "description": "Allows merchants to digitally sign contracts."
          },
          "response": [
            {
              "header": [
                {
                  "key": "v-correlation-id",
                  "value": "",
                  "disabled": false
                }
              ],
              "status": "Successfully signed contract.",
              "code": 200,
              "name": "Response_200",
              "id": "c20f5c13-faae-43bb-9538-ddb90ed6d305"
            }
          ]
        }
      ]
    },
    {
      "name": "Activation",
      "description": "Resource used to retrieve credentials for activation.",
      "item": [
        {
          "id": "4accfc0b-e1f0-45b3-ab85-9e1dc55ec854",
          "name": "GetCredentials",
          "request": {
            "url": {
              "host": "{{default}}",
              "path": [
                "credentials"
              ]
            },
            "method": "GET",
            "header": [
              {
                "key": "externalRefId",
                "value": "3fcb1437-4e52-4946-9ae1-e618351b6d16",
                "description": "The externalRefId returned from POST /applications call.",
                "disabled": false
              },
              {
                "key": "v-correlation-id",
                "value": "3fcb1437-4e52-4946-9ae1-e618351b6d16",
                "description": "Unique transaction Id. Will be generated if not provided and returned in response headers.",
                "disabled": false
              },
              {
                "key": "Accept",
                "value": "application/json",
                "disabled": false
              }
            ],
            "body": {
              "mode": "raw",
              "disabled": false
            },
            "description": "Returns credentials, which allow merchants to begin processing payments through Integrated Payments.(only when the contract is fully boarded)"
          },
          "response": [
            {
              "header": [
                {
                  "key": "v-correlation-id",
                  "value": "",
                  "disabled": false
                },
                {
                  "key": "Content-Type",
                  "value": "application/json",
                  "disabled": false
                }
              ],
              "body": "{\r\n  \"dbaName\": \"The DBA Name\",\r\n  \"addressLine1\": \"4355 N Coalwhipe St.\",\r\n  \"addressLine2\": \"addressLine249\",\r\n  \"city\": \"City Town\",\r\n  \"state\": \"CO\",\r\n  \"postalCode\": \"80123\",\r\n  \"firstName\": \"Timothy\",\r\n  \"lastName\": \"Jones\",\r\n  \"email\": \"test@test.com\",\r\n  \"telephoneNumber\": \"1234567890\",\r\n  \"accountId\": \"accountId70\",\r\n  \"acceptorId\": \"acceptorId18\",\r\n  \"expressToken\": \"expressToken52\"\r\n}",
              "status": "Success",
              "code": 200,
              "name": "Response_200",
              "id": "15f33bde-95b2-4605-b2a0-f96cd91ea7fa"
            }
          ]
        }
      ]
    }
  ],
  "variable": [
    {
      "key": "default",
      "value": "https://apis.cert.worldpay.com/merchant-boarding/v2"
    },
    {
      "key": "default1",
      "value": "https://apis.cert.worldpay.com/merchant-boarding/v1"
    }
  ],
  "auth": {
    "type": "apikey",
    "apikey": {
      "key": "Authorization",
      "value": "Authorization10",
      "in": "header"
    }
  }
}