{
  "id": "7e3e2fe6-3b16-4477-84e5-66c87947f062",
  "name": "Launchpad:Merchant Boarding POS",
  "description": "The Launchpads Merchant Boarding API allows Worldpay Integrated POS solutions partners to onboard merchants to Worldpay's Payments Platform. Please see the Getting Started page for more information. </br> </br> To contact our certifications team, please email <a href=\"mailto:Certification2@worldpay.com\">Certification2@worldpay.com</a>.   </br> To contact the product team, please email <a href=\"mailto:APICustomerIntegration@worldpay.com\">APICustomerIntegration@worldpay.com</a>.  \n # Authentication \n<SecurityDefinitions />",
  "order": [],
  "folders": [
    {
      "id": "cef35062-9f53-4ebc-a2ac-1da2d1d0e8a9",
      "name": "Initiate Boarding Application",
      "description": "Resources to create/edit and read pending boarding applications.",
      "order": [
        "054aff7b-d577-4d62-94b3-2991a761647a",
        "d50ad60d-2170-46a2-b12a-cc0df76b6108",
        "7d8e170c-2721-40eb-b686-ebf49438fbc8"
      ],
      "collection_id": "7e3e2fe6-3b16-4477-84e5-66c87947f062"
    },
    {
      "id": "e904e401-2709-47c4-ad70-5e3bed60d232",
      "name": "Choose Equipment",
      "description": "Resources to choose the terminals and POS devices.",
      "order": [
        "f63e74e3-c7bb-4c37-9e1a-62f4a8fb6d22",
        "ed9e21bf-db0f-4067-ab30-5a923c4247ea",
        "3fa13b04-887a-4b31-97a5-3fba765ebb64"
      ],
      "collection_id": "7e3e2fe6-3b16-4477-84e5-66c87947f062"
    },
    {
      "id": "d5274466-37f1-4b1f-96c2-a21212f28f90",
      "name": "Choose Additional Services",
      "description": "Resources to enroll and configure additional services",
      "order": [
        "95e2b41f-aa38-4f84-ac4c-35bbe358ef50",
        "a9ce6718-3b58-43eb-b238-8e460bf52751",
        "910367c5-0522-4326-a397-13dae485daf6"
      ],
      "collection_id": "7e3e2fe6-3b16-4477-84e5-66c87947f062"
    },
    {
      "id": "d2855abf-9d6f-471e-8f78-1638cc1f4175",
      "name": "Retrieve Merchant PII Data Collection Link",
      "description": "Resources to retrieve the merchant PII data collection link.",
      "order": [
        "3d55b832-9576-457b-9a26-90fdd88d58ce"
      ],
      "collection_id": "7e3e2fe6-3b16-4477-84e5-66c87947f062"
    },
    {
      "id": "571923e7-e456-4855-bcad-b09ee39cabe5",
      "name": "Submit Application",
      "description": "Resources to validate and submit the final application for boarding.",
      "order": [
        "56547707-e1ca-41aa-b3fc-1b26f5d05282"
      ],
      "collection_id": "7e3e2fe6-3b16-4477-84e5-66c87947f062"
    },
    {
      "id": "bad2959c-47cf-4371-8af0-7e6575b02bd2",
      "name": "Check Application Status",
      "description": "Resource to check status of the application.",
      "order": [
        "19025d20-2cd6-43b6-9289-d3ae3ca3fe35"
      ],
      "collection_id": "7e3e2fe6-3b16-4477-84e5-66c87947f062"
    },
    {
      "id": "dfc4d9d7-44b6-48cb-9f0e-e42732ef7e22",
      "name": "Review and Sign Contract",
      "description": "Resources to retrieve the contract and digitally sign.",
      "order": [
        "af2bded7-d147-4072-b325-2b1d29922e83",
        "f1538b59-dcf4-4a43-956d-c60e4dabedb2"
      ],
      "collection_id": "7e3e2fe6-3b16-4477-84e5-66c87947f062"
    },
    {
      "id": "7c3ea912-1467-4a5d-a90e-31773b398874",
      "name": "Activation",
      "description": "Resource used to retrieve credentials for activation.",
      "order": [
        "5157c12d-8217-4211-930a-66bd9b518ced"
      ],
      "collection_id": "7e3e2fe6-3b16-4477-84e5-66c87947f062"
    }
  ],
  "requests": [
    {
      "folder": "cef35062-9f53-4ebc-a2ac-1da2d1d0e8a9",
      "id": "054aff7b-d577-4d62-94b3-2991a761647a",
      "name": "FetchApplication",
      "dataDisabled": false,
      "descriptionFormat": "markdown",
      "description": "Retrieves existing application data. PII data is not returned. Please note: The partner is responsible for sending the link to the contact, who will fill in the rest of the application. The link is secured via OTP validation and only stays active for a preconfigured time, which can be adjusted via settings on the partner's profile.",
      "headers": "externalRefId:3fcb1437-4e52-4946-9ae1-e618351b6d16\r\nv-correlation-id:3fcb1437-4e52-4946-9ae1-e618351b6d16\r\nAccept:application/json\r\n",
      "method": "GET",
      "pathVariables": {},
      "url": "{{default}}/applications",
      "responses": [
        {
          "request": "054aff7b-d577-4d62-94b3-2991a761647a",
          "id": "6a0264e3-b942-450c-898f-478ae1813340",
          "name": "Response_200",
          "status": "Success",
          "responseCode": {
            "code": 200,
            "name": "200",
            "detail": "Success"
          },
          "headers": [
            {
              "name": "v-correlation-id",
              "key": "v-correlation-id",
              "value": "3fcb1437-4e52-4946-9ae1-e618351b6d16",
              "description": "Unique transaction Id. Will be generated if not provided and returned in response headers."
            },
            {
              "key": "Content-Type",
              "value": "application/json"
            }
          ],
          "mime": "application/json",
          "text": "{\r\n  \"externalRefId\": \"df8a6d82-3bb4-4f3b-ba18-57a5981ede8e\",\r\n  \"businessInfo\": {\r\n    \"dbaName\": \"The DBA Name\",\r\n    \"legalName\": \"Timothy Jones\",\r\n    \"ownershipType\": \"LLC\",\r\n    \"mccCode\": \"5812\",\r\n    \"businessEstablishedDate\": \"2000-03-23\",\r\n    \"websiteUrl\": \"www.thefoodplace.com\",\r\n    \"numberOfLocation\": 2,\r\n    \"federalTaxId\": \"123456789\",\r\n    \"paymentAcceptanceMethod\": [\r\n      \"onlineSite\"\r\n    ],\r\n    \"pciadc\": \"No\",\r\n    \"pcidssValidated\": \"No\",\r\n    \"surroundingArea\": \"Commercial\",\r\n    \"productServiceSold\": \"Food\",\r\n    \"ownAddYears\": 2,\r\n    \"lengthOfContract\": \"lengthOfContract19\",\r\n    \"seasonal\": \"Yes\",\r\n    \"activeMonths\": [\r\n      \"Jan\",\r\n      \"Feb\",\r\n      \"Mar\"\r\n    ],\r\n    \"warranty\": \"1 YEAR\",\r\n    \"returnPolicy\": \"30 Day\",\r\n    \"taxExempt\": \"No\",\r\n    \"acceptCreditCards\": \"No\",\r\n    \"amexMarketingCommunication\": \"Yes\",\r\n    \"govOwnedMerchantCountry\": \"US\"\r\n  },\r\n  \"transactionInfo\": {\r\n    \"annualSalesVolume\": 20000.12,\r\n    \"percentRetailSwipedTransactions\": 82,\r\n    \"averageTicket\": 2.3,\r\n    \"highestTicket\": 32.41,\r\n    \"currentProcessor\": \"Global Payments\",\r\n    \"acceptChargebacks\": \"No\",\r\n    \"chargebackPercent\": 0,\r\n    \"returnPercent\": 10,\r\n    \"cardNotPresentPercent\": 20,\r\n    \"businessToBusinessPercent\": 20,\r\n    \"internetTransactionPercent\": 10,\r\n    \"motoPercent\": 20,\r\n    \"annualCreditSalesVolume\": 123.32,\r\n    \"annualDebitSalesVolume\": 32.23,\r\n    \"annualAmexVolume\": 1000000,\r\n    \"amexAverageTicket\": 2.3,\r\n    \"averageNumberofDays\": 10\r\n  },\r\n  \"waivePersonalGuaranty\": false,\r\n  \"leadSource\": \"Activate Portal\",\r\n  \"owners\": {\r\n    \"type\": \"Owner 1 Contact\",\r\n    \"firstName\": \"Todd\",\r\n    \"lastName\": \"Davis\",\r\n    \"phoneNumber\": \"phoneNumber15\",\r\n    \"addressLine1\": \"4355 N Coalwhipe St.\",\r\n    \"city\": \"Denver\",\r\n    \"country\": \"United States\",\r\n    \"postalCode\": \"pos54\",\r\n    \"title\": \"President\",\r\n    \"middleInitial\": \"M\",\r\n    \"phoneNumberExt\": \"phoneNu6\",\r\n    \"phoneType\": \"mobile\",\r\n    \"alternatePhone\": \"5131234567\",\r\n    \"alternatePhoneType\": \"home\",\r\n    \"faxNumber\": \"faxNumber75\",\r\n    \"email\": \"test@test.com\",\r\n    \"ownershipPercentage\": 85,\r\n    \"ssn\": \"CO\",\r\n    \"dob\": \"2000-03-23\",\r\n    \"addressLine2\": \"suite 104\",\r\n    \"state\": \"CO\",\r\n    \"postalCodeExtension\": \"po36\",\r\n    \"identification\": [\r\n      {\r\n        \"idType\": \"PASSPORT\",\r\n        \"idNumber\": \"312312341\",\r\n        \"issuedCity\": \"City Town\",\r\n        \"issuedState\": \"CO\",\r\n        \"issuedCountry\": \"US\",\r\n        \"dateIssued\": \"1999-01-30\",\r\n        \"dateExpires\": \"2020-02-11\"\r\n      }\r\n    ]\r\n  },\r\n  \"authorizedSigners\": [\r\n    {\r\n      \"firstName\": \"Todd\",\r\n      \"lastName\": \"Davis\",\r\n      \"phoneNumber\": \"phoneNumber42\",\r\n      \"email\": \"test@test.com\",\r\n      \"ssn\": \"ssn66\",\r\n      \"dob\": \"2000-03-23\",\r\n      \"addressLine1\": \"4355 N Coalwhipe St.\",\r\n      \"state\": \"CO\",\r\n      \"country\": \"United States\",\r\n      \"middleInitial\": \"M\",\r\n      \"addressLine2\": \"suite 104\",\r\n      \"city\": \"Denver\",\r\n      \"postalCode\": \"pos40\"\r\n    }\r\n  ],\r\n  \"guarantors\": [\r\n    {\r\n      \"type\": \"Guarantor 1 Contact\",\r\n      \"firstName\": \"Todd\",\r\n      \"lastName\": \"Davis\",\r\n      \"phoneNumber\": \"phoneNumber34\",\r\n      \"email\": \"test@test.com\",\r\n      \"addressLine1\": \"4355 N Coalwhipe St.\",\r\n      \"city\": \"Denver\",\r\n      \"state\": \"CO\",\r\n      \"country\": \"United States\",\r\n      \"postalCode\": \"pos18\",\r\n      \"title\": \"President\",\r\n      \"middleInitial\": \"M\",\r\n      \"phoneNumberExt\": \"phoneN81\",\r\n      \"phoneType\": \"mobile\",\r\n      \"alternatePhone\": \"5131234567\",\r\n      \"alternatePhoneType\": \"home\",\r\n      \"faxNumber\": \"faxNumber1\",\r\n      \"ownershipPercentage\": 37,\r\n      \"ssn\": \"ssn73\",\r\n      \"dob\": \"2000-03-23\",\r\n      \"addressLine2\": \"suite 104\",\r\n      \"postalCodeExtension\": \"po97\",\r\n      \"identification\": [\r\n        {\r\n          \"idType\": \"PASSPORT\",\r\n          \"idNumber\": \"312312341\",\r\n          \"issuedCity\": \"City Town\",\r\n          \"issuedState\": \"CO\",\r\n          \"issuedCountry\": \"US\",\r\n          \"dateIssued\": \"1999-01-30\",\r\n          \"dateExpires\": \"2020-02-11\"\r\n        }\r\n      ]\r\n    }\r\n  ],\r\n  \"salesAgent\": {\r\n    \"firstName\": \"John\",\r\n    \"lastName\": \"Doe\",\r\n    \"email\": \"test@test.com\",\r\n    \"id\": \"U15315\",\r\n    \"mobilePhoneNumber\": \"1234567890\"\r\n  },\r\n  \"installationContact\": {\r\n    \"firstName\": \"Sam\",\r\n    \"lastName\": \"Doe\",\r\n    \"email\": \"test@test.com\",\r\n    \"id\": \"U15318\",\r\n    \"mobilePhoneNumber\": \"1234567890\"\r\n  },\r\n  \"contacts\": [\r\n    {\r\n      \"type\": \"Primary Contact\",\r\n      \"firstName\": \"Todd\",\r\n      \"lastName\": \"Davis\",\r\n      \"phoneNumber\": \"phoneNumber48\",\r\n      \"email\": \"test@test.com\",\r\n      \"title\": \"President\",\r\n      \"middleInitial\": \"M\",\r\n      \"ssn\": \"ssn43\",\r\n      \"birthDate\": \"2000-03-23\",\r\n      \"phoneNumberExt\": \"phoneN73\",\r\n      \"phoneType\": \"mobile\",\r\n      \"alternatePhone\": \"5131234567\",\r\n      \"alternatePhoneType\": \"home\",\r\n      \"faxNumber\": \"faxNumber5\"\r\n    }\r\n  ],\r\n  \"addresses\": [\r\n    {\r\n      \"type\": \"Physical Address\",\r\n      \"addressLine1\": \"4355 N Coalwhipe St.\",\r\n      \"city\": \"Denver\",\r\n      \"state\": \"CO\",\r\n      \"postalCode\": \"pos54\",\r\n      \"addressLine2\": \"suite 104\",\r\n      \"country\": \"United States\",\r\n      \"postalCodeExtension\": \"po77\"\r\n    }\r\n  ],\r\n  \"bankAccount\": {\r\n    \"ddaType\": \"Checking\",\r\n    \"achType\": \"Commercial Checking\",\r\n    \"accountNumber\": \"011401545\",\r\n    \"routingNumber\": \"102000076\",\r\n    \"bankName\": \"Bank name\"\r\n  },\r\n  \"additionalInformation\": [\r\n    {\r\n      \"key\": \"productVersionId\",\r\n      \"value\": \"4656\"\r\n    }\r\n  ]\r\n}",
          "language": "Text",
          "rawDataType": "text"
        }
      ],
      "collectionId": "7e3e2fe6-3b16-4477-84e5-66c87947f062",
      "queryParams": [],
      "headerData": [
        {
          "key": "externalRefId",
          "value": "3fcb1437-4e52-4946-9ae1-e618351b6d16",
          "description": "The externalRefId returned from POST /applications call."
        },
        {
          "key": "v-correlation-id",
          "value": "3fcb1437-4e52-4946-9ae1-e618351b6d16",
          "description": "Unique transaction Id. Will be generated if not provided and returned in response headers."
        },
        {
          "key": "Accept",
          "value": "application/json"
        }
      ],
      "pathVariableData": []
    },
    {
      "folder": "cef35062-9f53-4ebc-a2ac-1da2d1d0e8a9",
      "id": "d50ad60d-2170-46a2-b12a-cc0df76b6108",
      "name": "ExisitingApplication",
      "dataMode": "raw",
      "dataDisabled": false,
      "descriptionFormat": "markdown",
      "description": "This endpoint allows merchants to update an existing application with new information.",
      "headers": "Content-Type:application/json\r\nv-correlation-id:3fcb1437-4e52-4946-9ae1-e618351b6d16\r\nAccept:application/json\r\n",
      "method": "PUT",
      "pathVariables": {},
      "url": "{{default}}/applications",
      "responses": [
        {
          "request": "d50ad60d-2170-46a2-b12a-cc0df76b6108",
          "id": "e9e2d0d6-dbdb-4777-aea2-dddb903ca128",
          "name": "Response_200",
          "status": "Success",
          "responseCode": {
            "code": 200,
            "name": "200",
            "detail": "Success"
          },
          "headers": [
            {
              "name": "v-correlation-id",
              "key": "v-correlation-id",
              "value": "3fcb1437-4e52-4946-9ae1-e618351b6d16",
              "description": "Unique transaction Id. Will be generated if not provided and returned in response headers."
            }
          ],
          "language": "Text"
        }
      ],
      "rawModeData": "{\r\n  \"externalRefId\": \"df8a6d82-3bb4-4f3b-ba18-57a5981ede8e\",\r\n  \"businessInfo\": {\r\n    \"dbaName\": \"The DBA Name\",\r\n    \"legalName\": \"Timothy Jones\",\r\n    \"ownershipType\": \"LLC\",\r\n    \"mccCode\": \"5812\",\r\n    \"businessEstablishedDate\": \"2000-03-23\",\r\n    \"websiteUrl\": \"www.thefoodplace.com\",\r\n    \"numberOfLocation\": 2,\r\n    \"federalTaxId\": \"123456789\",\r\n    \"paymentAcceptanceMethod\": [\r\n      \"onlineSite\"\r\n    ],\r\n    \"pciadc\": \"No\",\r\n    \"pcidssValidated\": \"No\",\r\n    \"surroundingArea\": \"Commercial\",\r\n    \"productServiceSold\": \"Food\",\r\n    \"ownAddYears\": 2,\r\n    \"lengthOfContract\": \"lengthOfContract66\",\r\n    \"seasonal\": \"Yes\",\r\n    \"activeMonths\": [\r\n      \"Jan\",\r\n      \"Feb\",\r\n      \"Mar\"\r\n    ],\r\n    \"warranty\": \"1 YEAR\",\r\n    \"returnPolicy\": \"30 Day\",\r\n    \"taxExempt\": \"No\",\r\n    \"acceptCreditCards\": \"No\",\r\n    \"amexMarketingCommunication\": \"Yes\",\r\n    \"govOwnedMerchantCountry\": \"US\"\r\n  },\r\n  \"transactionInfo\": {\r\n    \"annualSalesVolume\": 20000.12,\r\n    \"percentRetailSwipedTransactions\": 82,\r\n    \"averageTicket\": 2.3,\r\n    \"highestTicket\": 32.41,\r\n    \"currentProcessor\": \"Global Payments\",\r\n    \"acceptChargebacks\": \"No\",\r\n    \"chargebackPercent\": 0,\r\n    \"returnPercent\": 10,\r\n    \"cardNotPresentPercent\": 20,\r\n    \"businessToBusinessPercent\": 20,\r\n    \"internetTransactionPercent\": 10,\r\n    \"motoPercent\": 20,\r\n    \"annualCreditSalesVolume\": 123.32,\r\n    \"annualDebitSalesVolume\": 32.23,\r\n    \"annualAmexVolume\": 1000000,\r\n    \"amexAverageTicket\": 2.3,\r\n    \"averageNumberofDays\": 10\r\n  },\r\n  \"leadSource\": \"Activate Portal\",\r\n  \"owners\": {\r\n    \"type\": \"Owner 3 Contact\",\r\n    \"firstName\": \"Todd\",\r\n    \"lastName\": \"Davis\",\r\n    \"phoneNumber\": \"phoneNumber64\",\r\n    \"addressLine1\": \"4355 N Coalwhipe St.\",\r\n    \"city\": \"Denver\",\r\n    \"country\": \"United States\",\r\n    \"postalCode\": \"post6\",\r\n    \"title\": \"President\",\r\n    \"middleInitial\": \"M\",\r\n    \"phoneNumberExt\": \"phoneNu0\",\r\n    \"phoneType\": \"mobile\",\r\n    \"alternatePhone\": \"5131234567\",\r\n    \"alternatePhoneType\": \"home\",\r\n    \"faxNumber\": \"faxNumber21\",\r\n    \"email\": \"test@test.com\",\r\n    \"ownershipPercentage\": 71,\r\n    \"ssn\": \"CO\",\r\n    \"dob\": \"2000-03-23\",\r\n    \"addressLine2\": \"suite 104\",\r\n    \"state\": \"CO\",\r\n    \"postalCodeExtension\": \"po52\",\r\n    \"identification\": [\r\n      {\r\n        \"idType\": \"PASSPORT\",\r\n        \"idNumber\": \"312312341\",\r\n        \"issuedCity\": \"City Town\",\r\n        \"issuedState\": \"CO\",\r\n        \"issuedCountry\": \"US\",\r\n        \"dateIssued\": \"1999-01-30\",\r\n        \"dateExpires\": \"2020-02-11\"\r\n      }\r\n    ]\r\n  },\r\n  \"authorizedSigners\": [\r\n    {\r\n      \"firstName\": \"Todd\",\r\n      \"lastName\": \"Davis\",\r\n      \"phoneNumber\": \"phoneNumber66\",\r\n      \"email\": \"test@test.com\",\r\n      \"ssn\": \"ssn92\",\r\n      \"dob\": \"2000-03-23\",\r\n      \"addressLine1\": \"4355 N Coalwhipe St.\",\r\n      \"state\": \"CO\",\r\n      \"country\": \"United States\",\r\n      \"middleInitial\": \"M\",\r\n      \"addressLine2\": \"suite 104\",\r\n      \"city\": \"Denver\",\r\n      \"postalCode\": \"pos43\"\r\n    }\r\n  ],\r\n  \"guarantors\": [\r\n    {\r\n      \"type\": \"Guarantor 1 Contact\",\r\n      \"firstName\": \"Todd\",\r\n      \"lastName\": \"Davis\",\r\n      \"phoneNumber\": \"phoneNumber50\",\r\n      \"email\": \"test@test.com\",\r\n      \"addressLine1\": \"4355 N Coalwhipe St.\",\r\n      \"city\": \"Denver\",\r\n      \"state\": \"CO\",\r\n      \"country\": \"United States\",\r\n      \"postalCode\": \"pos54\",\r\n      \"title\": \"President\",\r\n      \"middleInitial\": \"M\",\r\n      \"phoneNumberExt\": \"phoneN24\",\r\n      \"phoneType\": \"mobile\",\r\n      \"alternatePhone\": \"5131234567\",\r\n      \"alternatePhoneType\": \"home\",\r\n      \"faxNumber\": \"faxNumber63\",\r\n      \"ownershipPercentage\": 30,\r\n      \"ssn\": \"ssn98\",\r\n      \"dob\": \"2000-03-23\",\r\n      \"addressLine2\": \"suite 104\",\r\n      \"postalCodeExtension\": \"po11\",\r\n      \"identification\": [\r\n        {\r\n          \"idType\": \"PASSPORT\",\r\n          \"idNumber\": \"312312341\",\r\n          \"issuedCity\": \"City Town\",\r\n          \"issuedState\": \"CO\",\r\n          \"issuedCountry\": \"US\",\r\n          \"dateIssued\": \"1999-01-30\",\r\n          \"dateExpires\": \"2020-02-11\"\r\n        }\r\n      ]\r\n    }\r\n  ],\r\n  \"salesAgent\": {\r\n    \"firstName\": \"John\",\r\n    \"lastName\": \"Doe\",\r\n    \"email\": \"email49\",\r\n    \"id\": \"U15315\",\r\n    \"mobilePhoneNumber\": \"1234567890\"\r\n  },\r\n  \"installationContact\": {\r\n    \"firstName\": \"Sam\",\r\n    \"lastName\": \"Doe\",\r\n    \"email\": \"test@test.com\",\r\n    \"id\": \"U15318\",\r\n    \"mobilePhoneNumber\": \"1234567890\"\r\n  },\r\n  \"contacts\": [\r\n    {\r\n      \"type\": \"Primary Contact\",\r\n      \"firstName\": \"Todd\",\r\n      \"lastName\": \"Davis\",\r\n      \"phoneNumber\": \"phoneNumber19\",\r\n      \"email\": \"test@test.com\",\r\n      \"title\": \"President\",\r\n      \"middleInitial\": \"M\",\r\n      \"ssn\": \"ssn63\",\r\n      \"birthDate\": \"2000-03-23\",\r\n      \"phoneNumberExt\": \"phoneN95\",\r\n      \"phoneType\": \"mobile\",\r\n      \"alternatePhone\": \"5131234567\",\r\n      \"alternatePhoneType\": \"home\",\r\n      \"faxNumber\": \"faxNumber77\"\r\n    }\r\n  ],\r\n  \"addresses\": [\r\n    {\r\n      \"type\": \"Physical Address\",\r\n      \"addressLine1\": \"4355 N Coalwhipe St.\",\r\n      \"city\": \"Denver\",\r\n      \"state\": \"CO\",\r\n      \"postalCode\": \"pos19\",\r\n      \"addressLine2\": \"suite 104\",\r\n      \"country\": \"United States\",\r\n      \"postalCodeExtension\": \"po44\"\r\n    }\r\n  ],\r\n  \"bankAccount\": {\r\n    \"ddaType\": \"Checking\",\r\n    \"achType\": \"Commercial Checking\",\r\n    \"accountNumber\": \"011401545\",\r\n    \"routingNumber\": \"102000076\",\r\n    \"bankName\": \"Bank name\"\r\n  },\r\n  \"additionalInformation\": [\r\n    {\r\n      \"key\": \"productVersionId\",\r\n      \"value\": \"4656\"\r\n    }\r\n  ]\r\n}",
      "collectionId": "7e3e2fe6-3b16-4477-84e5-66c87947f062",
      "queryParams": [],
      "headerData": [
        {
          "key": "Content-Type",
          "value": "application/json",
          "description": "Indicates the media type of the request-body. Accepts application/json."
        },
        {
          "key": "v-correlation-id",
          "value": "3fcb1437-4e52-4946-9ae1-e618351b6d16",
          "description": "Unique transaction Id. Will be generated if not provided and returned in response headers."
        },
        {
          "key": "Accept",
          "value": "application/json"
        }
      ],
      "pathVariableData": []
    },
    {
      "folder": "cef35062-9f53-4ebc-a2ac-1da2d1d0e8a9",
      "id": "7d8e170c-2721-40eb-b686-ebf49438fbc8",
      "name": "NewApplication2",
      "dataMode": "raw",
      "dataDisabled": false,
      "descriptionFormat": "markdown",
      "description": "Use this endpoint to collect the merchant information needed to initiate a new contract. ",
      "headers": "Content-Type:application/json\r\nv-correlation-id:3fcb1437-4e52-4946-9ae1-e618351b6d16\r\nAccept:application/json\r\n",
      "method": "POST",
      "pathVariables": {},
      "url": "{{default}}/applications",
      "responses": [
        {
          "request": "7d8e170c-2721-40eb-b686-ebf49438fbc8",
          "id": "7c09df5a-c657-4ea8-b726-48aa187ee59d",
          "name": "Response_201",
          "status": "Created",
          "responseCode": {
            "code": 201,
            "name": "201",
            "detail": "Created"
          },
          "headers": [
            {
              "name": "v-correlation-id",
              "key": "v-correlation-id",
              "value": "3fcb1437-4e52-4946-9ae1-e618351b6d16",
              "description": "Unique transaction Id. Will be generated if not provided and returned in response headers."
            },
            {
              "key": "Content-Type",
              "value": "application/json"
            }
          ],
          "mime": "application/json",
          "text": "{\r\n  \"externalRefId\": \"df8a6d82-3bb4-4f3b-ba18-57a5981ede8e\"\r\n}",
          "language": "Text",
          "rawDataType": "text"
        }
      ],
      "rawModeData": "{\r\n  \"businessInfo\": {\r\n    \"dbaName\": \"The DBA Name\",\r\n    \"legalName\": \"Timothy Jones\",\r\n    \"ownershipType\": \"LLC\",\r\n    \"mccCode\": \"5812\",\r\n    \"businessEstablishedDate\": \"2000-03-23\",\r\n    \"websiteUrl\": \"www.thefoodplace.com\",\r\n    \"numberOfLocations\": 2,\r\n    \"federalTaxId\": \"123456789\",\r\n    \"paymentAcceptanceMethod\": [\r\n      \"onlineSite\"\r\n    ],\r\n    \"pciadc\": \"No\",\r\n    \"pcidssValidated\": \"No\",\r\n    \"surroundingArea\": \"Commercial\",\r\n    \"productServiceSold\": \"Food\",\r\n    \"ownAddYears\": 2,\r\n    \"lengthOfContract\": \"lengthOfContract10\",\r\n    \"seasonal\": \"Yes\",\r\n    \"activeMonths\": [\r\n      \"Jan\",\r\n      \"Feb\",\r\n      \"Mar\"\r\n    ],\r\n    \"warranty\": \"1 YEAR\",\r\n    \"returnPolicy\": \"30 Day\",\r\n    \"taxExempt\": \"No\",\r\n    \"acceptCreditCards\": \"No\",\r\n    \"amexMarketingCommunication\": \"Yes\",\r\n    \"govOwnedMerchantCountry\": \"US\"\r\n  },\r\n  \"transactionInfo\": {\r\n    \"annualSalesVolume\": 20000.12,\r\n    \"percentRetailSwipedTransactions\": 82,\r\n    \"averageTicket\": 2.3,\r\n    \"highestTicket\": 32.41,\r\n    \"currentProcessor\": \"Global Payments\",\r\n    \"acceptChargebacks\": \"No\",\r\n    \"chargebackPercent\": 0,\r\n    \"returnPercent\": 10,\r\n    \"cardNotPresentPercent\": 20,\r\n    \"businessToBusinessPercent\": 20,\r\n    \"internetTransactionPercent\": 10,\r\n    \"motoPercent\": 20,\r\n    \"annualCreditSalesVolume\": 123.32,\r\n    \"annualDebitSalesVolume\": 32.23,\r\n    \"annualAmexVolume\": 1000000,\r\n    \"amexAverageTicket\": 2.3,\r\n    \"averageNumberofDays\": 10\r\n  },\r\n  \"contacts\": [\r\n    {\r\n      \"type\": \"Primary Contact\",\r\n      \"firstName\": \"Todd\",\r\n      \"lastName\": \"Davis\",\r\n      \"phoneNumber\": \"phoneNumber19\",\r\n      \"email\": \"test@test.com\",\r\n      \"title\": \"President\",\r\n      \"middleInitial\": \"M\",\r\n      \"ssn\": \"ssn63\",\r\n      \"birthDate\": \"2000-03-23\",\r\n      \"phoneNumberExt\": \"phoneN95\",\r\n      \"phoneType\": \"mobile\",\r\n      \"alternatePhone\": \"5131234567\",\r\n      \"alternatePhoneType\": \"home\",\r\n      \"faxNumber\": \"faxNumber77\"\r\n    }\r\n  ],\r\n  \"addresses\": [\r\n    {\r\n      \"type\": \"Physical Address\",\r\n      \"addressLine1\": \"4355 N Coalwhipe St.\",\r\n      \"city\": \"Denver\",\r\n      \"state\": \"CO\",\r\n      \"postalCode\": \"pos19\",\r\n      \"addressLine2\": \"suite 104\",\r\n      \"country\": \"United States\",\r\n      \"postalCodeExtension\": \"po44\"\r\n    }\r\n  ],\r\n  \"clientTrackingId\": \"1341341234132412341\",\r\n  \"waivePersonalGuaranty\": false,\r\n  \"owners\": [\r\n    {\r\n      \"type\": \"Owner 3 Contact\",\r\n      \"firstName\": \"Todd\",\r\n      \"lastName\": \"Davis\",\r\n      \"phoneNumber\": \"phoneNumber64\",\r\n      \"addressLine1\": \"4355 N Coalwhipe St.\",\r\n      \"city\": \"Denver\",\r\n      \"country\": \"United States\",\r\n      \"postalCode\": \"post6\",\r\n      \"title\": \"President\",\r\n      \"middleInitial\": \"M\",\r\n      \"phoneNumberExt\": \"phoneNu0\",\r\n      \"phoneType\": \"mobile\",\r\n      \"alternatePhone\": \"5131234567\",\r\n      \"alternatePhoneType\": \"home\",\r\n      \"faxNumber\": \"faxNumber21\",\r\n      \"email\": \"test@test.com\",\r\n      \"ownershipPercentage\": 71,\r\n      \"ssn\": \"CO\",\r\n      \"dob\": \"2000-03-23\",\r\n      \"addressLine2\": \"suite 104\",\r\n      \"state\": \"CO\",\r\n      \"postalCodeExtension\": \"po52\",\r\n      \"identification\": [\r\n        {\r\n          \"idType\": \"PASSPORT\",\r\n          \"idNumber\": \"312312341\",\r\n          \"issuedCity\": \"City Town\",\r\n          \"issuedState\": \"CO\",\r\n          \"issuedCountry\": \"US\",\r\n          \"dateIssued\": \"1999-01-30\",\r\n          \"dateExpires\": \"2020-02-11\"\r\n        }\r\n      ]\r\n    }\r\n  ],\r\n  \"authorizedSigners\": [\r\n    {\r\n      \"roleName\": \"Signer3\",\r\n      \"signingExperience\": \"embed\",\r\n      \"signingOrder\": \"2\",\r\n      \"firstName\": \"Todd\",\r\n      \"lastName\": \"Davis\",\r\n      \"phoneNumber\": \"phoneNumber27\",\r\n      \"email\": \"test@test.com\",\r\n      \"addressLine1\": \"4355 N Coalwhipe St.\",\r\n      \"city\": \"Denver\",\r\n      \"state\": \"CO\",\r\n      \"country\": \"United States\",\r\n      \"postalCode\": \"pos78\",\r\n      \"title\": \"President\",\r\n      \"middleInitial\": \"M\",\r\n      \"phoneNumberExt\": \"phoneNu4\",\r\n      \"phoneType\": \"mobile\",\r\n      \"alternatePhone\": \"5131234567\",\r\n      \"alternatePhoneType\": \"home\",\r\n      \"faxNumber\": \"faxNumber17\",\r\n      \"ssn\": \"ssn19\",\r\n      \"dob\": \"2000-03-23\",\r\n      \"addressLine2\": \"suite 104\",\r\n      \"postalCodeExtension\": \"pos4\"\r\n    }\r\n  ],\r\n  \"guarantors\": [\r\n    {\r\n      \"type\": \"Guarantor 1 Contact\",\r\n      \"firstName\": \"Todd\",\r\n      \"lastName\": \"Davis\",\r\n      \"phoneNumber\": \"phoneNumber50\",\r\n      \"email\": \"test@test.com\",\r\n      \"addressLine1\": \"4355 N Coalwhipe St.\",\r\n      \"city\": \"Denver\",\r\n      \"state\": \"CO\",\r\n      \"country\": \"United States\",\r\n      \"postalCode\": \"pos54\",\r\n      \"title\": \"President\",\r\n      \"middleInitial\": \"M\",\r\n      \"phoneNumberExt\": \"phoneN24\",\r\n      \"phoneType\": \"mobile\",\r\n      \"alternatePhone\": \"5131234567\",\r\n      \"alternatePhoneType\": \"home\",\r\n      \"faxNumber\": \"faxNumber63\",\r\n      \"ownershipPercentage\": 30,\r\n      \"ssn\": \"ssn98\",\r\n      \"dob\": \"2000-03-23\",\r\n      \"addressLine2\": \"suite 104\",\r\n      \"postalCodeExtension\": \"po11\",\r\n      \"identification\": [\r\n        {\r\n          \"idType\": \"PASSPORT\",\r\n          \"idNumber\": \"312312341\",\r\n          \"issuedCity\": \"City Town\",\r\n          \"issuedState\": \"CO\",\r\n          \"issuedCountry\": \"US\",\r\n          \"dateIssued\": \"1999-01-30\",\r\n          \"dateExpires\": \"2020-02-11\"\r\n        }\r\n      ]\r\n    }\r\n  ],\r\n  \"bankAccount\": {\r\n    \"ddaType\": \"Checking\",\r\n    \"achType\": \"Commercial Checking\",\r\n    \"accountNumber\": \"011401545\",\r\n    \"routingNumber\": \"102000076\",\r\n    \"bankName\": \"Bank name\"\r\n  },\r\n  \"salesAgent\": {\r\n    \"firstName\": \"John\",\r\n    \"lastName\": \"Doe\",\r\n    \"email\": \"test@test.com\",\r\n    \"id\": \"U15315\",\r\n    \"mobilePhoneNumber\": \"1234567890\"\r\n  },\r\n  \"installationContact\": {\r\n    \"firstName\": \"Sam\",\r\n    \"lastName\": \"Doe\",\r\n    \"email\": \"test@test.com\",\r\n    \"id\": \"715763\",\r\n    \"mobilePhoneNumber\": \"1234567890\"\r\n  },\r\n  \"additionalInformation\": [\r\n    {\r\n      \"key\": \"productVersionId\",\r\n      \"value\": \"4656\"\r\n    }\r\n  ],\r\n  \"leadSource\": \"LP Connect API\"\r\n}",
      "collectionId": "7e3e2fe6-3b16-4477-84e5-66c87947f062",
      "queryParams": [],
      "headerData": [
        {
          "key": "Content-Type",
          "value": "application/json",
          "description": "Indicates the media type of the request-body. Accepts application/json."
        },
        {
          "key": "v-correlation-id",
          "value": "3fcb1437-4e52-4946-9ae1-e618351b6d16",
          "description": "Unique transaction Id. Will be generated if not provided and returned in response headers."
        },
        {
          "key": "Accept",
          "value": "application/json"
        }
      ],
      "pathVariableData": []
    },
    {
      "folder": "e904e401-2709-47c4-ad70-5e3bed60d232",
      "id": "f63e74e3-c7bb-4c37-9e1a-62f4a8fb6d22",
      "name": "Get Existing Equipment",
      "dataDisabled": false,
      "descriptionFormat": "markdown",
      "description": "This endpoint allows the partner to get equipment information. This is an optional step, required only if the partner wants to check the equipment selected for a lead. For partners who choose to use this endpoint, we return ID name, type, price, and quantity. Payment method should be PURCHASE/SALE.",
      "headers": "externalRefId:3fcb1437-4e52-4946-9ae1-e618351b6d16\r\nv-correlation-id:3fcb1437-4e52-4946-9ae1-e618351b6d16\r\nAccept:application/json\r\n",
      "method": "GET",
      "pathVariables": {},
      "url": "{{default}}/equipment",
      "responses": [
        {
          "request": "f63e74e3-c7bb-4c37-9e1a-62f4a8fb6d22",
          "id": "b6ce574a-32c1-431d-b16b-8f838789e509",
          "name": "Response_200",
          "status": "Success",
          "responseCode": {
            "code": 200,
            "name": "200",
            "detail": "Success"
          },
          "headers": [
            {
              "name": "v-correlation-id",
              "key": "v-correlation-id",
              "value": "3fcb1437-4e52-4946-9ae1-e618351b6d16",
              "description": "Unique transaction Id. Will be generated if not provided and returned in response headers."
            },
            {
              "key": "Content-Type",
              "value": "application/json"
            }
          ],
          "mime": "application/json",
          "text": "{\r\n  \"equipments\": [\r\n    {\r\n      \"name\": \"ingenico\",\r\n      \"quantity\": 2,\r\n      \"price\": \"120.00\",\r\n      \"id\": \"10\",\r\n      \"type\": \"standalone\",\r\n      \"paymentMethod\": \"REPROGRAM/OWN\",\r\n      \"accessMethod\": \"SSL\",\r\n      \"environmentName\": \"Retail\"\r\n    }\r\n  ],\r\n  \"shippingOption\": \"2nd day\"\r\n}",
          "language": "Text",
          "rawDataType": "text"
        }
      ],
      "collectionId": "7e3e2fe6-3b16-4477-84e5-66c87947f062",
      "queryParams": [],
      "headerData": [
        {
          "key": "externalRefId",
          "value": "3fcb1437-4e52-4946-9ae1-e618351b6d16",
          "description": "The externalRefId returned from POST /applications call."
        },
        {
          "key": "v-correlation-id",
          "value": "3fcb1437-4e52-4946-9ae1-e618351b6d16",
          "description": "Unique transaction Id. Will be generated if not provided and returned in response headers."
        },
        {
          "key": "Accept",
          "value": "application/json"
        }
      ],
      "pathVariableData": []
    },
    {
      "folder": "e904e401-2709-47c4-ad70-5e3bed60d232",
      "id": "ed9e21bf-db0f-4067-ab30-5a923c4247ea",
      "name": "UpdateEquipment",
      "dataMode": "raw",
      "dataDisabled": false,
      "descriptionFormat": "markdown",
      "description": "This endpoint allows the partner to update equipment information. This is an optional step, required only if the partner chooses to obtain equipment from Worldpay. For partners who choose to use this endpoint, we only expect name, price, and quantity. Payment method should be PURCHASE/SALE.",
      "headers": "externalRefId:3fcb1437-4e52-4946-9ae1-e618351b6d16\r\nContent-Type:application/json\r\nv-correlation-id:3fcb1437-4e52-4946-9ae1-e618351b6d16\r\nAccept:application/json\r\n",
      "method": "PUT",
      "pathVariables": {},
      "url": "{{default}}/equipment",
      "responses": [
        {
          "request": "ed9e21bf-db0f-4067-ab30-5a923c4247ea",
          "id": "b1189a8a-b706-49fe-af15-25f2eefd6de6",
          "name": "Response_200",
          "status": "Success",
          "responseCode": {
            "code": 200,
            "name": "200",
            "detail": "Success"
          },
          "headers": [
            {
              "name": "v-correlation-id",
              "key": "v-correlation-id",
              "value": "3fcb1437-4e52-4946-9ae1-e618351b6d16",
              "description": "Unique transaction Id. Will be generated if not provided and returned in response headers."
            }
          ],
          "language": "Text"
        }
      ],
      "rawModeData": "{\"equipments\":[{\"name\":\"ingenico\",\"quantity\":2,\"price\":\"120.00\"}],\"shippingOption\":\"2nd day\"}",
      "collectionId": "7e3e2fe6-3b16-4477-84e5-66c87947f062",
      "queryParams": [],
      "headerData": [
        {
          "key": "externalRefId",
          "value": "3fcb1437-4e52-4946-9ae1-e618351b6d16",
          "description": "The externalRefId returned from POST /applications call."
        },
        {
          "key": "Content-Type",
          "value": "application/json",
          "description": "Indicates the media type of the request-body. Accepts application/json."
        },
        {
          "key": "v-correlation-id",
          "value": "3fcb1437-4e52-4946-9ae1-e618351b6d16",
          "description": "Unique transaction Id. Will be generated if not provided and returned in response headers."
        },
        {
          "key": "Accept",
          "value": "application/json"
        }
      ],
      "pathVariableData": []
    },
    {
      "folder": "e904e401-2709-47c4-ad70-5e3bed60d232",
      "id": "3fa13b04-887a-4b31-97a5-3fba765ebb64",
      "name": "ChooseEquipment",
      "dataMode": "raw",
      "dataDisabled": false,
      "descriptionFormat": "markdown",
      "description": "This endpoint allows the partner to collect equipment information. This is an optional step, required only if the partner chooses to obtain equipment from Worldpay. For partners who choose to use this endpoint, we only expect name, price, and quantity. Payment method should be PURCHASE/SALE.",
      "headers": "externalRefId:3fcb1437-4e52-4946-9ae1-e618351b6d16\r\nContent-Type:application/json\r\nv-correlation-id:3fcb1437-4e52-4946-9ae1-e618351b6d16\r\nAccept:application/json\r\n",
      "method": "POST",
      "pathVariables": {},
      "url": "{{default}}/equipment",
      "responses": [
        {
          "request": "3fa13b04-887a-4b31-97a5-3fba765ebb64",
          "id": "6ee02c28-07c5-4629-8b04-774fc2cc5519",
          "name": "Response_200",
          "status": "Success",
          "responseCode": {
            "code": 200,
            "name": "200",
            "detail": "Success"
          },
          "headers": [
            {
              "name": "v-correlation-id",
              "key": "v-correlation-id",
              "value": "3fcb1437-4e52-4946-9ae1-e618351b6d16",
              "description": "Unique transaction Id. Will be generated if not provided and returned in response headers."
            }
          ],
          "language": "Text"
        }
      ],
      "rawModeData": "{\"equipments\":[{\"name\":\"ingenico\",\"quantity\":2,\"price\":\"120.00\"}],\"shippingOption\":\"2nd day\"}",
      "collectionId": "7e3e2fe6-3b16-4477-84e5-66c87947f062",
      "queryParams": [],
      "headerData": [
        {
          "key": "externalRefId",
          "value": "3fcb1437-4e52-4946-9ae1-e618351b6d16",
          "description": "The externalRefId returned from POST /applications call."
        },
        {
          "key": "Content-Type",
          "value": "application/json",
          "description": "Indicates the media type of the request-body. Accepts application/json."
        },
        {
          "key": "v-correlation-id",
          "value": "3fcb1437-4e52-4946-9ae1-e618351b6d16",
          "description": "Unique transaction Id. Will be generated if not provided and returned in response headers."
        },
        {
          "key": "Accept",
          "value": "application/json"
        }
      ],
      "pathVariableData": []
    },
    {
      "folder": "d5274466-37f1-4b1f-96c2-a21212f28f90",
      "id": "95e2b41f-aa38-4f84-ac4c-35bbe358ef50",
      "name": "GetVAS",
      "dataDisabled": false,
      "descriptionFormat": "markdown",
      "description": "Returns a list of value added services the partner is using via the externalRefId.",
      "headers": "externalRefId:3fcb1437-4e52-4946-9ae1-e618351b6d16\r\nv-correlation-id:3fcb1437-4e52-4946-9ae1-e618351b6d16\r\nlocationId:3fcb1437-4e52-4946-9ae1-e618351b6d16\r\nAccept:application/json\r\n",
      "method": "GET",
      "pathVariables": {},
      "url": "{{default}}/other-services/enrollment",
      "responses": [
        {
          "request": "95e2b41f-aa38-4f84-ac4c-35bbe358ef50",
          "id": "1bc1b778-52ac-46ea-9688-629a41db5ec4",
          "name": "Response_200",
          "status": "Success",
          "responseCode": {
            "code": 200,
            "name": "200",
            "detail": "Success"
          },
          "headers": [
            {
              "name": "v-correlation-id",
              "key": "v-correlation-id",
              "value": "3fcb1437-4e52-4946-9ae1-e618351b6d16",
              "description": "Unique transaction Id. Will be generated if not provided and returned in response headers."
            },
            {
              "key": "Content-Type",
              "value": "application/json"
            }
          ],
          "mime": "application/json",
          "text": "{\r\n  \"services\": {\r\n    \"serviceName\": \"amex\",\r\n    \"optIn\": true\r\n  },\r\n  \"amex\": {\r\n    \"type\": \"OptBlue\",\r\n    \"accountNumber\": 1345143853,\r\n    \"applyCommunicationFee\": \"Yes\"\r\n  }\r\n}",
          "language": "Text",
          "rawDataType": "text"
        }
      ],
      "collectionId": "7e3e2fe6-3b16-4477-84e5-66c87947f062",
      "queryParams": [],
      "headerData": [
        {
          "key": "externalRefId",
          "value": "3fcb1437-4e52-4946-9ae1-e618351b6d16",
          "description": "The externalRefId returned from POST /applications call."
        },
        {
          "key": "v-correlation-id",
          "value": "3fcb1437-4e52-4946-9ae1-e618351b6d16",
          "description": "Unique transaction Id. Will be generated if not provided and returned in response headers."
        },
        {
          "key": "locationId",
          "value": "3fcb1437-4e52-4946-9ae1-e618351b6d16",
          "description": "Unique locationId."
        },
        {
          "key": "Accept",
          "value": "application/json"
        }
      ],
      "pathVariableData": []
    },
    {
      "folder": "d5274466-37f1-4b1f-96c2-a21212f28f90",
      "id": "a9ce6718-3b58-43eb-b238-8e460bf52751",
      "name": "UpdateVAS",
      "dataMode": "raw",
      "dataDisabled": false,
      "descriptionFormat": "markdown",
      "description": "Updates the value added services in which a partner is enrolled.",
      "headers": "externalRefId:3fcb1437-4e52-4946-9ae1-e618351b6d16\r\nContent-Type:application/json\r\nv-correlation-id:3fcb1437-4e52-4946-9ae1-e618351b6d16\r\nAccept:application/json\r\n",
      "method": "PUT",
      "pathVariables": {},
      "url": "{{default}}/other-services/enrollment",
      "responses": [
        {
          "request": "a9ce6718-3b58-43eb-b238-8e460bf52751",
          "id": "08954036-869c-4c79-89e4-9c71845af984",
          "name": "Response_200",
          "status": "Success",
          "responseCode": {
            "code": 200,
            "name": "200",
            "detail": "Success"
          },
          "headers": [
            {
              "name": "v-correlation-id",
              "key": "v-correlation-id",
              "value": "3fcb1437-4e52-4946-9ae1-e618351b6d16",
              "description": "Unique transaction Id. Will be generated if not provided and returned in response headers."
            }
          ],
          "language": "Text"
        }
      ],
      "rawModeData": "{\r\n  \"services\": {\r\n    \"serviceName\": \"amex\",\r\n    \"optIn\": true\r\n  },\r\n  \"amex\": {\r\n    \"type\": \"OptBlue\",\r\n    \"accountNumber\": 1345143853,\r\n    \"applyCommunicationFee\": \"Yes\"\r\n  }\r\n}",
      "collectionId": "7e3e2fe6-3b16-4477-84e5-66c87947f062",
      "queryParams": [],
      "headerData": [
        {
          "key": "externalRefId",
          "value": "3fcb1437-4e52-4946-9ae1-e618351b6d16",
          "description": "The externalRefId returned from POST /applications call."
        },
        {
          "key": "Content-Type",
          "value": "application/json",
          "description": "Indicates the media type of the request-body. Accepts application/json."
        },
        {
          "key": "v-correlation-id",
          "value": "3fcb1437-4e52-4946-9ae1-e618351b6d16",
          "description": "Unique transaction Id. Will be generated if not provided and returned in response headers."
        },
        {
          "key": "Accept",
          "value": "application/json"
        }
      ],
      "pathVariableData": []
    },
    {
      "folder": "d5274466-37f1-4b1f-96c2-a21212f28f90",
      "id": "910367c5-0522-4326-a397-13dae485daf6",
      "name": "ConfigVAS",
      "dataMode": "raw",
      "dataDisabled": false,
      "descriptionFormat": "markdown",
      "description": "Enrolls partners in desired value added services.",
      "headers": "externalRefId:3fcb1437-4e52-4946-9ae1-e618351b6d16\r\nContent-Type:application/json\r\nv-correlation-id:3fcb1437-4e52-4946-9ae1-e618351b6d16\r\nAccept:application/json\r\n",
      "method": "POST",
      "pathVariables": {},
      "url": "{{default}}/other-services/enrollment",
      "responses": [
        {
          "request": "910367c5-0522-4326-a397-13dae485daf6",
          "id": "e3302c73-3a33-4757-b607-aa7234a9f252",
          "name": "Response_200",
          "status": "Success",
          "responseCode": {
            "code": 200,
            "name": "200",
            "detail": "Success"
          },
          "headers": [
            {
              "name": "v-correlation-id",
              "key": "v-correlation-id",
              "value": "3fcb1437-4e52-4946-9ae1-e618351b6d16",
              "description": "Unique transaction Id. Will be generated if not provided and returned in response headers."
            }
          ],
          "language": "Text"
        }
      ],
      "rawModeData": "{\r\n  \"services\": {\r\n    \"serviceName\": \"amex\",\r\n    \"optIn\": true\r\n  },\r\n  \"amex\": {\r\n    \"type\": \"OptBlue\",\r\n    \"accountNumber\": 1345143853,\r\n    \"applyCommunicationFee\": \"Yes\"\r\n  }\r\n}",
      "collectionId": "7e3e2fe6-3b16-4477-84e5-66c87947f062",
      "queryParams": [],
      "headerData": [
        {
          "key": "externalRefId",
          "value": "3fcb1437-4e52-4946-9ae1-e618351b6d16",
          "description": "The externalRefId returned from POST /applications call."
        },
        {
          "key": "Content-Type",
          "value": "application/json",
          "description": "Indicates the media type of the request-body. Accepts application/json."
        },
        {
          "key": "v-correlation-id",
          "value": "3fcb1437-4e52-4946-9ae1-e618351b6d16",
          "description": "Unique transaction Id. Will be generated if not provided and returned in response headers."
        },
        {
          "key": "Accept",
          "value": "application/json"
        }
      ],
      "pathVariableData": []
    },
    {
      "folder": "d2855abf-9d6f-471e-8f78-1638cc1f4175",
      "id": "3d55b832-9576-457b-9a26-90fdd88d58ce",
      "name": "DataCollectionLink",
      "dataMode": "raw",
      "dataDisabled": false,
      "descriptionFormat": "markdown",
      "description": "This endpoint is used to send an application link to the application contact.\nThe link is generated via the API, and the partner is expected to send this link to the appropriate contact. Once the contact receives the link, they should complete the application and e-sign the processing agreement in the Launchpad UI.\nThe application contact will be prompted to verify their identity with a one-time passcode sent to their email before they can access the application.\n\n\n NOTE: During the certification process, this endpoint is not accessible outside of the Worldpay network. Please work with your Developer Integration representative during the certification process for\n testing.",
      "headers": "externalRefId:3fcb1437-4e52-4946-9ae1-e618351b6d16\r\nContent-Type:application/json\r\nv-correlation-id:3fcb1437-4e52-4946-9ae1-e618351b6d16\r\nAccept:application/json\r\n",
      "method": "POST",
      "pathVariables": {},
      "url": "{{default}}/applications/link",
      "responses": [
        {
          "request": "3d55b832-9576-457b-9a26-90fdd88d58ce",
          "id": "d5d3963c-bc85-482a-9e10-d6558bcd08ac",
          "name": "Response_200",
          "status": "Success",
          "responseCode": {
            "code": 200,
            "name": "200",
            "detail": "Success"
          },
          "headers": [
            {
              "name": "v-correlation-id",
              "key": "v-correlation-id",
              "value": "3fcb1437-4e52-4946-9ae1-e618351b6d16",
              "description": "Unique transaction Id. Will be generated if not provided and returned in response headers."
            },
            {
              "key": "Content-Type",
              "value": "application/json"
            }
          ],
          "mime": "application/json",
          "text": "{\r\n  \"ui-link\": \"https://test-url.com\"\r\n}",
          "language": "Text",
          "rawDataType": "text"
        }
      ],
      "rawModeData": "{\r\n  \"applicationContact\": {\r\n    \"title\": \"Owner\",\r\n    \"firstName\": \"John\",\r\n    \"lastName\": \"Doe\",\r\n    \"email\": \"test@test.com\",\r\n    \"mobilePhoneNumber\": \"1234567890\"\r\n  }\r\n}",
      "collectionId": "7e3e2fe6-3b16-4477-84e5-66c87947f062",
      "queryParams": [],
      "headerData": [
        {
          "key": "externalRefId",
          "value": "3fcb1437-4e52-4946-9ae1-e618351b6d16",
          "description": "The externalRefId returned from POST /applications call."
        },
        {
          "key": "Content-Type",
          "value": "application/json",
          "description": "Indicates the media type of the request-body. Accepts application/json."
        },
        {
          "key": "v-correlation-id",
          "value": "3fcb1437-4e52-4946-9ae1-e618351b6d16",
          "description": "Unique transaction Id. Will be generated if not provided and returned in response headers."
        },
        {
          "key": "Accept",
          "value": "application/json"
        }
      ],
      "pathVariableData": []
    },
    {
      "folder": "571923e7-e456-4855-bcad-b09ee39cabe5",
      "id": "56547707-e1ca-41aa-b3fc-1b26f5d05282",
      "name": "InititateBoard",
      "dataDisabled": false,
      "descriptionFormat": "markdown",
      "description": "Begins the merchant boarding process after all necessary information has been submitted to the API. Please see the reference guide for specific boarding requirements.",
      "headers": "externalRefId:3fcb1437-4e52-4946-9ae1-e618351b6d16\r\nContent-Type:application/json\r\nv-correlation-id:3fcb1437-4e52-4946-9ae1-e618351b6d16\r\nthreatmetrixId:threatmetrixId5\r\nAccept:application/json\r\n",
      "method": "PUT",
      "pathVariables": {},
      "url": "{{default}}/applications/board",
      "responses": [
        {
          "request": "56547707-e1ca-41aa-b3fc-1b26f5d05282",
          "id": "88280756-fca2-4a33-bbde-94bedff49c90",
          "name": "Response_200",
          "status": "Success",
          "responseCode": {
            "code": 200,
            "name": "200",
            "detail": "Success"
          },
          "headers": [
            {
              "name": "v-correlation-id",
              "key": "v-correlation-id",
              "value": "3fcb1437-4e52-4946-9ae1-e618351b6d16",
              "description": "Unique transaction Id. Will be generated if not provided and returned in response headers."
            }
          ],
          "language": "Text"
        }
      ],
      "collectionId": "7e3e2fe6-3b16-4477-84e5-66c87947f062",
      "queryParams": [],
      "headerData": [
        {
          "key": "externalRefId",
          "value": "3fcb1437-4e52-4946-9ae1-e618351b6d16",
          "description": "The externalRefId returned from POST /applications call."
        },
        {
          "key": "Content-Type",
          "value": "application/json",
          "description": "Indicates the media type of the request-body. Accepts application/json."
        },
        {
          "key": "v-correlation-id",
          "value": "3fcb1437-4e52-4946-9ae1-e618351b6d16",
          "description": "Unique transaction Id. Will be generated if not provided and returned in response headers."
        },
        {
          "key": "threatmetrixId",
          "value": "threatmetrixId5",
          "description": "A unique session id"
        },
        {
          "key": "Accept",
          "value": "application/json"
        }
      ],
      "pathVariableData": []
    },
    {
      "folder": "bad2959c-47cf-4371-8af0-7e6575b02bd2",
      "id": "19025d20-2cd6-43b6-9289-d3ae3ca3fe35",
      "name": "GetApplicationStatus",
      "dataDisabled": false,
      "descriptionFormat": "markdown",
      "description": "Retrieves the status of a contract when passed with an externalRefID. Both the externalRefID and authorization header are required.",
      "headers": "externalRefId:3fcb1437-4e52-4946-9ae1-e618351b6d16\r\nv-correlation-id:3fcb1437-4e52-4946-9ae1-e618351b6d16\r\nAccept:application/json\r\n",
      "method": "GET",
      "pathVariables": {},
      "url": "{{default}}/applications/status",
      "responses": [
        {
          "request": "19025d20-2cd6-43b6-9289-d3ae3ca3fe35",
          "id": "da5d8226-71ee-4213-81c1-3def6d8a275a",
          "name": "Response_200",
          "status": "Success\n\nApplicationStatus gives following Information,\n\n- 'contractStatus' - Current status of contract processing.\n\n- 'description' - Detailed description of the contractStatus.",
          "responseCode": {
            "code": 200,
            "name": "200",
            "detail": "Success\n\nApplicationStatus gives following Information,\n\n- 'contractStatus' - Current status of contract processing.\n\n- 'description' - Detailed description of the contractStatus."
          },
          "headers": [
            {
              "name": "v-correlation-id",
              "key": "v-correlation-id",
              "value": "3fcb1437-4e52-4946-9ae1-e618351b6d16",
              "description": "Unique transaction Id. Will be generated if not provided and returned in response headers."
            },
            {
              "key": "Content-Type",
              "value": "application/json"
            }
          ],
          "mime": "application/json",
          "text": "{\r\n  \"externalRefId\": \"df8a6d82-3bb4-4f3b-ba18-57a5981ede8e\",\r\n  \"contractStatus\": \"Error\",\r\n  \"description\": \"description31\",\r\n  \"mid\": \"mid53\",\r\n  \"pendedReason\": \"pendedReason19\"\r\n}",
          "language": "Text",
          "rawDataType": "text"
        }
      ],
      "collectionId": "7e3e2fe6-3b16-4477-84e5-66c87947f062",
      "queryParams": [],
      "headerData": [
        {
          "key": "externalRefId",
          "value": "3fcb1437-4e52-4946-9ae1-e618351b6d16",
          "description": "The externalRefId returned from POST /applications call."
        },
        {
          "key": "v-correlation-id",
          "value": "3fcb1437-4e52-4946-9ae1-e618351b6d16",
          "description": "Unique transaction Id. Will be generated if not provided and returned in response headers."
        },
        {
          "key": "Accept",
          "value": "application/json"
        }
      ],
      "pathVariableData": []
    },
    {
      "folder": "dfc4d9d7-44b6-48cb-9f0e-e42732ef7e22",
      "id": "af2bded7-d147-4072-b325-2b1d29922e83",
      "name": "GetContract",
      "dataDisabled": false,
      "descriptionFormat": "markdown",
      "description": "Returns a PDF contract to be signed.",
      "headers": "externalRefId:3fcb1437-4e52-4946-9ae1-e618351b6d16\r\nv-correlation-id:3fcb1437-4e52-4946-9ae1-e618351b6d16\r\nAccept:application/pdf,application/json\r\n",
      "method": "GET",
      "pathVariables": {},
      "url": "{{default}}/contracts",
      "responses": [
        {
          "request": "af2bded7-d147-4072-b325-2b1d29922e83",
          "id": "193834d9-3d7a-4342-b50d-b4e163aac6f5",
          "name": "Response_200",
          "status": "Response is a PDF file.",
          "responseCode": {
            "code": 200,
            "name": "200",
            "detail": "Response is a PDF file."
          },
          "headers": [
            {
              "name": "v-correlation-id",
              "key": "v-correlation-id",
              "value": "3fcb1437-4e52-4946-9ae1-e618351b6d16",
              "description": "Unique transaction Id. Will be generated if not provided and returned in response headers."
            },
            {
              "key": "Content-Type",
              "value": "application/pdf"
            }
          ],
          "mime": "application/pdf",
          "text": "any",
          "language": "Text",
          "rawDataType": "text"
        }
      ],
      "collectionId": "7e3e2fe6-3b16-4477-84e5-66c87947f062",
      "queryParams": [],
      "headerData": [
        {
          "key": "externalRefId",
          "value": "3fcb1437-4e52-4946-9ae1-e618351b6d16",
          "description": "The externalRefId returned from POST /applications call."
        },
        {
          "key": "v-correlation-id",
          "value": "3fcb1437-4e52-4946-9ae1-e618351b6d16",
          "description": "Unique transaction Id. Will be generated if not provided and returned in response headers."
        },
        {
          "key": "Accept",
          "value": "application/pdf,application/json"
        }
      ],
      "pathVariableData": []
    },
    {
      "folder": "dfc4d9d7-44b6-48cb-9f0e-e42732ef7e22",
      "id": "f1538b59-dcf4-4a43-956d-c60e4dabedb2",
      "name": "SignContract",
      "dataMode": "raw",
      "dataDisabled": false,
      "descriptionFormat": "markdown",
      "description": "Allows merchants to digitally sign contracts.",
      "headers": "externalRefId:3fcb1437-4e52-4946-9ae1-e618351b6d16\r\nContent-Type:application/json\r\nv-correlation-id:3fcb1437-4e52-4946-9ae1-e618351b6d16\r\nAccept:application/json\r\n",
      "method": "PUT",
      "pathVariables": {},
      "url": "{{default}}/contracts/sign",
      "responses": [
        {
          "request": "f1538b59-dcf4-4a43-956d-c60e4dabedb2",
          "id": "da124216-b3ae-4322-acb7-4b254c969a05",
          "name": "Response_200",
          "status": "Successfully signed contract.",
          "responseCode": {
            "code": 200,
            "name": "200",
            "detail": "Successfully signed contract."
          },
          "headers": [
            {
              "name": "v-correlation-id",
              "key": "v-correlation-id",
              "value": "3fcb1437-4e52-4946-9ae1-e618351b6d16",
              "description": "Unique transaction Id. Will be generated if not provided and returned in response headers."
            }
          ],
          "language": "Text"
        }
      ],
      "rawModeData": "{\r\n  \"signerIPAddress\": \"127.0.0.1\"\r\n}",
      "collectionId": "7e3e2fe6-3b16-4477-84e5-66c87947f062",
      "queryParams": [],
      "headerData": [
        {
          "key": "externalRefId",
          "value": "3fcb1437-4e52-4946-9ae1-e618351b6d16",
          "description": "The externalRefId returned from POST /applications call."
        },
        {
          "key": "Content-Type",
          "value": "application/json",
          "description": "Indicates the media type of the request-body. Accepts application/json."
        },
        {
          "key": "v-correlation-id",
          "value": "3fcb1437-4e52-4946-9ae1-e618351b6d16",
          "description": "Unique transaction Id. Will be generated if not provided and returned in response headers."
        },
        {
          "key": "Accept",
          "value": "application/json"
        }
      ],
      "pathVariableData": []
    },
    {
      "folder": "7c3ea912-1467-4a5d-a90e-31773b398874",
      "id": "5157c12d-8217-4211-930a-66bd9b518ced",
      "name": "GetCredentials",
      "dataDisabled": false,
      "descriptionFormat": "markdown",
      "description": "Returns credentials, which allow merchants to begin processing payments through Integrated Payments.(only when the contract is fully boarded)",
      "headers": "externalRefId:3fcb1437-4e52-4946-9ae1-e618351b6d16\r\nv-correlation-id:3fcb1437-4e52-4946-9ae1-e618351b6d16\r\nAccept:application/json\r\n",
      "method": "GET",
      "pathVariables": {},
      "url": "{{default}}/credentials",
      "responses": [
        {
          "request": "5157c12d-8217-4211-930a-66bd9b518ced",
          "id": "e2cf5d61-e9f5-4a13-836f-dd9f09ef3f8e",
          "name": "Response_200",
          "status": "Success",
          "responseCode": {
            "code": 200,
            "name": "200",
            "detail": "Success"
          },
          "headers": [
            {
              "name": "v-correlation-id",
              "key": "v-correlation-id",
              "value": "3fcb1437-4e52-4946-9ae1-e618351b6d16",
              "description": "Unique transaction Id. Will be generated if not provided and returned in response headers."
            },
            {
              "key": "Content-Type",
              "value": "application/json"
            }
          ],
          "mime": "application/json",
          "text": "{\r\n  \"dbaName\": \"The DBA Name\",\r\n  \"addressLine1\": \"4355 N Coalwhipe St.\",\r\n  \"addressLine2\": \"addressLine267\",\r\n  \"city\": \"City Town\",\r\n  \"state\": \"CO\",\r\n  \"postalCode\": \"80123\",\r\n  \"firstName\": \"Timothy\",\r\n  \"lastName\": \"Jones\",\r\n  \"email\": \"test@test.com\",\r\n  \"telephoneNumber\": \"1234567890\",\r\n  \"accountId\": \"accountId42\",\r\n  \"acceptorId\": \"acceptorId11\",\r\n  \"expressToken\": \"expressToken8\"\r\n}",
          "language": "Text",
          "rawDataType": "text"
        }
      ],
      "collectionId": "7e3e2fe6-3b16-4477-84e5-66c87947f062",
      "queryParams": [],
      "headerData": [
        {
          "key": "externalRefId",
          "value": "3fcb1437-4e52-4946-9ae1-e618351b6d16",
          "description": "The externalRefId returned from POST /applications call."
        },
        {
          "key": "v-correlation-id",
          "value": "3fcb1437-4e52-4946-9ae1-e618351b6d16",
          "description": "Unique transaction Id. Will be generated if not provided and returned in response headers."
        },
        {
          "key": "Accept",
          "value": "application/json"
        }
      ],
      "pathVariableData": []
    }
  ],
  "variables": [
    {
      "key": "default",
      "value": "https://apis.cert.worldpay.com/merchant-boarding/v2"
    },
    {
      "key": "default1",
      "value": "https://apis.cert.worldpay.com/merchant-boarding/v1"
    }
  ],
  "auth": {
    "type": "apikey",
    "apikey": [
      {
        "key": "in",
        "value": "header",
        "type": "string"
      },
      {
        "key": "key",
        "value": "Authorization",
        "type": "string"
      },
      {
        "key": "value",
        "value": "Authorization5",
        "type": "string"
      }
    ]
  }
}