{
  "_type": "export",
  "__export_format": 4,
  "__export_source": "apimatic.transformer",
  "resources": [
    {
      "name": "Reporting Authorization Research API",
      "_type": "workspace",
      "_id": "wrk_1c39abc70f4241bcbed613796866b4cd",
      "description": "API enables the search and retrieval of transaction authorizations, providing comprehensive insights into transaction histories, approvals, and declines for enhanced financial analysis and reporting \n # Authentication \n<SecurityDefinitions />"
    },
    {
      "name": "Authorizations",
      "_type": "request_group",
      "_id": "fld_f54c48cd3b59475cb055fc6d5bc679fd",
      "parentId": "wrk_1c39abc70f4241bcbed613796866b4cd",
      "description": ""
    },
    {
      "name": "Get Transaction Type",
      "_type": "request_group",
      "_id": "fld_946db7721f914fb685f98201771f344d",
      "parentId": "wrk_1c39abc70f4241bcbed613796866b4cd",
      "description": ""
    },
    {
      "name": "Get Transaction Status",
      "_type": "request_group",
      "_id": "fld_5129138d0e2340da91f8c95486f36b04",
      "parentId": "wrk_1c39abc70f4241bcbed613796866b4cd",
      "description": ""
    },
    {
      "name": "searchAuthorizations",
      "method": "POST",
      "url": "https://apis.stage.worldpay.com/merchant-reporting/authorizationresearch/v1/authorizations/search",
      "body": {
        "mimeType": "application/json",
        "text": "{\r\n  \"hierarchy\": {\r\n    \"level\": \"CHAIN\",\r\n    \"values\": [\r\n      \"PA1234\",\r\n      \"AA1235\"\r\n    ],\r\n    \"chainCode\": \"PA1234\"\r\n  },\r\n  \"dateRange\": {\r\n    \"fromDate\": \"2021-12-01\",\r\n    \"toDate\": \"2022-01-01\"\r\n  },\r\n  \"pagination\": {\r\n    \"pageNumber\": 2,\r\n    \"pageSize\": 10\r\n  },\r\n  \"sortResultsBy\": {\r\n    \"fieldName\": \"CARD_NUMBER\",\r\n    \"orderBy\": \"ASC\"\r\n  },\r\n  \"transactionAmountRange\": {\r\n    \"fromAmount\": 4.633722639006433,\r\n    \"toAmount\": 2.657174319334875,\r\n    \"authorizationCurrencyCode\": \"a30\"\r\n  },\r\n  \"authorizationCode\": \"73994M\",\r\n  \"cardTypes\": \"GIFT\",\r\n  \"cardNetworks\": \"VISA\",\r\n  \"cardNumber\": \"123456XXXXXX9876\",\r\n  \"token\": \"374245111111111\",\r\n  \"transactionId\": \"transactionId93\",\r\n  \"transactionTypeCode\": \"GA\",\r\n  \"transactionStatusCode\": \"AA\",\r\n  \"fraudFields\": {\r\n    \"fraudScore\": {\r\n      \"fromScore\": 0.13,\r\n      \"toScore\": 0.84\r\n    },\r\n    \"fraudResponseCode\": \"FRAUD_SYSTEM_APPROVED\",\r\n    \"fraudRuleResult\": \"MANUAL_REVIEW\"\r\n  },\r\n  \"customerFields\": {\r\n    \"field1\": \"GC\",\r\n    \"field2\": \"Custom\",\r\n    \"field3\": \"Report\"\r\n  }\r\n}"
      },
      "headers": [
        {
          "name": "Content-Type",
          "value": "application/json",
          "disabled": false
        },
        {
          "name": "v-correlation-id",
          "value": "a0efdf0f-eb0b-4353-80bb-ec520e02885e",
          "disabled": false
        },
        {
          "name": "Authorization",
          "value": "Authorization12",
          "disabled": false
        }
      ],
      "_type": "request",
      "_id": "req_6c13c51d3a2645cf81b5dfdea0ee14b4",
      "parentId": "fld_f54c48cd3b59475cb055fc6d5bc679fd",
      "description": "Retrieves the authorized transaction (approved or declined) details for a given hierarchy and date range. Provides transaction details. Helps users perform a search based on optional fields."
    },
    {
      "name": "searchAuthorizationsHistory",
      "method": "POST",
      "url": "https://apis.stage.worldpay.com/merchant-reporting/authorizationresearch/v1/authorizations/historical/search",
      "body": {
        "mimeType": "application/json",
        "text": "{\r\n  \"hierarchy\": {\r\n    \"level\": \"CHAIN\",\r\n    \"values\": [\r\n      \"PA1234\",\r\n      \"AA1235\"\r\n    ],\r\n    \"chainCode\": \"PA1234\"\r\n  },\r\n  \"dateRange\": {\r\n    \"fromDate\": \"2021-12-01\",\r\n    \"toDate\": \"2022-01-01\"\r\n  },\r\n  \"pagination\": {\r\n    \"pageNumber\": 2,\r\n    \"pageSize\": 10\r\n  },\r\n  \"sortResultsBy\": {\r\n    \"fieldName\": \"CARD_NUMBER\",\r\n    \"orderBy\": \"ASC\"\r\n  },\r\n  \"transactionAmountRange\": {\r\n    \"fromAmount\": 4.633722639006433,\r\n    \"toAmount\": 2.657174319334875,\r\n    \"authorizationCurrencyCode\": \"a30\"\r\n  },\r\n  \"authorizationCode\": \"73994M\",\r\n  \"cardTypes\": \"GIFT\",\r\n  \"cardNetworks\": \"VISA\",\r\n  \"cardNumber\": \"123456XXXXXX9876\",\r\n  \"token\": \"374245111111111\",\r\n  \"transactionId\": \"transactionId93\",\r\n  \"transactionTypeCode\": \"GA\",\r\n  \"transactionStatusCode\": \"AA\",\r\n  \"fraudFields\": {\r\n    \"fraudScore\": {\r\n      \"fromScore\": 0.13,\r\n      \"toScore\": 0.84\r\n    },\r\n    \"fraudResponseCode\": \"FRAUD_SYSTEM_APPROVED\",\r\n    \"fraudRuleResult\": \"MANUAL_REVIEW\"\r\n  },\r\n  \"customerFields\": {\r\n    \"field1\": \"GC\",\r\n    \"field2\": \"Custom\",\r\n    \"field3\": \"Report\"\r\n  }\r\n}"
      },
      "headers": [
        {
          "name": "Content-Type",
          "value": "application/json",
          "disabled": false
        },
        {
          "name": "v-correlation-id",
          "value": "a0efdf0f-eb0b-4353-80bb-ec520e02885e",
          "disabled": false
        },
        {
          "name": "Authorization",
          "value": "Authorization78",
          "disabled": false
        }
      ],
      "_type": "request",
      "_id": "req_91967269269c43c79bab5b6a71204dd8",
      "parentId": "fld_f54c48cd3b59475cb055fc6d5bc679fd",
      "description": "Retrieves the authorized transaction (approved or declined) details for a given hierarchy and date range. Provides transaction details. Helps users perform a search based on optional fields."
    },
    {
      "name": "GetTransactionType",
      "method": "GET",
      "url": "https://apis.stage.worldpay.com/merchant-reporting/authorizationresearch/v1/transaction-types",
      "headers": [
        {
          "name": "v-correlation-id",
          "value": "a0efdf0f-eb0b-4353-80bb-ec520e02885e",
          "disabled": false
        },
        {
          "name": "Authorization",
          "value": "Authorization98",
          "disabled": false
        }
      ],
      "_type": "request",
      "_id": "req_70f3750ff11b49a793c891eb13748083",
      "parentId": "fld_946db7721f914fb685f98201771f344d",
      "description": "A transaction type refers to the specific nature or purpose of a financial activity, such as purchases, withdrawals, or transfers."
    },
    {
      "name": "GetTransactionStatus",
      "method": "GET",
      "url": "https://apis.stage.worldpay.com/merchant-reporting/authorizationresearch/v1/transaction-statuses",
      "headers": [
        {
          "name": "v-correlation-id",
          "value": "a0efdf0f-eb0b-4353-80bb-ec520e02885e",
          "disabled": false
        },
        {
          "name": "Authorization",
          "value": "Authorization58",
          "disabled": false
        }
      ],
      "_type": "request",
      "_id": "req_142dd6272e794f97a49cb78cb9bc6aba",
      "parentId": "fld_5129138d0e2340da91f8c95486f36b04",
      "description": "A transaction status indicates the current state of a financial transaction, whether it's pending, completed, failed, or under review."
    }
  ]
}