{
  "id": "33719909-706a-4715-9ed8-db23cdd5d668",
  "name": "Reporting Authorization Research API",
  "description": "API enables the search and retrieval of transaction authorizations, providing comprehensive insights into transaction histories, approvals, and declines for enhanced financial analysis and reporting \n # Authentication \n<SecurityDefinitions />",
  "order": [],
  "folders": [
    {
      "id": "9d70b838-128c-4565-bf8a-3de575151678",
      "name": "Authorizations",
      "description": "",
      "order": [
        "4c207c0a-6f2c-46bb-bb82-3ee70aed32fd",
        "fd8776f9-878e-4683-92a2-f5b26e084562"
      ],
      "collection_id": "33719909-706a-4715-9ed8-db23cdd5d668"
    },
    {
      "id": "c2b632de-3d10-4303-93d5-6f4b43963239",
      "name": "Get Transaction Type",
      "description": "",
      "order": [
        "3b2fee5d-a7a0-401a-ab13-a232edce926b"
      ],
      "collection_id": "33719909-706a-4715-9ed8-db23cdd5d668"
    },
    {
      "id": "3532a8eb-5fc6-4455-8da4-eb86cf32e2fb",
      "name": "Get Transaction Status",
      "description": "",
      "order": [
        "d25f958e-0a1d-4c93-a4e3-72cae2b504ad"
      ],
      "collection_id": "33719909-706a-4715-9ed8-db23cdd5d668"
    }
  ],
  "requests": [
    {
      "folder": "9d70b838-128c-4565-bf8a-3de575151678",
      "id": "4c207c0a-6f2c-46bb-bb82-3ee70aed32fd",
      "name": "searchAuthorizations",
      "dataMode": "raw",
      "dataDisabled": false,
      "descriptionFormat": "markdown",
      "description": "Retrieves the authorized transaction (approved or declined) details for a given hierarchy and date range. Provides transaction details. Helps users perform a search based on optional fields.",
      "headers": "Content-Type:application/json\r\nv-correlation-id:a0efdf0f-eb0b-4353-80bb-ec520e02885e\r\nAccept:application/json\r\n",
      "method": "POST",
      "currentHelper": "apikey",
      "helperAttributes": {
        "id": "apikey",
        "key": "Authorization",
        "value": "Authorization67",
        "in": "header"
      },
      "auth": {
        "type": "apikey",
        "apikey": [
          {
            "key": "in",
            "value": "header",
            "type": "string"
          },
          {
            "key": "key",
            "value": "Authorization",
            "type": "string"
          },
          {
            "key": "value",
            "value": "Authorization5",
            "type": "string"
          }
        ]
      },
      "pathVariables": {},
      "url": "https://apis.stage.worldpay.com/merchant-reporting/authorizationresearch/v1/authorizations/search",
      "responses": [
        {
          "request": "4c207c0a-6f2c-46bb-bb82-3ee70aed32fd",
          "id": "7729f3ca-922b-47b3-a65d-06b6cdd4e199",
          "name": "Response_200",
          "status": "OK",
          "responseCode": {
            "code": 200,
            "name": "200",
            "detail": "OK"
          },
          "headers": [
            {
              "name": "v-correlation-id",
              "key": "v-correlation-id",
              "value": "a0efdf0f-eb0b-4353-80bb-ec520e02885e",
              "description": "Correlation ID"
            },
            {
              "key": "Content-Type",
              "value": "application/json"
            }
          ],
          "mime": "application/json",
          "text": "{\r\n  \"pagination\": {\r\n    \"pageNumber\": 0,\r\n    \"pageSize\": 50,\r\n    \"totalRowCount\": 45,\r\n    \"totalReturnedCount\": 25\r\n  },\r\n  \"authorizations\": [\r\n    {\r\n      \"transactionDetails\": {\r\n        \"transactionId\": \"186354016598\",\r\n        \"transactionDateTime\": \"2024-12-22T12:01:17.4569862Z\",\r\n        \"processDate\": \"2016-07-19\",\r\n        \"transactionType\": {\r\n          \"code\": \"AB\",\r\n          \"shortDescription\": \"Short description of field\",\r\n          \"longDescription\": \"Long description of field\"\r\n        },\r\n        \"authorizationAmount\": 6.90042941966114,\r\n        \"authorizationCurrency\": {\r\n          \"code\": \"AB\",\r\n          \"shortDescription\": \"Short description of field\",\r\n          \"longDescription\": \"Long description of field\"\r\n        },\r\n        \"transactionStatus\": {\r\n          \"code\": \"AB\",\r\n          \"shortDescription\": \"Short description of field\",\r\n          \"longDescription\": \"Long description of field\"\r\n        },\r\n        \"entryMode\": {\r\n          \"code\": \"AB\",\r\n          \"shortDescription\": \"Short description of field\",\r\n          \"longDescription\": \"Long description of field\"\r\n        },\r\n        \"authorizationCode\": \"73994M\",\r\n        \"authorizationResponse\": {\r\n          \"code\": \"AB\",\r\n          \"shortDescription\": \"Short description of field\",\r\n          \"longDescription\": \"Long description of field\"\r\n        },\r\n        \"cashbackAmount\": 3.4935417391795394,\r\n        \"requestedAmount\": 0.8706690151573481,\r\n        \"sequenceNumber\": \"123456\",\r\n        \"authorizationSource\": {\r\n          \"code\": \"AB\",\r\n          \"shortDescription\": \"Short description of field\",\r\n          \"longDescription\": \"Long description of field\"\r\n        },\r\n        \"oldAuthorizationAmount\": 1.33,\r\n        \"remainingBalance\": 4.101553480188155,\r\n        \"processLocation\": \"14\",\r\n        \"terminalNumber\": \"D0640450\",\r\n        \"gratuityAmount\": 4.32,\r\n        \"massTransactionId\": \"5534536467888\",\r\n        \"signatureDebitConversion\": true,\r\n        \"posRegisterNumber\": \"0050\",\r\n        \"terminalId\": \"D0640450\",\r\n        \"terminalCapability\": {\r\n          \"code\": \"AB\",\r\n          \"shortDescription\": \"Short description of field\",\r\n          \"longDescription\": \"Long description of field\"\r\n        },\r\n        \"pinLess\": {\r\n          \"code\": \"AB\",\r\n          \"shortDescription\": \"Short description of field\",\r\n          \"longDescription\": \"Long description of field\"\r\n        }\r\n      },\r\n      \"cardDetails\": {\r\n        \"cardNumber\": \"123456XXXXXX9876\",\r\n        \"cardType\": \"CREDIT\",\r\n        \"cardNetwork\": {\r\n          \"code\": \"AB\",\r\n          \"shortDescription\": \"Short description of field\",\r\n          \"longDescription\": \"Long description of field\"\r\n        },\r\n        \"cardProductResults\": {\r\n          \"code\": \"AB\",\r\n          \"shortDescription\": \"Short description of field\",\r\n          \"longDescription\": \"Long description of field\"\r\n        },\r\n        \"cardAccountTerm\": {\r\n          \"code\": \"AB\",\r\n          \"shortDescription\": \"Short description of field\",\r\n          \"longDescription\": \"Long description of field\"\r\n        },\r\n        \"cardholderId\": {\r\n          \"code\": \"AB\",\r\n          \"shortDescription\": \"Short description of field\",\r\n          \"longDescription\": \"Long description of field\"\r\n        },\r\n        \"cardholderVerificationMethod\": \"Direct\",\r\n        \"token\": \"374245111111111\",\r\n        \"tokenId\": \"A834GD\",\r\n        \"tokenRequestorId\": \"AZDAJAKAYHE\",\r\n        \"tokenExpiry\": \"2022-10\",\r\n        \"tokenAssuranceLevel\": \"99\",\r\n        \"cvv2PresenceIndicator\": {\r\n          \"code\": \"AB\",\r\n          \"shortDescription\": \"Short description of field\",\r\n          \"longDescription\": \"Long description of field\"\r\n        },\r\n        \"expirationDate\": \"09-02-2025\",\r\n        \"cvv2ResponseCode\": {\r\n          \"code\": \"AB\",\r\n          \"shortDescription\": \"Short description of field\",\r\n          \"longDescription\": \"Long description of field\"\r\n        },\r\n        \"avsResponseCode\": {\r\n          \"code\": \"AB\",\r\n          \"shortDescription\": \"Short description of field\",\r\n          \"longDescription\": \"Long description of field\"\r\n        },\r\n        \"cardholderBankAcro\": \"MAE1\",\r\n        \"networkId\": \"STAR\",\r\n        \"networkGroup\": {\r\n          \"code\": \"AB\",\r\n          \"shortDescription\": \"Short description of field\",\r\n          \"longDescription\": \"Long description of field\"\r\n        },\r\n        \"voucherNumber\": \"484426\",\r\n        \"toAccountType\": {\r\n          \"code\": \"AB\",\r\n          \"shortDescription\": \"Short description of field\",\r\n          \"longDescription\": \"Long description of field\"\r\n        },\r\n        \"fromAccountType\": {\r\n          \"code\": \"AB\",\r\n          \"shortDescription\": \"Short description of field\",\r\n          \"longDescription\": \"Long description of field\"\r\n        },\r\n        \"cavvResponse\": \"B\",\r\n        \"masterCardTICIndicator\": {\r\n          \"code\": \"AB\",\r\n          \"shortDescription\": \"Short description of field\",\r\n          \"longDescription\": \"Long description of field\"\r\n        },\r\n        \"lastFourOfPAN\": \"3245\",\r\n        \"gcRetrievalReferenceNumber\": \"gcRetrieva86\",\r\n        \"retrievalReferenceNumber\": \"216712523926\",\r\n        \"validationCode\": \"3435\",\r\n        \"marketSpecificDataIndicator\": {\r\n          \"code\": \"AB\",\r\n          \"shortDescription\": \"Short description of field\",\r\n          \"longDescription\": \"Long description of field\"\r\n        },\r\n        \"bankNetDate\": \"06-01-2025\",\r\n        \"bankNetReferenceNumber\": \"656787879\"\r\n      },\r\n      \"locationDetails\": {\r\n        \"hierarchy\": {\r\n          \"chainCode\": \"PA1234\",\r\n          \"divisionNumber\": \"002\",\r\n          \"storeNumber\": \"000000001\",\r\n          \"merchantId\": \"2555091034216\"\r\n        },\r\n        \"merchantName\": \"CLIENT SERVICES TEST\",\r\n        \"alternateMerchantId\": \"521112355854\",\r\n        \"acro\": \"WALG\",\r\n        \"merchantCategory\": {\r\n          \"code\": \"AB\",\r\n          \"shortDescription\": \"Short description of field\",\r\n          \"longDescription\": \"Long description of field\"\r\n        },\r\n        \"merchantTimeZone\": \"UST\",\r\n        \"countryOfOrigin\": {\r\n          \"code\": \"AB\",\r\n          \"shortDescription\": \"Short description of field\",\r\n          \"longDescription\": \"Long description of field\"\r\n        },\r\n        \"governmentControlledEntity\": true\r\n      },\r\n      \"additionalDetails\": {\r\n        \"callType\": {\r\n          \"code\": \"AB\",\r\n          \"shortDescription\": \"Short description of field\",\r\n          \"longDescription\": \"Long description of field\"\r\n        },\r\n        \"mailPhoneIndicator\": {\r\n          \"code\": \"AB\",\r\n          \"shortDescription\": \"Short description of field\",\r\n          \"longDescription\": \"Long description of field\"\r\n        },\r\n        \"originType\": {\r\n          \"code\": \"AB\",\r\n          \"shortDescription\": \"Short description of field\",\r\n          \"longDescription\": \"Long description of field\"\r\n        },\r\n        \"posConditionCode\": {\r\n          \"code\": \"AB\",\r\n          \"shortDescription\": \"Short description of field\",\r\n          \"longDescription\": \"Long description of field\"\r\n        },\r\n        \"voidIndicator\": \"Y\",\r\n        \"forcePost\": true,\r\n        \"hasAdjustmentRecords\": \"Not Adjusted\",\r\n        \"aci\": {\r\n          \"code\": \"AB\",\r\n          \"shortDescription\": \"Short description of field\",\r\n          \"longDescription\": \"Long description of field\"\r\n        },\r\n        \"dccMcpCurrencyConversionRate\": 0.4612367769988425,\r\n        \"dccMcpSettlementMarkupRate\": 3.4626143395260973,\r\n        \"settlementType\": \"S\",\r\n        \"authorizationCommunicationType\": {\r\n          \"code\": \"AB\",\r\n          \"shortDescription\": \"Short description of field\",\r\n          \"longDescription\": \"Long description of field\"\r\n        },\r\n        \"issuerCountryCode\": \"USA\",\r\n        \"applicationIdentifier\": \"E\",\r\n        \"uniqueSerialDeviceNumber\": \"B8973827348H43\",\r\n        \"softPOSMobileDeviceTypeIndicator\": \"A\"\r\n      },\r\n      \"premiumPayback\": {\r\n        \"indicatorPassed\": false,\r\n        \"eligibleBIN\": false,\r\n        \"eligible\": false,\r\n        \"redemptionAccepted\": false,\r\n        \"redemptionAmount\": 7.954773312879155\r\n      },\r\n      \"interchangeDetails\": {\r\n        \"merchantSurchargeAmount\": \"893.56\",\r\n        \"convenienceFee\": \"12.25\",\r\n        \"interchangeCode\": {\r\n          \"code\": \"AB\",\r\n          \"shortDescription\": \"Short description of field\",\r\n          \"longDescription\": \"Long description of field\"\r\n        },\r\n        \"interchangeOtherFee\": \"17.25\"\r\n      },\r\n      \"ecomDetails\": {\r\n        \"authorizationIdentifier\": \"6T78\",\r\n        \"customerIdentifier\": \"98765\",\r\n        \"reportGroup\": \"1098675\",\r\n        \"campaign\": \"654732\",\r\n        \"affiliate\": \"1009648\",\r\n        \"merchantGroupIdentifier\": \"1098675\",\r\n        \"merchantOrderIdentifier\": \"45356\"\r\n      },\r\n      \"emvDetails\": {\r\n        \"transaction\": true,\r\n        \"offlineTransaction\": true,\r\n        \"cardCapable\": \"true\",\r\n        \"termCapable\": \"true\"\r\n      },\r\n      \"otherServices\": {\r\n        \"standInIndicator\": {\r\n          \"code\": \"AB\",\r\n          \"shortDescription\": \"Short description of field\",\r\n          \"longDescription\": \"Long description of field\"\r\n        },\r\n        \"standInLevel\": {\r\n          \"code\": \"AB\",\r\n          \"shortDescription\": \"Short description of field\",\r\n          \"longDescription\": \"Long description of field\"\r\n        },\r\n        \"primeAuthorizationRetryEnabled\": \"true\",\r\n        \"networkTokenRetry\": \"false\"\r\n      },\r\n      \"fraudSightDetails\": {\r\n        \"fraudScore\": 0.84,\r\n        \"fraudRule\": \"CaR\",\r\n        \"fraudResponseCode\": {\r\n          \"code\": \"AB\",\r\n          \"shortDescription\": \"Short description of field\",\r\n          \"longDescription\": \"Long description of field\"\r\n        },\r\n        \"fraudRuleResult\": {\r\n          \"code\": \"AB\",\r\n          \"shortDescription\": \"Short description of field\",\r\n          \"longDescription\": \"Long description of field\"\r\n        },\r\n        \"fraudResponseTime\": \"fr38\"\r\n      },\r\n      \"signifyDetails\": {\r\n        \"fraudVendorId\": \"34455\",\r\n        \"fraudCoverageType\": {\r\n          \"code\": \"AB\",\r\n          \"shortDescription\": \"Short description of field\",\r\n          \"longDescription\": \"Long description of field\"\r\n        },\r\n        \"fraudDetectionStage\": {\r\n          \"code\": \"AB\",\r\n          \"shortDescription\": \"Short description of field\",\r\n          \"longDescription\": \"Long description of field\"\r\n        }\r\n      },\r\n      \"customerFields\": {\r\n        \"field1\": \"GC\",\r\n        \"field2\": \"Custom\",\r\n        \"field3\": \"Report\"\r\n      },\r\n      \"paymentGatewayDetails\": {\r\n        \"posApplicationId\": \"1111\",\r\n        \"posApplicationName\": \"Express 1\",\r\n        \"posApplicationVersion\": \"Express.2.39.0\",\r\n        \"gatewayTransactionId\": \"559839123\"\r\n      },\r\n      \"settlementDetails\": {\r\n        \"settlementProcessDate\": \"2016-07-19\",\r\n        \"status\": \"SETTLED\"\r\n      }\r\n    }\r\n  ]\r\n}",
          "language": "Text",
          "rawDataType": "text"
        }
      ],
      "rawModeData": "{\r\n  \"hierarchy\": {\r\n    \"level\": \"CHAIN\",\r\n    \"values\": [\r\n      \"PA1234\",\r\n      \"AA1235\"\r\n    ],\r\n    \"chainCode\": \"PA1234\"\r\n  },\r\n  \"dateRange\": {\r\n    \"fromDate\": \"2021-12-01\",\r\n    \"toDate\": \"2022-01-01\"\r\n  },\r\n  \"pagination\": {\r\n    \"pageNumber\": 2,\r\n    \"pageSize\": 10\r\n  },\r\n  \"sortResultsBy\": {\r\n    \"fieldName\": \"CARD_NUMBER\",\r\n    \"orderBy\": \"ASC\"\r\n  },\r\n  \"transactionAmountRange\": {\r\n    \"fromAmount\": 5.581967445827074,\r\n    \"toAmount\": 3.1181892534336955,\r\n    \"authorizationCurrencyCode\": \"a31\"\r\n  },\r\n  \"authorizationCode\": \"73994M\",\r\n  \"cardTypes\": \"CREDIT\",\r\n  \"cardNetworks\": \"VISA\",\r\n  \"cardNumber\": \"123456XXXXXX9876\",\r\n  \"token\": \"374245111111111\",\r\n  \"transactionId\": \"transactionId8\",\r\n  \"transactionTypeCode\": \"GA\",\r\n  \"transactionStatusCode\": \"AA\",\r\n  \"fraudFields\": {\r\n    \"fraudScore\": {\r\n      \"fromScore\": 0.13,\r\n      \"toScore\": 0.84\r\n    },\r\n    \"fraudResponseCode\": \"FRAUD_SYSTEM_APPROVED\",\r\n    \"fraudRuleResult\": \"MANUAL_REVIEW\"\r\n  },\r\n  \"customerFields\": {\r\n    \"field1\": \"GC\",\r\n    \"field2\": \"Custom\",\r\n    \"field3\": \"Report\"\r\n  }\r\n}",
      "collectionId": "33719909-706a-4715-9ed8-db23cdd5d668",
      "queryParams": [],
      "headerData": [
        {
          "key": "Content-Type",
          "value": "application/json",
          "description": ""
        },
        {
          "key": "v-correlation-id",
          "value": "a0efdf0f-eb0b-4353-80bb-ec520e02885e",
          "description": "Correlation Id"
        },
        {
          "key": "Accept",
          "value": "application/json"
        }
      ],
      "pathVariableData": []
    },
    {
      "folder": "9d70b838-128c-4565-bf8a-3de575151678",
      "id": "fd8776f9-878e-4683-92a2-f5b26e084562",
      "name": "searchAuthorizationsHistory",
      "dataMode": "raw",
      "dataDisabled": false,
      "descriptionFormat": "markdown",
      "description": "Retrieves the authorized transaction (approved or declined) details for a given hierarchy and date range. Provides transaction details. Helps users perform a search based on optional fields.",
      "headers": "Content-Type:application/json\r\nv-correlation-id:a0efdf0f-eb0b-4353-80bb-ec520e02885e\r\nAccept:application/json\r\n",
      "method": "POST",
      "currentHelper": "apikey",
      "helperAttributes": {
        "id": "apikey",
        "key": "Authorization",
        "value": "Authorization83",
        "in": "header"
      },
      "auth": {
        "type": "apikey",
        "apikey": [
          {
            "key": "in",
            "value": "header",
            "type": "string"
          },
          {
            "key": "key",
            "value": "Authorization",
            "type": "string"
          },
          {
            "key": "value",
            "value": "Authorization24",
            "type": "string"
          }
        ]
      },
      "pathVariables": {},
      "url": "https://apis.stage.worldpay.com/merchant-reporting/authorizationresearch/v1/authorizations/historical/search",
      "responses": [
        {
          "request": "fd8776f9-878e-4683-92a2-f5b26e084562",
          "id": "6e587d15-2e2e-49a0-820b-e65c83109f07",
          "name": "Response_200",
          "status": "OK",
          "responseCode": {
            "code": 200,
            "name": "200",
            "detail": "OK"
          },
          "headers": [
            {
              "name": "v-correlation-id",
              "key": "v-correlation-id",
              "value": "a0efdf0f-eb0b-4353-80bb-ec520e02885e",
              "description": "Correlation ID"
            },
            {
              "key": "Content-Type",
              "value": "application/json"
            }
          ],
          "mime": "application/json",
          "text": "{\r\n  \"pagination\": {\r\n    \"pageNumber\": 0,\r\n    \"pageSize\": 50,\r\n    \"totalRowCount\": 45,\r\n    \"totalReturnedCount\": 25\r\n  },\r\n  \"authorizations\": [\r\n    {\r\n      \"transactionDetails\": {\r\n        \"transactionId\": \"186354016598\",\r\n        \"transactionDateTime\": \"2024-12-22T12:01:17.4569862Z\",\r\n        \"processDate\": \"2016-07-19\",\r\n        \"transactionType\": {\r\n          \"code\": \"AB\",\r\n          \"shortDescription\": \"Short description of field\",\r\n          \"longDescription\": \"Long description of field\"\r\n        },\r\n        \"authorizationAmount\": 6.90042941966114,\r\n        \"authorizationCurrency\": {\r\n          \"code\": \"AB\",\r\n          \"shortDescription\": \"Short description of field\",\r\n          \"longDescription\": \"Long description of field\"\r\n        },\r\n        \"transactionStatus\": {\r\n          \"code\": \"AB\",\r\n          \"shortDescription\": \"Short description of field\",\r\n          \"longDescription\": \"Long description of field\"\r\n        },\r\n        \"entryMode\": {\r\n          \"code\": \"AB\",\r\n          \"shortDescription\": \"Short description of field\",\r\n          \"longDescription\": \"Long description of field\"\r\n        },\r\n        \"authorizationCode\": \"73994M\",\r\n        \"authorizationResponse\": {\r\n          \"code\": \"AB\",\r\n          \"shortDescription\": \"Short description of field\",\r\n          \"longDescription\": \"Long description of field\"\r\n        },\r\n        \"cashbackAmount\": 3.4935417391795394,\r\n        \"requestedAmount\": 0.8706690151573481,\r\n        \"sequenceNumber\": \"123456\",\r\n        \"authorizationSource\": {\r\n          \"code\": \"AB\",\r\n          \"shortDescription\": \"Short description of field\",\r\n          \"longDescription\": \"Long description of field\"\r\n        },\r\n        \"oldAuthorizationAmount\": 1.33,\r\n        \"remainingBalance\": 4.101553480188155,\r\n        \"processLocation\": \"14\",\r\n        \"terminalNumber\": \"D0640450\",\r\n        \"gratuityAmount\": 4.32,\r\n        \"massTransactionId\": \"5534536467888\",\r\n        \"signatureDebitConversion\": true,\r\n        \"posRegisterNumber\": \"0050\",\r\n        \"terminalId\": \"D0640450\",\r\n        \"terminalCapability\": {\r\n          \"code\": \"AB\",\r\n          \"shortDescription\": \"Short description of field\",\r\n          \"longDescription\": \"Long description of field\"\r\n        },\r\n        \"pinLess\": {\r\n          \"code\": \"AB\",\r\n          \"shortDescription\": \"Short description of field\",\r\n          \"longDescription\": \"Long description of field\"\r\n        }\r\n      },\r\n      \"cardDetails\": {\r\n        \"cardNumber\": \"123456XXXXXX9876\",\r\n        \"cardType\": \"CREDIT\",\r\n        \"cardNetwork\": {\r\n          \"code\": \"AB\",\r\n          \"shortDescription\": \"Short description of field\",\r\n          \"longDescription\": \"Long description of field\"\r\n        },\r\n        \"cardProductResults\": {\r\n          \"code\": \"AB\",\r\n          \"shortDescription\": \"Short description of field\",\r\n          \"longDescription\": \"Long description of field\"\r\n        },\r\n        \"cardAccountTerm\": {\r\n          \"code\": \"AB\",\r\n          \"shortDescription\": \"Short description of field\",\r\n          \"longDescription\": \"Long description of field\"\r\n        },\r\n        \"cardholderId\": {\r\n          \"code\": \"AB\",\r\n          \"shortDescription\": \"Short description of field\",\r\n          \"longDescription\": \"Long description of field\"\r\n        },\r\n        \"cardholderVerificationMethod\": \"Direct\",\r\n        \"token\": \"374245111111111\",\r\n        \"tokenId\": \"A834GD\",\r\n        \"tokenRequestorId\": \"AZDAJAKAYHE\",\r\n        \"tokenExpiry\": \"2022-10\",\r\n        \"tokenAssuranceLevel\": \"99\",\r\n        \"cvv2PresenceIndicator\": {\r\n          \"code\": \"AB\",\r\n          \"shortDescription\": \"Short description of field\",\r\n          \"longDescription\": \"Long description of field\"\r\n        },\r\n        \"expirationDate\": \"09-02-2025\",\r\n        \"cvv2ResponseCode\": {\r\n          \"code\": \"AB\",\r\n          \"shortDescription\": \"Short description of field\",\r\n          \"longDescription\": \"Long description of field\"\r\n        },\r\n        \"avsResponseCode\": {\r\n          \"code\": \"AB\",\r\n          \"shortDescription\": \"Short description of field\",\r\n          \"longDescription\": \"Long description of field\"\r\n        },\r\n        \"cardholderBankAcro\": \"MAE1\",\r\n        \"networkId\": \"STAR\",\r\n        \"networkGroup\": {\r\n          \"code\": \"AB\",\r\n          \"shortDescription\": \"Short description of field\",\r\n          \"longDescription\": \"Long description of field\"\r\n        },\r\n        \"voucherNumber\": \"484426\",\r\n        \"toAccountType\": {\r\n          \"code\": \"AB\",\r\n          \"shortDescription\": \"Short description of field\",\r\n          \"longDescription\": \"Long description of field\"\r\n        },\r\n        \"fromAccountType\": {\r\n          \"code\": \"AB\",\r\n          \"shortDescription\": \"Short description of field\",\r\n          \"longDescription\": \"Long description of field\"\r\n        },\r\n        \"cavvResponse\": \"B\",\r\n        \"masterCardTICIndicator\": {\r\n          \"code\": \"AB\",\r\n          \"shortDescription\": \"Short description of field\",\r\n          \"longDescription\": \"Long description of field\"\r\n        },\r\n        \"lastFourOfPAN\": \"3245\",\r\n        \"gcRetrievalReferenceNumber\": \"gcRetrieva86\",\r\n        \"retrievalReferenceNumber\": \"216712523926\",\r\n        \"validationCode\": \"3435\",\r\n        \"marketSpecificDataIndicator\": {\r\n          \"code\": \"AB\",\r\n          \"shortDescription\": \"Short description of field\",\r\n          \"longDescription\": \"Long description of field\"\r\n        },\r\n        \"bankNetDate\": \"06-01-2025\",\r\n        \"bankNetReferenceNumber\": \"656787879\"\r\n      },\r\n      \"locationDetails\": {\r\n        \"hierarchy\": {\r\n          \"chainCode\": \"PA1234\",\r\n          \"divisionNumber\": \"002\",\r\n          \"storeNumber\": \"000000001\",\r\n          \"merchantId\": \"2555091034216\"\r\n        },\r\n        \"merchantName\": \"CLIENT SERVICES TEST\",\r\n        \"alternateMerchantId\": \"521112355854\",\r\n        \"acro\": \"WALG\",\r\n        \"merchantCategory\": {\r\n          \"code\": \"AB\",\r\n          \"shortDescription\": \"Short description of field\",\r\n          \"longDescription\": \"Long description of field\"\r\n        },\r\n        \"merchantTimeZone\": \"UST\",\r\n        \"countryOfOrigin\": {\r\n          \"code\": \"AB\",\r\n          \"shortDescription\": \"Short description of field\",\r\n          \"longDescription\": \"Long description of field\"\r\n        },\r\n        \"governmentControlledEntity\": true\r\n      },\r\n      \"additionalDetails\": {\r\n        \"callType\": {\r\n          \"code\": \"AB\",\r\n          \"shortDescription\": \"Short description of field\",\r\n          \"longDescription\": \"Long description of field\"\r\n        },\r\n        \"mailPhoneIndicator\": {\r\n          \"code\": \"AB\",\r\n          \"shortDescription\": \"Short description of field\",\r\n          \"longDescription\": \"Long description of field\"\r\n        },\r\n        \"originType\": {\r\n          \"code\": \"AB\",\r\n          \"shortDescription\": \"Short description of field\",\r\n          \"longDescription\": \"Long description of field\"\r\n        },\r\n        \"posConditionCode\": {\r\n          \"code\": \"AB\",\r\n          \"shortDescription\": \"Short description of field\",\r\n          \"longDescription\": \"Long description of field\"\r\n        },\r\n        \"voidIndicator\": \"Y\",\r\n        \"forcePost\": true,\r\n        \"hasAdjustmentRecords\": \"Not Adjusted\",\r\n        \"aci\": {\r\n          \"code\": \"AB\",\r\n          \"shortDescription\": \"Short description of field\",\r\n          \"longDescription\": \"Long description of field\"\r\n        },\r\n        \"dccMcpCurrencyConversionRate\": 0.4612367769988425,\r\n        \"dccMcpSettlementMarkupRate\": 3.4626143395260973,\r\n        \"settlementType\": \"S\",\r\n        \"authorizationCommunicationType\": {\r\n          \"code\": \"AB\",\r\n          \"shortDescription\": \"Short description of field\",\r\n          \"longDescription\": \"Long description of field\"\r\n        },\r\n        \"issuerCountryCode\": \"USA\",\r\n        \"applicationIdentifier\": \"E\",\r\n        \"uniqueSerialDeviceNumber\": \"B8973827348H43\",\r\n        \"softPOSMobileDeviceTypeIndicator\": \"A\"\r\n      },\r\n      \"premiumPayback\": {\r\n        \"indicatorPassed\": false,\r\n        \"eligibleBIN\": false,\r\n        \"eligible\": false,\r\n        \"redemptionAccepted\": false,\r\n        \"redemptionAmount\": 7.954773312879155\r\n      },\r\n      \"interchangeDetails\": {\r\n        \"merchantSurchargeAmount\": \"893.56\",\r\n        \"convenienceFee\": \"12.25\",\r\n        \"interchangeCode\": {\r\n          \"code\": \"AB\",\r\n          \"shortDescription\": \"Short description of field\",\r\n          \"longDescription\": \"Long description of field\"\r\n        },\r\n        \"interchangeOtherFee\": \"17.25\"\r\n      },\r\n      \"ecomDetails\": {\r\n        \"authorizationIdentifier\": \"6T78\",\r\n        \"customerIdentifier\": \"98765\",\r\n        \"reportGroup\": \"1098675\",\r\n        \"campaign\": \"654732\",\r\n        \"affiliate\": \"1009648\",\r\n        \"merchantGroupIdentifier\": \"1098675\",\r\n        \"merchantOrderIdentifier\": \"45356\"\r\n      },\r\n      \"emvDetails\": {\r\n        \"transaction\": true,\r\n        \"offlineTransaction\": true,\r\n        \"cardCapable\": \"true\",\r\n        \"termCapable\": \"true\"\r\n      },\r\n      \"otherServices\": {\r\n        \"standInIndicator\": {\r\n          \"code\": \"AB\",\r\n          \"shortDescription\": \"Short description of field\",\r\n          \"longDescription\": \"Long description of field\"\r\n        },\r\n        \"standInLevel\": {\r\n          \"code\": \"AB\",\r\n          \"shortDescription\": \"Short description of field\",\r\n          \"longDescription\": \"Long description of field\"\r\n        },\r\n        \"primeAuthorizationRetryEnabled\": \"true\",\r\n        \"networkTokenRetry\": \"false\"\r\n      },\r\n      \"fraudSightDetails\": {\r\n        \"fraudScore\": 0.84,\r\n        \"fraudRule\": \"CaR\",\r\n        \"fraudResponseCode\": {\r\n          \"code\": \"AB\",\r\n          \"shortDescription\": \"Short description of field\",\r\n          \"longDescription\": \"Long description of field\"\r\n        },\r\n        \"fraudRuleResult\": {\r\n          \"code\": \"AB\",\r\n          \"shortDescription\": \"Short description of field\",\r\n          \"longDescription\": \"Long description of field\"\r\n        },\r\n        \"fraudResponseTime\": \"fr38\"\r\n      },\r\n      \"signifyDetails\": {\r\n        \"fraudVendorId\": \"34455\",\r\n        \"fraudCoverageType\": {\r\n          \"code\": \"AB\",\r\n          \"shortDescription\": \"Short description of field\",\r\n          \"longDescription\": \"Long description of field\"\r\n        },\r\n        \"fraudDetectionStage\": {\r\n          \"code\": \"AB\",\r\n          \"shortDescription\": \"Short description of field\",\r\n          \"longDescription\": \"Long description of field\"\r\n        }\r\n      },\r\n      \"customerFields\": {\r\n        \"field1\": \"GC\",\r\n        \"field2\": \"Custom\",\r\n        \"field3\": \"Report\"\r\n      },\r\n      \"paymentGatewayDetails\": {\r\n        \"posApplicationId\": \"1111\",\r\n        \"posApplicationName\": \"Express 1\",\r\n        \"posApplicationVersion\": \"Express.2.39.0\",\r\n        \"gatewayTransactionId\": \"559839123\"\r\n      },\r\n      \"settlementDetails\": {\r\n        \"settlementProcessDate\": \"2016-07-19\",\r\n        \"status\": \"SETTLED\"\r\n      }\r\n    }\r\n  ]\r\n}",
          "language": "Text",
          "rawDataType": "text"
        }
      ],
      "rawModeData": "{\r\n  \"hierarchy\": {\r\n    \"level\": \"CHAIN\",\r\n    \"values\": [\r\n      \"PA1234\",\r\n      \"AA1235\"\r\n    ],\r\n    \"chainCode\": \"PA1234\"\r\n  },\r\n  \"dateRange\": {\r\n    \"fromDate\": \"2021-12-01\",\r\n    \"toDate\": \"2022-01-01\"\r\n  },\r\n  \"pagination\": {\r\n    \"pageNumber\": 2,\r\n    \"pageSize\": 10\r\n  },\r\n  \"sortResultsBy\": {\r\n    \"fieldName\": \"CARD_NUMBER\",\r\n    \"orderBy\": \"ASC\"\r\n  },\r\n  \"transactionAmountRange\": {\r\n    \"fromAmount\": 5.581967445827074,\r\n    \"toAmount\": 3.1181892534336955,\r\n    \"authorizationCurrencyCode\": \"a31\"\r\n  },\r\n  \"authorizationCode\": \"73994M\",\r\n  \"cardTypes\": \"CREDIT\",\r\n  \"cardNetworks\": \"VISA\",\r\n  \"cardNumber\": \"123456XXXXXX9876\",\r\n  \"token\": \"374245111111111\",\r\n  \"transactionId\": \"transactionId8\",\r\n  \"transactionTypeCode\": \"GA\",\r\n  \"transactionStatusCode\": \"AA\",\r\n  \"fraudFields\": {\r\n    \"fraudScore\": {\r\n      \"fromScore\": 0.13,\r\n      \"toScore\": 0.84\r\n    },\r\n    \"fraudResponseCode\": \"FRAUD_SYSTEM_APPROVED\",\r\n    \"fraudRuleResult\": \"MANUAL_REVIEW\"\r\n  },\r\n  \"customerFields\": {\r\n    \"field1\": \"GC\",\r\n    \"field2\": \"Custom\",\r\n    \"field3\": \"Report\"\r\n  }\r\n}",
      "collectionId": "33719909-706a-4715-9ed8-db23cdd5d668",
      "queryParams": [],
      "headerData": [
        {
          "key": "Content-Type",
          "value": "application/json",
          "description": ""
        },
        {
          "key": "v-correlation-id",
          "value": "a0efdf0f-eb0b-4353-80bb-ec520e02885e",
          "description": "Correlation Id"
        },
        {
          "key": "Accept",
          "value": "application/json"
        }
      ],
      "pathVariableData": []
    },
    {
      "folder": "c2b632de-3d10-4303-93d5-6f4b43963239",
      "id": "3b2fee5d-a7a0-401a-ab13-a232edce926b",
      "name": "GetTransactionType",
      "dataDisabled": false,
      "descriptionFormat": "markdown",
      "description": "A transaction type refers to the specific nature or purpose of a financial activity, such as purchases, withdrawals, or transfers.",
      "headers": "v-correlation-id:a0efdf0f-eb0b-4353-80bb-ec520e02885e\r\nAccept:application/json\r\n",
      "method": "GET",
      "currentHelper": "apikey",
      "helperAttributes": {
        "id": "apikey",
        "key": "Authorization",
        "value": "Authorization42",
        "in": "header"
      },
      "auth": {
        "type": "apikey",
        "apikey": [
          {
            "key": "in",
            "value": "header",
            "type": "string"
          },
          {
            "key": "key",
            "value": "Authorization",
            "type": "string"
          },
          {
            "key": "value",
            "value": "Authorization69",
            "type": "string"
          }
        ]
      },
      "pathVariables": {},
      "url": "https://apis.stage.worldpay.com/merchant-reporting/authorizationresearch/v1/transaction-types",
      "responses": [
        {
          "request": "3b2fee5d-a7a0-401a-ab13-a232edce926b",
          "id": "bdbc1204-6136-411e-b486-a9f0c769a3ec",
          "name": "Response_200",
          "status": "OK",
          "responseCode": {
            "code": 200,
            "name": "200",
            "detail": "OK"
          },
          "headers": [
            {
              "name": "v-correlation-id",
              "key": "v-correlation-id",
              "value": "a0efdf0f-eb0b-4353-80bb-ec520e02885e",
              "description": "Correlation ID"
            },
            {
              "key": "Content-Type",
              "value": "application/json"
            }
          ],
          "mime": "application/json",
          "text": "[\r\n  {\r\n    \"code\": \"GAX\",\r\n    \"shortDescription\": \"Actvn Revsl\",\r\n    \"longDescription\": \"Activation Reversal\"\r\n  }\r\n]",
          "language": "Text",
          "rawDataType": "text"
        }
      ],
      "collectionId": "33719909-706a-4715-9ed8-db23cdd5d668",
      "queryParams": [],
      "headerData": [
        {
          "key": "v-correlation-id",
          "value": "a0efdf0f-eb0b-4353-80bb-ec520e02885e",
          "description": "Correlation Id"
        },
        {
          "key": "Accept",
          "value": "application/json"
        }
      ],
      "pathVariableData": []
    },
    {
      "folder": "3532a8eb-5fc6-4455-8da4-eb86cf32e2fb",
      "id": "d25f958e-0a1d-4c93-a4e3-72cae2b504ad",
      "name": "GetTransactionStatus",
      "dataDisabled": false,
      "descriptionFormat": "markdown",
      "description": "A transaction status indicates the current state of a financial transaction, whether it's pending, completed, failed, or under review.",
      "headers": "v-correlation-id:a0efdf0f-eb0b-4353-80bb-ec520e02885e\r\nAccept:application/json\r\n",
      "method": "GET",
      "currentHelper": "apikey",
      "helperAttributes": {
        "id": "apikey",
        "key": "Authorization",
        "value": "Authorization55",
        "in": "header"
      },
      "auth": {
        "type": "apikey",
        "apikey": [
          {
            "key": "in",
            "value": "header",
            "type": "string"
          },
          {
            "key": "key",
            "value": "Authorization",
            "type": "string"
          },
          {
            "key": "value",
            "value": "Authorization14",
            "type": "string"
          }
        ]
      },
      "pathVariables": {},
      "url": "https://apis.stage.worldpay.com/merchant-reporting/authorizationresearch/v1/transaction-statuses",
      "responses": [
        {
          "request": "d25f958e-0a1d-4c93-a4e3-72cae2b504ad",
          "id": "90af5937-e79d-457a-a2c1-d04587df78e5",
          "name": "Response_200",
          "status": "OK",
          "responseCode": {
            "code": 200,
            "name": "200",
            "detail": "OK"
          },
          "headers": [
            {
              "name": "v-correlation-id",
              "key": "v-correlation-id",
              "value": "a0efdf0f-eb0b-4353-80bb-ec520e02885e",
              "description": "Correlation ID"
            },
            {
              "key": "Content-Type",
              "value": "application/json"
            }
          ],
          "mime": "application/json",
          "text": "[\r\n  {\r\n    \"code\": \"AB\",\r\n    \"shortDescription\": \"APPRVL FOR LESS\",\r\n    \"longDescription\": \"APPROVAL FOR LESSER AMOUNT (GIFT CARD)\"\r\n  }\r\n]",
          "language": "Text",
          "rawDataType": "text"
        }
      ],
      "collectionId": "33719909-706a-4715-9ed8-db23cdd5d668",
      "queryParams": [],
      "headerData": [
        {
          "key": "v-correlation-id",
          "value": "a0efdf0f-eb0b-4353-80bb-ec520e02885e",
          "description": "Correlation Id"
        },
        {
          "key": "Accept",
          "value": "application/json"
        }
      ],
      "pathVariableData": []
    }
  ],
  "variables": []
}