{
  "info": {
    "name": "Reporting Authorization Research API",
    "_postman_id": "872db19d-208d-4e61-a109-57dd3b648113",
    "description": "API enables the search and retrieval of transaction authorizations, providing comprehensive insights into transaction histories, approvals, and declines for enhanced financial analysis and reporting \n # Authentication \n<SecurityDefinitions />",
    "schema": "https://schema.getpostman.com/json/collection/v2.0.0/collection.json"
  },
  "item": [
    {
      "name": "Authorizations",
      "description": "",
      "item": [
        {
          "id": "f37888d4-55b8-4b47-8dcd-97b600a8b5eb",
          "name": "searchAuthorizations",
          "request": {
            "url": {
              "protocol": "https",
              "host": "apis.stage.worldpay.com",
              "path": [
                "merchant-reporting",
                "authorizationresearch",
                "v1",
                "authorizations/search"
              ]
            },
            "auth": {
              "type": "apikey",
              "apikey": {
                "key": "Authorization",
                "value": "Authorization78",
                "in": "header"
              }
            },
            "method": "POST",
            "header": [
              {
                "key": "Content-Type",
                "value": "application/json",
                "description": "",
                "disabled": false
              },
              {
                "key": "v-correlation-id",
                "value": "a0efdf0f-eb0b-4353-80bb-ec520e02885e",
                "description": "Correlation Id",
                "disabled": false
              },
              {
                "key": "Accept",
                "value": "application/json",
                "disabled": false
              }
            ],
            "body": {
              "mode": "raw",
              "raw": "{\r\n  \"hierarchy\": {\r\n    \"level\": \"CHAIN\",\r\n    \"values\": [\r\n      \"PA1234\",\r\n      \"AA1235\"\r\n    ],\r\n    \"chainCode\": \"PA1234\"\r\n  },\r\n  \"dateRange\": {\r\n    \"fromDate\": \"2021-12-01\",\r\n    \"toDate\": \"2022-01-01\"\r\n  },\r\n  \"pagination\": {\r\n    \"pageNumber\": 2,\r\n    \"pageSize\": 10\r\n  },\r\n  \"sortResultsBy\": {\r\n    \"fieldName\": \"CARD_NUMBER\",\r\n    \"orderBy\": \"ASC\"\r\n  },\r\n  \"transactionAmountRange\": {\r\n    \"fromAmount\": 3.5079364830199333,\r\n    \"toAmount\": 5.406730320959692,\r\n    \"authorizationCurrencyCode\": \"a50\"\r\n  },\r\n  \"authorizationCode\": \"73994M\",\r\n  \"cardTypes\": \"EBT\",\r\n  \"cardNetworks\": \"VISA\",\r\n  \"cardNumber\": \"123456XXXXXX9876\",\r\n  \"token\": \"374245111111111\",\r\n  \"transactionId\": \"transactionId25\",\r\n  \"transactionTypeCode\": \"GA\",\r\n  \"transactionStatusCode\": \"AA\",\r\n  \"fraudFields\": {\r\n    \"fraudScore\": {\r\n      \"fromScore\": 0.13,\r\n      \"toScore\": 0.84\r\n    },\r\n    \"fraudResponseCode\": \"FRAUD_SYSTEM_APPROVED\",\r\n    \"fraudRuleResult\": \"MANUAL_REVIEW\"\r\n  },\r\n  \"customerFields\": {\r\n    \"field1\": \"GC\",\r\n    \"field2\": \"Custom\",\r\n    \"field3\": \"Report\"\r\n  }\r\n}",
              "disabled": false
            },
            "description": "Retrieves the authorized transaction (approved or declined) details for a given hierarchy and date range. Provides transaction details. Helps users perform a search based on optional fields."
          },
          "response": [
            {
              "header": [
                {
                  "key": "v-correlation-id",
                  "value": "",
                  "disabled": false
                },
                {
                  "key": "Content-Type",
                  "value": "application/json",
                  "disabled": false
                }
              ],
              "body": "{\r\n  \"pagination\": {\r\n    \"pageNumber\": 0,\r\n    \"pageSize\": 50,\r\n    \"totalRowCount\": 45,\r\n    \"totalReturnedCount\": 25\r\n  },\r\n  \"authorizations\": [\r\n    {\r\n      \"transactionDetails\": {\r\n        \"transactionId\": \"186354016598\",\r\n        \"transactionDateTime\": \"2025-01-04T12:01:17.4514338Z\",\r\n        \"processDate\": \"2016-07-19\",\r\n        \"transactionType\": {\r\n          \"code\": \"AB\",\r\n          \"shortDescription\": \"Short description of field\",\r\n          \"longDescription\": \"Long description of field\"\r\n        },\r\n        \"authorizationAmount\": 3.8973439167706965,\r\n        \"authorizationCurrency\": {\r\n          \"code\": \"AB\",\r\n          \"shortDescription\": \"Short description of field\",\r\n          \"longDescription\": \"Long description of field\"\r\n        },\r\n        \"transactionStatus\": {\r\n          \"code\": \"AB\",\r\n          \"shortDescription\": \"Short description of field\",\r\n          \"longDescription\": \"Long description of field\"\r\n        },\r\n        \"entryMode\": {\r\n          \"code\": \"AB\",\r\n          \"shortDescription\": \"Short description of field\",\r\n          \"longDescription\": \"Long description of field\"\r\n        },\r\n        \"authorizationCode\": \"73994M\",\r\n        \"authorizationResponse\": {\r\n          \"code\": \"AB\",\r\n          \"shortDescription\": \"Short description of field\",\r\n          \"longDescription\": \"Long description of field\"\r\n        },\r\n        \"cashbackAmount\": 1.972681482775454,\r\n        \"requestedAmount\": 6.958358082435261,\r\n        \"sequenceNumber\": \"123456\",\r\n        \"authorizationSource\": {\r\n          \"code\": \"AB\",\r\n          \"shortDescription\": \"Short description of field\",\r\n          \"longDescription\": \"Long description of field\"\r\n        },\r\n        \"oldAuthorizationAmount\": 1.33,\r\n        \"remainingBalance\": 1.472547773026185,\r\n        \"processLocation\": \"14\",\r\n        \"terminalNumber\": \"D0640450\",\r\n        \"gratuityAmount\": 4.32,\r\n        \"massTransactionId\": \"5534536467888\",\r\n        \"signatureDebitConversion\": true,\r\n        \"posRegisterNumber\": \"0050\",\r\n        \"terminalId\": \"D0640450\",\r\n        \"terminalCapability\": {\r\n          \"code\": \"AB\",\r\n          \"shortDescription\": \"Short description of field\",\r\n          \"longDescription\": \"Long description of field\"\r\n        },\r\n        \"pinLess\": {\r\n          \"code\": \"AB\",\r\n          \"shortDescription\": \"Short description of field\",\r\n          \"longDescription\": \"Long description of field\"\r\n        }\r\n      },\r\n      \"cardDetails\": {\r\n        \"cardNumber\": \"123456XXXXXX9876\",\r\n        \"cardType\": \"CREDIT\",\r\n        \"cardNetwork\": {\r\n          \"code\": \"AB\",\r\n          \"shortDescription\": \"Short description of field\",\r\n          \"longDescription\": \"Long description of field\"\r\n        },\r\n        \"cardProductResults\": {\r\n          \"code\": \"AB\",\r\n          \"shortDescription\": \"Short description of field\",\r\n          \"longDescription\": \"Long description of field\"\r\n        },\r\n        \"cardAccountTerm\": {\r\n          \"code\": \"AB\",\r\n          \"shortDescription\": \"Short description of field\",\r\n          \"longDescription\": \"Long description of field\"\r\n        },\r\n        \"cardholderId\": {\r\n          \"code\": \"AB\",\r\n          \"shortDescription\": \"Short description of field\",\r\n          \"longDescription\": \"Long description of field\"\r\n        },\r\n        \"cardholderVerificationMethod\": \"Direct\",\r\n        \"token\": \"374245111111111\",\r\n        \"tokenId\": \"A834GD\",\r\n        \"tokenRequestorId\": \"AZDAJAKAYHE\",\r\n        \"tokenExpiry\": \"2022-10\",\r\n        \"tokenAssuranceLevel\": \"99\",\r\n        \"cvv2PresenceIndicator\": {\r\n          \"code\": \"AB\",\r\n          \"shortDescription\": \"Short description of field\",\r\n          \"longDescription\": \"Long description of field\"\r\n        },\r\n        \"expirationDate\": \"05-01-2025\",\r\n        \"cvv2ResponseCode\": {\r\n          \"code\": \"AB\",\r\n          \"shortDescription\": \"Short description of field\",\r\n          \"longDescription\": \"Long description of field\"\r\n        },\r\n        \"avsResponseCode\": {\r\n          \"code\": \"AB\",\r\n          \"shortDescription\": \"Short description of field\",\r\n          \"longDescription\": \"Long description of field\"\r\n        },\r\n        \"cardholderBankAcro\": \"MAE1\",\r\n        \"networkId\": \"STAR\",\r\n        \"networkGroup\": {\r\n          \"code\": \"AB\",\r\n          \"shortDescription\": \"Short description of field\",\r\n          \"longDescription\": \"Long description of field\"\r\n        },\r\n        \"voucherNumber\": \"484426\",\r\n        \"toAccountType\": {\r\n          \"code\": \"AB\",\r\n          \"shortDescription\": \"Short description of field\",\r\n          \"longDescription\": \"Long description of field\"\r\n        },\r\n        \"fromAccountType\": {\r\n          \"code\": \"AB\",\r\n          \"shortDescription\": \"Short description of field\",\r\n          \"longDescription\": \"Long description of field\"\r\n        },\r\n        \"cavvResponse\": \"B\",\r\n        \"masterCardTICIndicator\": {\r\n          \"code\": \"AB\",\r\n          \"shortDescription\": \"Short description of field\",\r\n          \"longDescription\": \"Long description of field\"\r\n        },\r\n        \"lastFourOfPAN\": \"3245\",\r\n        \"gcRetrievalReferenceNumber\": \"gcRetrieva28\",\r\n        \"retrievalReferenceNumber\": \"216712523926\",\r\n        \"validationCode\": \"3435\",\r\n        \"marketSpecificDataIndicator\": {\r\n          \"code\": \"AB\",\r\n          \"shortDescription\": \"Short description of field\",\r\n          \"longDescription\": \"Long description of field\"\r\n        },\r\n        \"bankNetDate\": \"13-12-2024\",\r\n        \"bankNetReferenceNumber\": \"656787879\"\r\n      },\r\n      \"locationDetails\": {\r\n        \"hierarchy\": {\r\n          \"chainCode\": \"PA1234\",\r\n          \"divisionNumber\": \"002\",\r\n          \"storeNumber\": \"000000001\",\r\n          \"merchantId\": \"2555091034216\"\r\n        },\r\n        \"merchantName\": \"CLIENT SERVICES TEST\",\r\n        \"alternateMerchantId\": \"521112355854\",\r\n        \"acro\": \"WALG\",\r\n        \"merchantCategory\": {\r\n          \"code\": \"AB\",\r\n          \"shortDescription\": \"Short description of field\",\r\n          \"longDescription\": \"Long description of field\"\r\n        },\r\n        \"merchantTimeZone\": \"UST\",\r\n        \"countryOfOrigin\": {\r\n          \"code\": \"AB\",\r\n          \"shortDescription\": \"Short description of field\",\r\n          \"longDescription\": \"Long description of field\"\r\n        },\r\n        \"governmentControlledEntity\": true\r\n      },\r\n      \"additionalDetails\": {\r\n        \"callType\": {\r\n          \"code\": \"AB\",\r\n          \"shortDescription\": \"Short description of field\",\r\n          \"longDescription\": \"Long description of field\"\r\n        },\r\n        \"mailPhoneIndicator\": {\r\n          \"code\": \"AB\",\r\n          \"shortDescription\": \"Short description of field\",\r\n          \"longDescription\": \"Long description of field\"\r\n        },\r\n        \"originType\": {\r\n          \"code\": \"AB\",\r\n          \"shortDescription\": \"Short description of field\",\r\n          \"longDescription\": \"Long description of field\"\r\n        },\r\n        \"posConditionCode\": {\r\n          \"code\": \"AB\",\r\n          \"shortDescription\": \"Short description of field\",\r\n          \"longDescription\": \"Long description of field\"\r\n        },\r\n        \"voidIndicator\": \"Y\",\r\n        \"forcePost\": true,\r\n        \"hasAdjustmentRecords\": \"Not Adjusted\",\r\n        \"aci\": {\r\n          \"code\": \"AB\",\r\n          \"shortDescription\": \"Short description of field\",\r\n          \"longDescription\": \"Long description of field\"\r\n        },\r\n        \"dccMcpCurrencyConversionRate\": 1.2166053881946044,\r\n        \"dccMcpSettlementMarkupRate\": 1.9082633414809889,\r\n        \"settlementType\": \"S\",\r\n        \"authorizationCommunicationType\": {\r\n          \"code\": \"AB\",\r\n          \"shortDescription\": \"Short description of field\",\r\n          \"longDescription\": \"Long description of field\"\r\n        },\r\n        \"issuerCountryCode\": \"USA\",\r\n        \"applicationIdentifier\": \"E\",\r\n        \"uniqueSerialDeviceNumber\": \"B8973827348H43\",\r\n        \"softPOSMobileDeviceTypeIndicator\": \"A\"\r\n      },\r\n      \"premiumPayback\": {\r\n        \"indicatorPassed\": false,\r\n        \"eligibleBIN\": false,\r\n        \"eligible\": false,\r\n        \"redemptionAccepted\": false,\r\n        \"redemptionAmount\": 10.640993984714614\r\n      },\r\n      \"interchangeDetails\": {\r\n        \"merchantSurchargeAmount\": \"893.56\",\r\n        \"convenienceFee\": \"12.25\",\r\n        \"interchangeCode\": {\r\n          \"code\": \"AB\",\r\n          \"shortDescription\": \"Short description of field\",\r\n          \"longDescription\": \"Long description of field\"\r\n        },\r\n        \"interchangeOtherFee\": \"17.25\"\r\n      },\r\n      \"ecomDetails\": {\r\n        \"authorizationIdentifier\": \"6T78\",\r\n        \"customerIdentifier\": \"98765\",\r\n        \"reportGroup\": \"1098675\",\r\n        \"campaign\": \"654732\",\r\n        \"affiliate\": \"1009648\",\r\n        \"merchantGroupIdentifier\": \"1098675\",\r\n        \"merchantOrderIdentifier\": \"45356\"\r\n      },\r\n      \"emvDetails\": {\r\n        \"transaction\": true,\r\n        \"offlineTransaction\": true,\r\n        \"cardCapable\": \"true\",\r\n        \"termCapable\": \"true\"\r\n      },\r\n      \"otherServices\": {\r\n        \"standInIndicator\": {\r\n          \"code\": \"AB\",\r\n          \"shortDescription\": \"Short description of field\",\r\n          \"longDescription\": \"Long description of field\"\r\n        },\r\n        \"standInLevel\": {\r\n          \"code\": \"AB\",\r\n          \"shortDescription\": \"Short description of field\",\r\n          \"longDescription\": \"Long description of field\"\r\n        },\r\n        \"primeAuthorizationRetryEnabled\": \"true\",\r\n        \"networkTokenRetry\": \"false\"\r\n      },\r\n      \"fraudSightDetails\": {\r\n        \"fraudScore\": 0.84,\r\n        \"fraudRule\": \"CaR\",\r\n        \"fraudResponseCode\": {\r\n          \"code\": \"AB\",\r\n          \"shortDescription\": \"Short description of field\",\r\n          \"longDescription\": \"Long description of field\"\r\n        },\r\n        \"fraudRuleResult\": {\r\n          \"code\": \"AB\",\r\n          \"shortDescription\": \"Short description of field\",\r\n          \"longDescription\": \"Long description of field\"\r\n        },\r\n        \"fraudResponseTime\": \"fr71\"\r\n      },\r\n      \"signifyDetails\": {\r\n        \"fraudVendorId\": \"34455\",\r\n        \"fraudCoverageType\": {\r\n          \"code\": \"AB\",\r\n          \"shortDescription\": \"Short description of field\",\r\n          \"longDescription\": \"Long description of field\"\r\n        },\r\n        \"fraudDetectionStage\": {\r\n          \"code\": \"AB\",\r\n          \"shortDescription\": \"Short description of field\",\r\n          \"longDescription\": \"Long description of field\"\r\n        }\r\n      },\r\n      \"customerFields\": {\r\n        \"field1\": \"GC\",\r\n        \"field2\": \"Custom\",\r\n        \"field3\": \"Report\"\r\n      },\r\n      \"paymentGatewayDetails\": {\r\n        \"posApplicationId\": \"1111\",\r\n        \"posApplicationName\": \"Express 1\",\r\n        \"posApplicationVersion\": \"Express.2.39.0\",\r\n        \"gatewayTransactionId\": \"559839123\"\r\n      },\r\n      \"settlementDetails\": {\r\n        \"settlementProcessDate\": \"2016-07-19\",\r\n        \"status\": \"SETTLED\"\r\n      }\r\n    }\r\n  ]\r\n}",
              "status": "OK",
              "code": 200,
              "name": "Response_200",
              "id": "9afd2928-bf34-4a53-8008-37d8a5052a5b"
            }
          ]
        },
        {
          "id": "aa424bcf-6913-4d6c-acf6-2c82e7d68e6c",
          "name": "searchAuthorizationsHistory",
          "request": {
            "url": {
              "protocol": "https",
              "host": "apis.stage.worldpay.com",
              "path": [
                "merchant-reporting",
                "authorizationresearch",
                "v1",
                "authorizations/historical/search"
              ]
            },
            "auth": {
              "type": "apikey",
              "apikey": {
                "key": "Authorization",
                "value": "Authorization12",
                "in": "header"
              }
            },
            "method": "POST",
            "header": [
              {
                "key": "Content-Type",
                "value": "application/json",
                "description": "",
                "disabled": false
              },
              {
                "key": "v-correlation-id",
                "value": "a0efdf0f-eb0b-4353-80bb-ec520e02885e",
                "description": "Correlation Id",
                "disabled": false
              },
              {
                "key": "Accept",
                "value": "application/json",
                "disabled": false
              }
            ],
            "body": {
              "mode": "raw",
              "raw": "{\r\n  \"hierarchy\": {\r\n    \"level\": \"CHAIN\",\r\n    \"values\": [\r\n      \"PA1234\",\r\n      \"AA1235\"\r\n    ],\r\n    \"chainCode\": \"PA1234\"\r\n  },\r\n  \"dateRange\": {\r\n    \"fromDate\": \"2021-12-01\",\r\n    \"toDate\": \"2022-01-01\"\r\n  },\r\n  \"pagination\": {\r\n    \"pageNumber\": 2,\r\n    \"pageSize\": 10\r\n  },\r\n  \"sortResultsBy\": {\r\n    \"fieldName\": \"CARD_NUMBER\",\r\n    \"orderBy\": \"ASC\"\r\n  },\r\n  \"transactionAmountRange\": {\r\n    \"fromAmount\": 3.5079364830199333,\r\n    \"toAmount\": 5.406730320959692,\r\n    \"authorizationCurrencyCode\": \"a50\"\r\n  },\r\n  \"authorizationCode\": \"73994M\",\r\n  \"cardTypes\": \"EBT\",\r\n  \"cardNetworks\": \"VISA\",\r\n  \"cardNumber\": \"123456XXXXXX9876\",\r\n  \"token\": \"374245111111111\",\r\n  \"transactionId\": \"transactionId25\",\r\n  \"transactionTypeCode\": \"GA\",\r\n  \"transactionStatusCode\": \"AA\",\r\n  \"fraudFields\": {\r\n    \"fraudScore\": {\r\n      \"fromScore\": 0.13,\r\n      \"toScore\": 0.84\r\n    },\r\n    \"fraudResponseCode\": \"FRAUD_SYSTEM_APPROVED\",\r\n    \"fraudRuleResult\": \"MANUAL_REVIEW\"\r\n  },\r\n  \"customerFields\": {\r\n    \"field1\": \"GC\",\r\n    \"field2\": \"Custom\",\r\n    \"field3\": \"Report\"\r\n  }\r\n}",
              "disabled": false
            },
            "description": "Retrieves the authorized transaction (approved or declined) details for a given hierarchy and date range. Provides transaction details. Helps users perform a search based on optional fields."
          },
          "response": [
            {
              "header": [
                {
                  "key": "v-correlation-id",
                  "value": "",
                  "disabled": false
                },
                {
                  "key": "Content-Type",
                  "value": "application/json",
                  "disabled": false
                }
              ],
              "body": "{\r\n  \"pagination\": {\r\n    \"pageNumber\": 0,\r\n    \"pageSize\": 50,\r\n    \"totalRowCount\": 45,\r\n    \"totalReturnedCount\": 25\r\n  },\r\n  \"authorizations\": [\r\n    {\r\n      \"transactionDetails\": {\r\n        \"transactionId\": \"186354016598\",\r\n        \"transactionDateTime\": \"2025-01-04T12:01:17.4514338Z\",\r\n        \"processDate\": \"2016-07-19\",\r\n        \"transactionType\": {\r\n          \"code\": \"AB\",\r\n          \"shortDescription\": \"Short description of field\",\r\n          \"longDescription\": \"Long description of field\"\r\n        },\r\n        \"authorizationAmount\": 3.8973439167706965,\r\n        \"authorizationCurrency\": {\r\n          \"code\": \"AB\",\r\n          \"shortDescription\": \"Short description of field\",\r\n          \"longDescription\": \"Long description of field\"\r\n        },\r\n        \"transactionStatus\": {\r\n          \"code\": \"AB\",\r\n          \"shortDescription\": \"Short description of field\",\r\n          \"longDescription\": \"Long description of field\"\r\n        },\r\n        \"entryMode\": {\r\n          \"code\": \"AB\",\r\n          \"shortDescription\": \"Short description of field\",\r\n          \"longDescription\": \"Long description of field\"\r\n        },\r\n        \"authorizationCode\": \"73994M\",\r\n        \"authorizationResponse\": {\r\n          \"code\": \"AB\",\r\n          \"shortDescription\": \"Short description of field\",\r\n          \"longDescription\": \"Long description of field\"\r\n        },\r\n        \"cashbackAmount\": 1.972681482775454,\r\n        \"requestedAmount\": 6.958358082435261,\r\n        \"sequenceNumber\": \"123456\",\r\n        \"authorizationSource\": {\r\n          \"code\": \"AB\",\r\n          \"shortDescription\": \"Short description of field\",\r\n          \"longDescription\": \"Long description of field\"\r\n        },\r\n        \"oldAuthorizationAmount\": 1.33,\r\n        \"remainingBalance\": 1.472547773026185,\r\n        \"processLocation\": \"14\",\r\n        \"terminalNumber\": \"D0640450\",\r\n        \"gratuityAmount\": 4.32,\r\n        \"massTransactionId\": \"5534536467888\",\r\n        \"signatureDebitConversion\": true,\r\n        \"posRegisterNumber\": \"0050\",\r\n        \"terminalId\": \"D0640450\",\r\n        \"terminalCapability\": {\r\n          \"code\": \"AB\",\r\n          \"shortDescription\": \"Short description of field\",\r\n          \"longDescription\": \"Long description of field\"\r\n        },\r\n        \"pinLess\": {\r\n          \"code\": \"AB\",\r\n          \"shortDescription\": \"Short description of field\",\r\n          \"longDescription\": \"Long description of field\"\r\n        }\r\n      },\r\n      \"cardDetails\": {\r\n        \"cardNumber\": \"123456XXXXXX9876\",\r\n        \"cardType\": \"CREDIT\",\r\n        \"cardNetwork\": {\r\n          \"code\": \"AB\",\r\n          \"shortDescription\": \"Short description of field\",\r\n          \"longDescription\": \"Long description of field\"\r\n        },\r\n        \"cardProductResults\": {\r\n          \"code\": \"AB\",\r\n          \"shortDescription\": \"Short description of field\",\r\n          \"longDescription\": \"Long description of field\"\r\n        },\r\n        \"cardAccountTerm\": {\r\n          \"code\": \"AB\",\r\n          \"shortDescription\": \"Short description of field\",\r\n          \"longDescription\": \"Long description of field\"\r\n        },\r\n        \"cardholderId\": {\r\n          \"code\": \"AB\",\r\n          \"shortDescription\": \"Short description of field\",\r\n          \"longDescription\": \"Long description of field\"\r\n        },\r\n        \"cardholderVerificationMethod\": \"Direct\",\r\n        \"token\": \"374245111111111\",\r\n        \"tokenId\": \"A834GD\",\r\n        \"tokenRequestorId\": \"AZDAJAKAYHE\",\r\n        \"tokenExpiry\": \"2022-10\",\r\n        \"tokenAssuranceLevel\": \"99\",\r\n        \"cvv2PresenceIndicator\": {\r\n          \"code\": \"AB\",\r\n          \"shortDescription\": \"Short description of field\",\r\n          \"longDescription\": \"Long description of field\"\r\n        },\r\n        \"expirationDate\": \"05-01-2025\",\r\n        \"cvv2ResponseCode\": {\r\n          \"code\": \"AB\",\r\n          \"shortDescription\": \"Short description of field\",\r\n          \"longDescription\": \"Long description of field\"\r\n        },\r\n        \"avsResponseCode\": {\r\n          \"code\": \"AB\",\r\n          \"shortDescription\": \"Short description of field\",\r\n          \"longDescription\": \"Long description of field\"\r\n        },\r\n        \"cardholderBankAcro\": \"MAE1\",\r\n        \"networkId\": \"STAR\",\r\n        \"networkGroup\": {\r\n          \"code\": \"AB\",\r\n          \"shortDescription\": \"Short description of field\",\r\n          \"longDescription\": \"Long description of field\"\r\n        },\r\n        \"voucherNumber\": \"484426\",\r\n        \"toAccountType\": {\r\n          \"code\": \"AB\",\r\n          \"shortDescription\": \"Short description of field\",\r\n          \"longDescription\": \"Long description of field\"\r\n        },\r\n        \"fromAccountType\": {\r\n          \"code\": \"AB\",\r\n          \"shortDescription\": \"Short description of field\",\r\n          \"longDescription\": \"Long description of field\"\r\n        },\r\n        \"cavvResponse\": \"B\",\r\n        \"masterCardTICIndicator\": {\r\n          \"code\": \"AB\",\r\n          \"shortDescription\": \"Short description of field\",\r\n          \"longDescription\": \"Long description of field\"\r\n        },\r\n        \"lastFourOfPAN\": \"3245\",\r\n        \"gcRetrievalReferenceNumber\": \"gcRetrieva28\",\r\n        \"retrievalReferenceNumber\": \"216712523926\",\r\n        \"validationCode\": \"3435\",\r\n        \"marketSpecificDataIndicator\": {\r\n          \"code\": \"AB\",\r\n          \"shortDescription\": \"Short description of field\",\r\n          \"longDescription\": \"Long description of field\"\r\n        },\r\n        \"bankNetDate\": \"13-12-2024\",\r\n        \"bankNetReferenceNumber\": \"656787879\"\r\n      },\r\n      \"locationDetails\": {\r\n        \"hierarchy\": {\r\n          \"chainCode\": \"PA1234\",\r\n          \"divisionNumber\": \"002\",\r\n          \"storeNumber\": \"000000001\",\r\n          \"merchantId\": \"2555091034216\"\r\n        },\r\n        \"merchantName\": \"CLIENT SERVICES TEST\",\r\n        \"alternateMerchantId\": \"521112355854\",\r\n        \"acro\": \"WALG\",\r\n        \"merchantCategory\": {\r\n          \"code\": \"AB\",\r\n          \"shortDescription\": \"Short description of field\",\r\n          \"longDescription\": \"Long description of field\"\r\n        },\r\n        \"merchantTimeZone\": \"UST\",\r\n        \"countryOfOrigin\": {\r\n          \"code\": \"AB\",\r\n          \"shortDescription\": \"Short description of field\",\r\n          \"longDescription\": \"Long description of field\"\r\n        },\r\n        \"governmentControlledEntity\": true\r\n      },\r\n      \"additionalDetails\": {\r\n        \"callType\": {\r\n          \"code\": \"AB\",\r\n          \"shortDescription\": \"Short description of field\",\r\n          \"longDescription\": \"Long description of field\"\r\n        },\r\n        \"mailPhoneIndicator\": {\r\n          \"code\": \"AB\",\r\n          \"shortDescription\": \"Short description of field\",\r\n          \"longDescription\": \"Long description of field\"\r\n        },\r\n        \"originType\": {\r\n          \"code\": \"AB\",\r\n          \"shortDescription\": \"Short description of field\",\r\n          \"longDescription\": \"Long description of field\"\r\n        },\r\n        \"posConditionCode\": {\r\n          \"code\": \"AB\",\r\n          \"shortDescription\": \"Short description of field\",\r\n          \"longDescription\": \"Long description of field\"\r\n        },\r\n        \"voidIndicator\": \"Y\",\r\n        \"forcePost\": true,\r\n        \"hasAdjustmentRecords\": \"Not Adjusted\",\r\n        \"aci\": {\r\n          \"code\": \"AB\",\r\n          \"shortDescription\": \"Short description of field\",\r\n          \"longDescription\": \"Long description of field\"\r\n        },\r\n        \"dccMcpCurrencyConversionRate\": 1.2166053881946044,\r\n        \"dccMcpSettlementMarkupRate\": 1.9082633414809889,\r\n        \"settlementType\": \"S\",\r\n        \"authorizationCommunicationType\": {\r\n          \"code\": \"AB\",\r\n          \"shortDescription\": \"Short description of field\",\r\n          \"longDescription\": \"Long description of field\"\r\n        },\r\n        \"issuerCountryCode\": \"USA\",\r\n        \"applicationIdentifier\": \"E\",\r\n        \"uniqueSerialDeviceNumber\": \"B8973827348H43\",\r\n        \"softPOSMobileDeviceTypeIndicator\": \"A\"\r\n      },\r\n      \"premiumPayback\": {\r\n        \"indicatorPassed\": false,\r\n        \"eligibleBIN\": false,\r\n        \"eligible\": false,\r\n        \"redemptionAccepted\": false,\r\n        \"redemptionAmount\": 10.640993984714614\r\n      },\r\n      \"interchangeDetails\": {\r\n        \"merchantSurchargeAmount\": \"893.56\",\r\n        \"convenienceFee\": \"12.25\",\r\n        \"interchangeCode\": {\r\n          \"code\": \"AB\",\r\n          \"shortDescription\": \"Short description of field\",\r\n          \"longDescription\": \"Long description of field\"\r\n        },\r\n        \"interchangeOtherFee\": \"17.25\"\r\n      },\r\n      \"ecomDetails\": {\r\n        \"authorizationIdentifier\": \"6T78\",\r\n        \"customerIdentifier\": \"98765\",\r\n        \"reportGroup\": \"1098675\",\r\n        \"campaign\": \"654732\",\r\n        \"affiliate\": \"1009648\",\r\n        \"merchantGroupIdentifier\": \"1098675\",\r\n        \"merchantOrderIdentifier\": \"45356\"\r\n      },\r\n      \"emvDetails\": {\r\n        \"transaction\": true,\r\n        \"offlineTransaction\": true,\r\n        \"cardCapable\": \"true\",\r\n        \"termCapable\": \"true\"\r\n      },\r\n      \"otherServices\": {\r\n        \"standInIndicator\": {\r\n          \"code\": \"AB\",\r\n          \"shortDescription\": \"Short description of field\",\r\n          \"longDescription\": \"Long description of field\"\r\n        },\r\n        \"standInLevel\": {\r\n          \"code\": \"AB\",\r\n          \"shortDescription\": \"Short description of field\",\r\n          \"longDescription\": \"Long description of field\"\r\n        },\r\n        \"primeAuthorizationRetryEnabled\": \"true\",\r\n        \"networkTokenRetry\": \"false\"\r\n      },\r\n      \"fraudSightDetails\": {\r\n        \"fraudScore\": 0.84,\r\n        \"fraudRule\": \"CaR\",\r\n        \"fraudResponseCode\": {\r\n          \"code\": \"AB\",\r\n          \"shortDescription\": \"Short description of field\",\r\n          \"longDescription\": \"Long description of field\"\r\n        },\r\n        \"fraudRuleResult\": {\r\n          \"code\": \"AB\",\r\n          \"shortDescription\": \"Short description of field\",\r\n          \"longDescription\": \"Long description of field\"\r\n        },\r\n        \"fraudResponseTime\": \"fr71\"\r\n      },\r\n      \"signifyDetails\": {\r\n        \"fraudVendorId\": \"34455\",\r\n        \"fraudCoverageType\": {\r\n          \"code\": \"AB\",\r\n          \"shortDescription\": \"Short description of field\",\r\n          \"longDescription\": \"Long description of field\"\r\n        },\r\n        \"fraudDetectionStage\": {\r\n          \"code\": \"AB\",\r\n          \"shortDescription\": \"Short description of field\",\r\n          \"longDescription\": \"Long description of field\"\r\n        }\r\n      },\r\n      \"customerFields\": {\r\n        \"field1\": \"GC\",\r\n        \"field2\": \"Custom\",\r\n        \"field3\": \"Report\"\r\n      },\r\n      \"paymentGatewayDetails\": {\r\n        \"posApplicationId\": \"1111\",\r\n        \"posApplicationName\": \"Express 1\",\r\n        \"posApplicationVersion\": \"Express.2.39.0\",\r\n        \"gatewayTransactionId\": \"559839123\"\r\n      },\r\n      \"settlementDetails\": {\r\n        \"settlementProcessDate\": \"2016-07-19\",\r\n        \"status\": \"SETTLED\"\r\n      }\r\n    }\r\n  ]\r\n}",
              "status": "OK",
              "code": 200,
              "name": "Response_200",
              "id": "01a8d891-b942-41ef-9d0a-b6ec0b9b7e80"
            }
          ]
        }
      ]
    },
    {
      "name": "Get Transaction Type",
      "description": "",
      "item": [
        {
          "id": "5d2c13a8-0587-4f26-9db6-6c2b88709432",
          "name": "GetTransactionType",
          "request": {
            "url": {
              "protocol": "https",
              "host": "apis.stage.worldpay.com",
              "path": [
                "merchant-reporting",
                "authorizationresearch",
                "v1",
                "transaction-types"
              ]
            },
            "auth": {
              "type": "apikey",
              "apikey": {
                "key": "Authorization",
                "value": "Authorization26",
                "in": "header"
              }
            },
            "method": "GET",
            "header": [
              {
                "key": "v-correlation-id",
                "value": "a0efdf0f-eb0b-4353-80bb-ec520e02885e",
                "description": "Correlation Id",
                "disabled": false
              },
              {
                "key": "Accept",
                "value": "application/json",
                "disabled": false
              }
            ],
            "body": {
              "mode": "raw",
              "disabled": false
            },
            "description": "A transaction type refers to the specific nature or purpose of a financial activity, such as purchases, withdrawals, or transfers."
          },
          "response": [
            {
              "header": [
                {
                  "key": "v-correlation-id",
                  "value": "",
                  "disabled": false
                },
                {
                  "key": "Content-Type",
                  "value": "application/json",
                  "disabled": false
                }
              ],
              "body": "[\r\n  {\r\n    \"code\": \"GAX\",\r\n    \"shortDescription\": \"Actvn Revsl\",\r\n    \"longDescription\": \"Activation Reversal\"\r\n  }\r\n]",
              "status": "OK",
              "code": 200,
              "name": "Response_200",
              "id": "0633f77b-30c9-4091-a547-9ef3b02b4caf"
            }
          ]
        }
      ]
    },
    {
      "name": "Get Transaction Status",
      "description": "",
      "item": [
        {
          "id": "22eac3b5-ff7c-4f36-a3a8-7628e5ab32c7",
          "name": "GetTransactionStatus",
          "request": {
            "url": {
              "protocol": "https",
              "host": "apis.stage.worldpay.com",
              "path": [
                "merchant-reporting",
                "authorizationresearch",
                "v1",
                "transaction-statuses"
              ]
            },
            "auth": {
              "type": "apikey",
              "apikey": {
                "key": "Authorization",
                "value": "Authorization66",
                "in": "header"
              }
            },
            "method": "GET",
            "header": [
              {
                "key": "v-correlation-id",
                "value": "a0efdf0f-eb0b-4353-80bb-ec520e02885e",
                "description": "Correlation Id",
                "disabled": false
              },
              {
                "key": "Accept",
                "value": "application/json",
                "disabled": false
              }
            ],
            "body": {
              "mode": "raw",
              "disabled": false
            },
            "description": "A transaction status indicates the current state of a financial transaction, whether it's pending, completed, failed, or under review."
          },
          "response": [
            {
              "header": [
                {
                  "key": "v-correlation-id",
                  "value": "",
                  "disabled": false
                },
                {
                  "key": "Content-Type",
                  "value": "application/json",
                  "disabled": false
                }
              ],
              "body": "[\r\n  {\r\n    \"code\": \"AB\",\r\n    \"shortDescription\": \"APPRVL FOR LESS\",\r\n    \"longDescription\": \"APPROVAL FOR LESSER AMOUNT (GIFT CARD)\"\r\n  }\r\n]",
              "status": "OK",
              "code": 200,
              "name": "Response_200",
              "id": "4701b8f4-7c6c-422c-bf95-db3512ab8b63"
            }
          ]
        }
      ]
    }
  ],
  "variable": []
}