{"WhiteLabel":false,"NavItems":[{"Text":"Getting Started","Link":"$h/Getting%20Started","SubItems":[{"Text":"How to Get Started","Link":"$h/__getting_started","SubItems":[{"Text":"Introduction","Link":"$h/__intro","SubItems":[{"Text":"Authentication","Link":"$h/Getting%20Started/__getting_started/__intro/Authentication","SubItems":[],"Label":null,"Skip":false,"IsExternal":false}],"Label":null,"Skip":true,"IsExternal":false},{"Text":"Building","Link":"$h/__how_to_build","SubItems":[],"Label":null,"Skip":true,"IsExternal":false},{"Text":"Installation","Link":"$h/__how_to_use","SubItems":[],"Label":null,"Skip":true,"IsExternal":false},{"Text":"Environments","Link":"$h/__enviroments","SubItems":[],"Label":null,"Skip":true,"IsExternal":false},{"Text":"Initialize the API Client","Link":"$h/__initializing","SubItems":[],"Label":null,"Skip":true,"IsExternal":false},{"Text":"Authorization","Link":"$h/__authorize","SubItems":[{"Text":"api_key (Custom Header Signature)","Link":"$h/__auth_CustomHeaderAuthentication","SubItems":[],"Label":null,"Skip":true,"IsExternal":false}],"Label":null,"Skip":true,"IsExternal":false},{"Text":"Test the SDK","Link":"$h/__how_to_test","SubItems":[],"Label":null,"Skip":true,"IsExternal":false}],"Label":null,"Skip":false,"IsExternal":false},{"Text":"Authentication","Link":"page:introduction/authentication","SubItems":[],"Label":null,"Skip":false,"IsExternal":false},{"Text":"About the API","Link":"page:introduction/about-the-api","SubItems":[{"Text":"Tips and Best Practices","Link":"page:introduction/about-the-api/tips","SubItems":[],"Label":null,"Skip":false,"IsExternal":false},{"Text":"Data Types","Link":"page:introduction/about-the-api/data-types","SubItems":[],"Label":null,"Skip":false,"IsExternal":false}],"Label":null,"Skip":false,"IsExternal":false}],"Label":null,"Skip":false,"IsExternal":false},{"Text":"API Workflows Walkthroughs","Link":"$h/API%20Workflows%20Walkthroughs","SubItems":[{"Text":"API Workflow 1","Link":"page:walkthroughs/awf-1/walkthrough-1","SubItems":[],"Label":null,"Skip":false,"IsExternal":false},{"Text":"API Workflow 2","Link":"page:walkthroughs/awf-2/walkthrough-1","SubItems":[],"Label":null,"Skip":false,"IsExternal":false},{"Text":"API Workflow 3","Link":"page:walkthroughs/awf-3/walkthrough-1","SubItems":[],"Label":null,"Skip":false,"IsExternal":false}],"Label":null,"Skip":false,"IsExternal":false},{"Text":"API Reference","Link":"$h/API%20Reference","SubItems":[{"Text":"API Reference","Link":"$h/__api_reference","SubItems":[{"Text":"List of APIs","Link":"$h/__list_of_apis","SubItems":[],"Label":null,"Skip":false,"IsExternal":false},{"Text":"Manage Documents","Link":"$e/Manage%20Documents","SubItems":[{"Text":"Overview","Link":"$h/API%20Reference/__api_reference/Manage%20Documents/Overview","SubItems":[{"Text":"Get instance","Link":"$h/API%20Reference/__api_reference/Manage%20Documents/Overview/Get%20instance","SubItems":[],"Label":null,"Skip":true,"IsExternal":false}],"Label":"endpoint-group-overview","Skip":false,"IsExternal":false},{"Text":"Get Document","Link":"$e/Manage%20Documents/GetDocument","SubItems":[],"Label":"http-get","Skip":false,"IsExternal":false},{"Text":"Store Document","Link":"$e/Manage%20Documents/StoreDocument","SubItems":[],"Label":"http-post","Skip":false,"IsExternal":false},{"Text":"Get Document Metadata","Link":"$e/Manage%20Documents/GetDocumentMetadata","SubItems":[],"Label":"http-get","Skip":false,"IsExternal":false}],"Label":null,"Skip":false,"IsExternal":false}],"Label":null,"Skip":false,"IsExternal":false},{"Text":"Model Reference","Link":"$h/__model_reference","SubItems":[{"Text":"Structures","Link":"$h/API%20Reference/__model_reference/Structures","SubItems":[{"Text":"Document Request","Link":"$m/DocumentRequest","SubItems":[],"Label":null,"Skip":false,"IsExternal":false},{"Text":"Document Response","Link":"$m/DocumentResponse","SubItems":[],"Label":null,"Skip":false,"IsExternal":false},{"Text":"Document","Link":"$m/Document","SubItems":[],"Label":null,"Skip":false,"IsExternal":false},{"Text":"Document List Response","Link":"$m/DocumentListResponse","SubItems":[],"Label":null,"Skip":false,"IsExternal":false},{"Text":"Documents Meta Data","Link":"$m/DocumentsMetaData","SubItems":[],"Label":null,"Skip":false,"IsExternal":false},{"Text":"Error","Link":"$m/Error","SubItems":[],"Label":null,"Skip":false,"IsExternal":false}],"Label":null,"Skip":false,"IsExternal":false},{"Text":"Enumerations","Link":"$h/API%20Reference/__model_reference/Enumerations","SubItems":[{"Text":"Content-Type","Link":"$m/content-Type","SubItems":[],"Label":null,"Skip":false,"IsExternal":false},{"Text":"Document Category","Link":"$m/DocumentCategory","SubItems":[],"Label":null,"Skip":false,"IsExternal":false},{"Text":"Document Category 1","Link":"$m/DocumentCategory1","SubItems":[],"Label":null,"Skip":false,"IsExternal":false},{"Text":"File Extension","Link":"$m/FileExtension","SubItems":[],"Label":null,"Skip":false,"IsExternal":false},{"Text":"File Extension 1","Link":"$m/FileExtension1","SubItems":[],"Label":null,"Skip":false,"IsExternal":false}],"Label":null,"Skip":false,"IsExternal":false},{"Text":"Exceptions","Link":"$h/API%20Reference/__model_reference/Exceptions","SubItems":[{"Text":"Error Response","Link":"$m/ErrorResponse","SubItems":[],"Label":null,"Skip":false,"IsExternal":false}],"Label":null,"Skip":false,"IsExternal":false}],"Label":null,"Skip":false,"IsExternal":false}],"Label":null,"Skip":false,"IsExternal":false}],"DataModel":{"showFullCode":false,"skipSslCertVerification":null,"environment":null,"auth":{"api_key":{"Authorization":null}},"call":{"additionalQueryParams":null,"additionalFieldParams":null,"args":{}}},"DataModelSchema":{"type":"object","additionalProperties":false,"properties":{"showFullCode":{"title":"Show Complete File","description":"Show complete file for code, with bootstrap and error handling included.","type":"boolean"}},"required":["showFullCode"]},"ModelSchemas":{"Root":{"DocumentRequest":{"id":"DocumentRequest","title":"DocumentRequest","type":"object","properties":{"document":{"$ref":"ModelSchemas#/Root/Document"}}},"DocumentResponse":{"id":"DocumentResponse","title":"DocumentResponse","type":"object","properties":{"documentId":{"example":"6114","type":"string"}}},"Document":{"id":"Document","title":"Document","type":"object","properties":{"fileName":{"description":"Document name.","example":"Timothy Jones Drivers License","type":"string","maxLength":150},"fileExtension":{"$ref":"ModelSchemas#/Root/FileExtension"},"content":{"description":"Base 64 encoded binary string of docuement content. Maxium string length is 12MB.","example":"VGhpcyBpcyBUZXN0","type":"string","maxLength":12000000},"version":{"description":"Version of the document.","example":1,"type":"integer","format":"int32"},"uploadedBy":{"description":"Name of the user who uploaded the document. Maximum field length of 8 characters.","example":"Timothy","type":"string","minLength":1,"maxLength":8},"documentCategory":{"$ref":"ModelSchemas#/Root/DocumentCategory"}}},"DocumentListResponse":{"id":"DocumentListResponse","title":"DocumentListResponse","type":"object","properties":{"documents":{"description":"","type":"array","items":{"$ref":"ModelSchemas#/Root/DocumentsMetaData"}}}},"DocumentsMetaData":{"id":"DocumentsMetaData","title":"DocumentsMetaData","type":"object","properties":{"documentId":{"description":"Unique ID for the stored document.","example":"861","type":"string"},"fileName":{"description":"Document name","example":"Timothy Jones Drivers License","type":"string","maxLength":150,"pattern":"^$|^[0-9A-Za-z_\\-(),.\\s]{1,150}$"},"fileExtension":{"$ref":"ModelSchemas#/Root/FileExtension1"},"version":{"description":"Document version","example":1,"type":"integer","format":"int32"},"uploadedBy":{"description":"Who uploaded the document? Maximum field length of 8 characters.","example":"Timothy","type":"string","minLength":1,"maxLength":8},"documentCategory":{"$ref":"ModelSchemas#/Root/DocumentCategory1"}}},"ErrorResponse":{"id":"ErrorResponse","title":"ErrorResponse","type":"object","properties":{"httpStatusCode":{"example":404,"type":"integer","format":"int32"},"httpStatusMessage":{"example":"STATUS-MESSAGE","type":"string"},"errors":{"description":"","type":"array","items":{"$ref":"ModelSchemas#/Root/Error"}}}},"Error":{"id":"Error","title":"Error","type":"object","properties":{"errorCode":{"example":"ERROR_CODE","type":"string"},"errorMessage":{"example":"Error message here.","type":"string"},"target":{"example":"Target","type":"string"}}},"content-Type":{"title":"content-Type","x-enum-elements":[{"name":"Enum_applicationjson","description":""}],"type":"string","additionalProperties":false,"enum":["application/json"]},"DocumentCategory":{"title":"DocumentCategory","description":"Document category","example":"DRIVERS LICENSE","x-enum-elements":[{"name":"Enum_DRIVERS LICENSE","description":""},{"name":"Enum_TERMINAL LEASE","description":""},{"name":"PASSPORT","description":""},{"name":"UNKNOWN","description":""},{"name":"Enum_VOIDED CHECK","description":""}],"type":"string","additionalProperties":false,"enum":["DRIVERS LICENSE","TERMINAL LEASE","PASSPORT","UNKNOWN","VOIDED CHECK"]},"DocumentCategory1":{"title":"DocumentCategory1","description":"Document category.","x-enum-elements":[{"name":"Enum_DRIVERS LICENSE","description":""},{"name":"Enum_TERMINAL LEASE","description":""},{"name":"PASSPORT","description":""},{"name":"UNKNOWN","description":""},{"name":"Enum_VOIDED CHECK","description":""}],"type":"string","additionalProperties":false,"enum":["DRIVERS LICENSE","TERMINAL LEASE","PASSPORT","UNKNOWN","VOIDED CHECK"]},"FileExtension":{"title":"FileExtension","description":"Document type.","example":"JPEG","x-enum-elements":[{"name":"JPEG","description":""},{"name":"JPG","description":""},{"name":"GIF","description":""},{"name":"PDF","description":""},{"name":"PNG","description":""},{"name":"TIFF","description":""},{"name":"TIF","description":""},{"name":"BMP","description":""},{"name":"DOC","description":""},{"name":"TXT","description":""},{"name":"DOCX","description":""},{"name":"PPT","description":""},{"name":"XLS","description":""},{"name":"XLSX","description":""}],"type":"string","additionalProperties":false,"enum":["JPEG","JPG","GIF","PDF","PNG","TIFF","TIF","BMP","DOC","TXT","DOCX","PPT","XLS","XLSX"]},"FileExtension1":{"title":"FileExtension1","description":"Document type","example":"JPEG","x-enum-elements":[{"name":"JPEG","description":""},{"name":"JPG","description":""},{"name":"GIF","description":""},{"name":"PDF","description":""},{"name":"PNG","description":""},{"name":"TIFF","description":""},{"name":"TIF","description":""},{"name":"BMP","description":""},{"name":"DOC","description":""},{"name":"TXT","description":""},{"name":"DOCX","description":""},{"name":"PPT","description":""},{"name":"XLS","description":""},{"name":"XLSX","description":""}],"type":"string","additionalProperties":false,"enum":["JPEG","JPG","GIF","PDF","PNG","TIFF","TIF","BMP","DOC","TXT","DOCX","PPT","XLS","XLSX"]}},"AuthRoot":{"api_key":{"title":"Custom Header Signature","description":"Set authorization parameters for api_key","type":"object","additionalProperties":false,"properties":{"Authorization":{"description":"``` License format is WORLDPAY license='xxxx'```","type":"string","format":"password"}},"required":["Authorization"]}}},"PublishedPackage":{"Provider":null,"Name":null,"Version":null,"Link":null,"SourceLink":null,"InstallCommand":null,"InstallHeadingLink":null},"AuthHttpCallTemplate":null,"ApiAuthentication":null,"PartialTemplates":{"documentrequest":"{% capture model_params %}{% endcapture %}{% if field[\"document\"] != nil %}{% capture model_params %}{% if model_params.size == 0 %}{% if field[\"document\"] != nil %}{% capture newIndent %}{{indent}}  {% endcapture %}{% render 'document', field: field[\"document\"], indent: newIndent, showFullCode: showFullCode %}{% endif %}{% else %}{{model_params}}<#>{% if field[\"document\"] != nil %}{% capture newIndent %}{{indent}}  {% endcapture %}{% render 'document', field: field[\"document\"], indent: newIndent, showFullCode: showFullCode %}{% endif %}{% endif %}{% endcapture %}{% else %}{% capture model_params %}{% if model_params.size == 0 %}nil{% else %}{{model_params}}<#>nil{% endif %}{% endcapture %}{% endif %}{% assign model_param_array = model_params | split: '<#>' %}{% capture model_params %}{% endcapture %}{% assign found_different = false %}{% for item in model_param_array reversed %}{% if item != 'nil' or found_different %}{% capture model_params %}{% if model_params.size == 0 %}{{item}}{% else %}{{item}}<$>{{model_params}}{% endif %}{% endcapture %}{% assign found_different = true %}{% endif %}{% endfor %}{% assign model_param_array = model_params | split: '<$>' %}DocumentRequest.new{% if model_params.size > 0 %}({% endif %}{% for this in model_param_array %}{% if this.size > 0 %}\n{{indent}}  {{this}}{% unless forloop.last %},{% endunless %}{% endif %}{% endfor %}{% if model_params.size > 0 %}\n{{indent}}){% endif %}","document":"{% capture model_params %}{% endcapture %}{% if field[\"fileName\"] != nil %}{% capture model_params %}{% if model_params.size == 0 %}{% if field[\"fileName\"] != nil %}{% if field[\"fileName\"] != nil %}'{{ field[\"fileName\"] | replace: \"\\\\\", \"\\\\\\\\\" | replace: \"'\", \"\\\\'\" | replace: \"\\n\", \"\\\\n\" }}'{% else %}nil{% endif %}{% endif %}{% else %}{{model_params}}<#>{% if field[\"fileName\"] != nil %}{% if field[\"fileName\"] != nil %}'{{ field[\"fileName\"] | replace: \"\\\\\", \"\\\\\\\\\" | replace: \"'\", \"\\\\'\" | replace: \"\\n\", \"\\\\n\" }}'{% else %}nil{% endif %}{% endif %}{% endif %}{% endcapture %}{% else %}{% capture model_params %}{% if model_params.size == 0 %}nil{% else %}{{model_params}}<#>nil{% endif %}{% endcapture %}{% endif %}{% if field[\"fileExtension\"] != nil %}{% capture model_params %}{% if model_params.size == 0 %}{% if field[\"fileExtension\"] != nil %}{% case field[\"fileExtension\"] %}{% when 'JPEG' %}FileExtensionEnum::JPEG{% when 'JPG' %}FileExtensionEnum::JPG{% when 'GIF' %}FileExtensionEnum::GIF{% when 'PDF' %}FileExtensionEnum::PDF{% when 'PNG' %}FileExtensionEnum::PNG{% when 'TIFF' %}FileExtensionEnum::TIFF{% when 'TIF' %}FileExtensionEnum::TIF{% when 'BMP' %}FileExtensionEnum::BMP{% when 'DOC' %}FileExtensionEnum::DOC{% when 'TXT' %}FileExtensionEnum::TXT{% when 'DOCX' %}FileExtensionEnum::DOCX{% when 'PPT' %}FileExtensionEnum::PPT{% when 'XLS' %}FileExtensionEnum::XLS{% when 'XLSX' %}FileExtensionEnum::XLSX{% else %}envrr{% endcase %}{% endif %}{% else %}{{model_params}}<#>{% if field[\"fileExtension\"] != nil %}{% case field[\"fileExtension\"] %}{% when 'JPEG' %}FileExtensionEnum::JPEG{% when 'JPG' %}FileExtensionEnum::JPG{% when 'GIF' %}FileExtensionEnum::GIF{% when 'PDF' %}FileExtensionEnum::PDF{% when 'PNG' %}FileExtensionEnum::PNG{% when 'TIFF' %}FileExtensionEnum::TIFF{% when 'TIF' %}FileExtensionEnum::TIF{% when 'BMP' %}FileExtensionEnum::BMP{% when 'DOC' %}FileExtensionEnum::DOC{% when 'TXT' %}FileExtensionEnum::TXT{% when 'DOCX' %}FileExtensionEnum::DOCX{% when 'PPT' %}FileExtensionEnum::PPT{% when 'XLS' %}FileExtensionEnum::XLS{% when 'XLSX' %}FileExtensionEnum::XLSX{% else %}envrr{% endcase %}{% endif %}{% endif %}{% endcapture %}{% else %}{% capture model_params %}{% if model_params.size == 0 %}nil{% else %}{{model_params}}<#>nil{% endif %}{% endcapture %}{% endif %}{% if field[\"content\"] != nil %}{% capture model_params %}{% if model_params.size == 0 %}{% if field[\"content\"] != nil %}{% if field[\"content\"] != nil %}'{{ field[\"content\"] | replace: \"\\\\\", \"\\\\\\\\\" | replace: \"'\", \"\\\\'\" | replace: \"\\n\", \"\\\\n\" }}'{% else %}nil{% endif %}{% endif %}{% else %}{{model_params}}<#>{% if field[\"content\"] != nil %}{% if field[\"content\"] != nil %}'{{ field[\"content\"] | replace: \"\\\\\", \"\\\\\\\\\" | replace: \"'\", \"\\\\'\" | replace: \"\\n\", \"\\\\n\" }}'{% else %}nil{% endif %}{% endif %}{% endif %}{% endcapture %}{% else %}{% capture model_params %}{% if model_params.size == 0 %}nil{% else %}{{model_params}}<#>nil{% endif %}{% endcapture %}{% endif %}{% if field[\"version\"] != nil %}{% capture model_params %}{% if model_params.size == 0 %}{% if field[\"version\"] != nil %}{% if field[\"version\"] != nil %}{{ field[\"version\"] }}{% else %}nil{% endif %}{% endif %}{% else %}{{model_params}}<#>{% if field[\"version\"] != nil %}{% if field[\"version\"] != nil %}{{ field[\"version\"] }}{% else %}nil{% endif %}{% endif %}{% endif %}{% endcapture %}{% else %}{% capture model_params %}{% if model_params.size == 0 %}nil{% else %}{{model_params}}<#>nil{% endif %}{% endcapture %}{% endif %}{% if field[\"uploadedBy\"] != nil %}{% capture model_params %}{% if model_params.size == 0 %}{% if field[\"uploadedBy\"] != nil %}{% if field[\"uploadedBy\"] != nil %}'{{ field[\"uploadedBy\"] | replace: \"\\\\\", \"\\\\\\\\\" | replace: \"'\", \"\\\\'\" | replace: \"\\n\", \"\\\\n\" }}'{% else %}nil{% endif %}{% endif %}{% else %}{{model_params}}<#>{% if field[\"uploadedBy\"] != nil %}{% if field[\"uploadedBy\"] != nil %}'{{ field[\"uploadedBy\"] | replace: \"\\\\\", \"\\\\\\\\\" | replace: \"'\", \"\\\\'\" | replace: \"\\n\", \"\\\\n\" }}'{% else %}nil{% endif %}{% endif %}{% endif %}{% endcapture %}{% else %}{% capture model_params %}{% if model_params.size == 0 %}nil{% else %}{{model_params}}<#>nil{% endif %}{% endcapture %}{% endif %}{% if field[\"documentCategory\"] != nil %}{% capture model_params %}{% if model_params.size == 0 %}{% if field[\"documentCategory\"] != nil %}{% case field[\"documentCategory\"] %}{% when 'DRIVERS LICENSE' %}DocumentCategoryEnum::ENUM_DRIVERS_LICENSE{% when 'TERMINAL LEASE' %}DocumentCategoryEnum::ENUM_TERMINAL_LEASE{% when 'PASSPORT' %}DocumentCategoryEnum::PASSPORT{% when 'UNKNOWN' %}DocumentCategoryEnum::UNKNOWN{% when 'VOIDED CHECK' %}DocumentCategoryEnum::ENUM_VOIDED_CHECK{% else %}envrr{% endcase %}{% endif %}{% else %}{{model_params}}<#>{% if field[\"documentCategory\"] != nil %}{% case field[\"documentCategory\"] %}{% when 'DRIVERS LICENSE' %}DocumentCategoryEnum::ENUM_DRIVERS_LICENSE{% when 'TERMINAL LEASE' %}DocumentCategoryEnum::ENUM_TERMINAL_LEASE{% when 'PASSPORT' %}DocumentCategoryEnum::PASSPORT{% when 'UNKNOWN' %}DocumentCategoryEnum::UNKNOWN{% when 'VOIDED CHECK' %}DocumentCategoryEnum::ENUM_VOIDED_CHECK{% else %}envrr{% endcase %}{% endif %}{% endif %}{% endcapture %}{% else %}{% capture model_params %}{% if model_params.size == 0 %}nil{% else %}{{model_params}}<#>nil{% endif %}{% endcapture %}{% endif %}{% assign model_param_array = model_params | split: '<#>' %}{% capture model_params %}{% endcapture %}{% assign found_different = false %}{% for item in model_param_array reversed %}{% if item != 'nil' or found_different %}{% capture model_params %}{% if model_params.size == 0 %}{{item}}{% else %}{{item}}<$>{{model_params}}{% endif %}{% endcapture %}{% assign found_different = true %}{% endif %}{% endfor %}{% assign model_param_array = model_params | split: '<$>' %}Document.new{% if model_params.size > 0 %}({% endif %}{% for this in model_param_array %}{% if this.size > 0 %}\n{{indent}}  {{this}}{% unless forloop.last %},{% endunless %}{% endif %}{% endfor %}{% if model_params.size > 0 %}\n{{indent}}){% endif %}"},"KnownLinkPrefixes":["page"],"Version":"1.0.0","Title":"Getting Started with Launchpad Documents API","Sections":[{"Title":"Getting Started","Nodes":[{"Title":"How to Get Started","Nodes":[{"Title":"Introduction","Nodes":[{"Text":"The Documents API permits Worldpay partners to manage boarding documents. Please see the Getting Started page for more information. </br> </br> <b>NOTE: This can only be used in conjuction with Merchant Boarding API.</b>\n</br> </br> To contact our certifications team, please email <a href=\"mailto:Certification2@fisglobal.com\">Certification2@fisglobal.com</a>.   </br> To contact the product team, please email <a href=\"mailto:APICustomerIntegration@fisglobal.com\">APICustomerIntegration@fisglobal.com</a>.\n\n","Type":"paragraph"},{"Title":"Authentication","Nodes":[{"Text":"<SecurityDefinitions />\n","Type":"paragraph"}],"PlaceholderId":null,"SuggestedLinkText":"Authentication","SuggestedLink":"$h/Getting%20Started/__getting_started/__intro/Authentication","SuggestedLinkLevel":4,"LinkLabel":null,"HideFromNavigation":false,"Type":"section"}],"PlaceholderId":"__intro","SuggestedLinkText":"Introduction","SuggestedLink":"$h/__intro","SuggestedLinkLevel":3,"LinkLabel":null,"HideFromNavigation":true,"Type":"section"},{"Title":"Building","Nodes":[{"Text":"The generated code depends on a few Ruby gems. The references to these gems are added in the gemspec file. The easiest way to resolve the dependencies, build the gem and install it is through Rake: ","Type":"paragraph"},{"Text":"  1. Install Rake if not already installed: `gem install rake`\n  2. Install Bundler if not already installed: `gem install bundler`\n  3. From terminal/cmd navigate to the root directory of the SDK.\n  4. Invoke: `rake install`","Type":"paragraph"},{"Text":"Alternatively, you can build and install the gem manually:","Type":"paragraph"},{"Text":"  1. From terminal/cmd navigate to the root directory of the SDK.\n  2. Run the build command: `gem build launchpad_documents_api.gemspec`\n  3. Run the install command: `gem install launchpad_documents_api-1.0.1.gem`","Type":"paragraph"},{"Url":"/static/images/RUBY_GENERIC_LIB/file0.svg","AlterateText":"Installing Gem","Type":"image"}],"PlaceholderId":"__how_to_build","SuggestedLinkText":"Building","SuggestedLink":"$h/__how_to_build","SuggestedLinkLevel":3,"LinkLabel":null,"HideFromNavigation":true,"Type":"section"},{"Title":"Installation","Nodes":[{"Text":"The following section explains how to use the launchpad_documents_api ruby gem in a new Rails project using RubyMine&trade;. The basic workflow presented here is also applicable if you prefer using a different editor or IDE.","Type":"paragraph"},{"Steps":[{"Nodes":[{"Text":"Close any existing projects in RubyMine&trade; by selecting `File -> Close Project`. Next, click on `Create New Project` to create a new project from scratch.","Type":"paragraph"},{"Url":"/static/images/RUBY_GENERIC_LIB/file1.svg","AlterateText":"Create a new project in RubyMine - Step 1","Type":"image"},{"Text":"Next, provide `TestApp` as the project name, choose `Rails Application` as the project type, and click `OK`.","Type":"paragraph"},{"Url":"/static/images/RUBY_GENERIC_LIB/file2.svg","AlterateText":"Create a new Rails Application in RubyMine - Step 2","Type":"image"},{"Text":"In the next dialog make sure that the correct Ruby SDK is being used (>= 2.6 and <= 3.2) and click `OK`.","Type":"paragraph"},{"Url":"/static/images/RUBY_GENERIC_LIB/file3.svg","AlterateText":"Create a new Rails Application in RubyMine - Step 3","Type":"image"}],"SuggestedLinkLevel":4,"Title":"Starting a new project","Type":"step"},{"Nodes":[{"Text":"In order to use the `launchpad_documents_api` gem in the new project we must add a gem reference. Locate the `Gemfile` in the Project Explorer window under the `TestApp` project node. The file contains references to all gems being used in the project. Here, add the reference to the library gem by adding the following line: `gem 'launchpad_documents_api', '1.0.1'`","Type":"paragraph"},{"Url":"/static/images/RUBY_GENERIC_LIB/file4.svg","AlterateText":"Add new reference to the Gemfile","Type":"image"}],"SuggestedLinkLevel":4,"Title":"Add reference of the gem","Type":"step"},{"Nodes":[{"Text":"Once the `TestApp` project is created, a folder named `controllers` will be visible in the *Project Explorer* under the following path: `TestApp > app > controllers`. Right click on this folder and select `New -> Run Rails Generator...`.","Type":"paragraph"},{"Url":"/static/images/RUBY_GENERIC_LIB/file5.svg","AlterateText":"Run Rails Generator on Controllers Folder","Type":"image"},{"Text":"Selecting the said option will popup a small window where the generator names are displayed. Here, select the `controller` template.","Type":"paragraph"},{"Url":"/static/images/RUBY_GENERIC_LIB/file6.svg","AlterateText":"Create a new Controller","Type":"image"},{"Text":"Next, a popup window will ask you for a Controller name and included Actions. For controller name provide `Hello` and include an action named `Index` and click `OK`.","Type":"paragraph"},{"Url":"/static/images/RUBY_GENERIC_LIB/file7.svg","AlterateText":"Add a new Controller","Type":"image"},{"Text":"A new controller class named `HelloController` will be created in a file named `hello_controller.rb` containing a method named `Index`. ","Type":"paragraph"},{"Text":"  1. Add the `require 'launchpad_documents_api'` statement to require the gem in the controller file.\n  2. Add the `include LaunchpadDocumentsApi` statement to include the sdk module in the controller file.\n  3. In the `Index` method, add code for initialization and a sample for its usage.","Type":"paragraph"},{"Url":"/static/images/RUBY_GENERIC_LIB/file8.svg","AlterateText":"Initialize the library","Type":"image"}],"SuggestedLinkLevel":4,"Title":"Adding a new Rails Controller","Type":"step"}],"Type":"steppedguide"}],"PlaceholderId":"__how_to_use","SuggestedLinkText":"Installation","SuggestedLink":"$h/__how_to_use","SuggestedLinkLevel":3,"LinkLabel":null,"HideFromNavigation":true,"Type":"section"},{"Title":"Environments","Nodes":[],"PlaceholderId":"__enviroments","SuggestedLinkText":"Environments","SuggestedLink":"$h/__enviroments","SuggestedLinkLevel":3,"LinkLabel":null,"HideFromNavigation":true,"Type":"section"},{"Title":"Initialize the API Client","Nodes":[{"Text":"The following parameters are configurable for the API Client:","Type":"paragraph"},{"Header":{"Data":["Parameter","Type","Description"],"Type":"tablerow"},"Rows":[{"Data":["`connection`","`Faraday::Connection`","The Faraday connection object passed by the SDK user for making requests"],"Type":"tablerow"},{"Data":["`adapter`","`Faraday::Adapter`","The Faraday adapter object passed by the SDK user for performing http requests"],"Type":"tablerow"},{"Data":["`timeout`","`Float`","The value to use for connection timeout. <br> **Default: 60**"],"Type":"tablerow"},{"Data":["`max_retries`","`Integer`","The number of times to retry an endpoint call if it fails. <br> **Default: 0**"],"Type":"tablerow"},{"Data":["`retry_interval`","`Float`","Pause in seconds between retries. <br> **Default: 1**"],"Type":"tablerow"},{"Data":["`backoff_factor`","`Float`","The amount to multiply each successive retry's interval amount by in order to provide backoff. <br> **Default: 2**"],"Type":"tablerow"},{"Data":["`retry_statuses`","`Array`","A list of HTTP statuses to retry. <br> **Default: [408, 413, 429, 500, 502, 503, 504, 521, 522, 524, 408, 413, 429, 500, 502, 503, 504, 521, 522, 524]**"],"Type":"tablerow"},{"Data":["`retry_methods`","`Array`","A list of HTTP methods to retry. <br> **Default: %i[get put get put]**"],"Type":"tablerow"},{"Data":["`http_callback`","`HttpCallBack`","The Http CallBack allows defining callables for pre and post API calls."],"Type":"tablerow"},{"Data":["`custom_header_authentication_credentials`","[`CustomHeaderAuthenticationCredentials`]($h/__auth_CustomHeaderAuthentication)","The credential object for Custom Header Signature"],"Type":"tablerow"}],"Type":"table"},{"Text":"The API client can be initialized as follows:","Type":"paragraph"},{"Text":"client = LaunchpadDocumentsApi::Client.new(\n  custom_header_authentication_credentials: CustomHeaderAuthenticationCredentials.new(\n    authorization: 'Authorization'\n  )\n)","Language":"ruby","Type":"codeblock"}],"PlaceholderId":"__initializing","SuggestedLinkText":"Initialize the API Client","SuggestedLink":"$h/__initializing","SuggestedLinkLevel":3,"LinkLabel":null,"HideFromNavigation":true,"Type":"section"},{"Title":"Authorization","Nodes":[{"Text":"This API uses the following authentication schemes.\n* [`api_key (Custom Header Signature)`]($h/__auth_CustomHeaderAuthentication)","Type":"paragraph"},{"Title":"api_key (Custom Header Signature)","Nodes":[{"Steps":[{"Nodes":[{"Text":"Documentation for accessing and setting credentials for api_key.","Type":"paragraph"}],"SuggestedLinkLevel":5,"Title":null,"Type":"step"},{"Nodes":[{"Header":{"Data":["Name","Type","Description","Setter","Getter"],"Type":"tablerow"},"Rows":[{"Data":["Authorization","```String```","``` License format is WORLDPAY license='xxxx'```",null,"```authorization```"],"Type":"tablerow"}],"Type":"table"}],"SuggestedLinkLevel":5,"Title":"Auth Credentials","Type":"step"},{"Nodes":[{"Text":"**Note:** Auth credentials can be set using named parameter for any of the above credentials (e.g. `authorization`) in the client initialization.","Type":"paragraph"}],"SuggestedLinkLevel":5,"Title":null,"Type":"step"},{"Nodes":[{"Steps":[{"Nodes":[{"Text":"You must provide credentials in the client as shown in the following code snippet.","Type":"paragraph"},{"Text":"client = LaunchpadDocumentsApi::Client.new(\n  custom_header_authentication_credentials: CustomHeaderAuthenticationCredentials.new(\n    authorization: 'Authorization'\n  )\n)","Language":"ruby","Type":"codeblock"}],"SuggestedLinkLevel":6,"Title":"Client Initialization","Type":"step"}],"Type":"steppedguide"}],"SuggestedLinkLevel":5,"Title":"Usage Example","Type":"step"}],"Type":"steppedguide"}],"PlaceholderId":"__auth_CustomHeaderAuthentication","SuggestedLinkText":"api_key (Custom Header Signature)","SuggestedLink":"$h/__auth_CustomHeaderAuthentication","SuggestedLinkLevel":4,"LinkLabel":null,"HideFromNavigation":true,"Type":"section"}],"PlaceholderId":"__authorize","SuggestedLinkText":"Authorization","SuggestedLink":"$h/__authorize","SuggestedLinkLevel":3,"LinkLabel":null,"HideFromNavigation":true,"Type":"section"},{"Title":"Test the SDK","Nodes":[{"Text":"To run the tests, navigate to the root directory of the SDK in your terminal and execute the following command:","Type":"paragraph"},{"Text":"rake","Language":null,"Type":"codeblock"}],"PlaceholderId":"__how_to_test","SuggestedLinkText":"Test the SDK","SuggestedLink":"$h/__how_to_test","SuggestedLinkLevel":3,"LinkLabel":null,"HideFromNavigation":true,"Type":"section"}],"PlaceholderId":"__getting_started","SuggestedLinkText":"How to Get Started","SuggestedLink":"$h/__getting_started","SuggestedLinkLevel":2,"LinkLabel":null,"HideFromNavigation":false,"Type":"section"},{"Title":"Authentication","Nodes":[{"Text":"Learn how to use API authentication.\n\n","Type":"paragraph"}],"PlaceholderId":null,"SuggestedLinkText":"Authentication","SuggestedLink":"page:introduction/authentication","SuggestedLinkLevel":2,"LinkLabel":null,"HideFromNavigation":false,"Type":"section"},{"Title":"About the API","Nodes":[{"Title":"Tips and Best Practices","Nodes":[{"Text":"These are the tips.\n\n","Type":"paragraph"}],"PlaceholderId":null,"SuggestedLinkText":"Tips and Best Practices","SuggestedLink":"page:introduction/about-the-api/tips","SuggestedLinkLevel":3,"LinkLabel":null,"HideFromNavigation":false,"Type":"section"},{"Title":"Data Types","Nodes":[{"Text":"These are the data types.\n\n","Type":"paragraph"}],"PlaceholderId":null,"SuggestedLinkText":"Data Types","SuggestedLink":"page:introduction/about-the-api/data-types","SuggestedLinkLevel":3,"LinkLabel":null,"HideFromNavigation":false,"Type":"section"}],"PlaceholderId":null,"SuggestedLinkText":"About the API","SuggestedLink":"page:introduction/about-the-api","SuggestedLinkLevel":2,"LinkLabel":null,"HideFromNavigation":false,"Type":"section"}],"PlaceholderId":null,"SuggestedLinkText":"Getting Started","SuggestedLink":"$h/Getting%20Started","SuggestedLinkLevel":1,"LinkLabel":null,"HideFromNavigation":false,"Type":"section"},{"Title":"API Workflows Walkthroughs","Nodes":[{"Title":"This is a Guided Walkthrough File","Nodes":[{"Text":"This is the starter content\n\n","Type":"paragraph"}],"PlaceholderId":null,"SuggestedLinkText":"API Workflow 1","SuggestedLink":"page:walkthroughs/awf-1/walkthrough-1","SuggestedLinkLevel":2,"LinkLabel":null,"HideFromNavigation":false,"Type":"section"},{"Title":"This is a Guided Walkthrough File","Nodes":[{"Text":"This is the starter content\n\n","Type":"paragraph"}],"PlaceholderId":null,"SuggestedLinkText":"API Workflow 2","SuggestedLink":"page:walkthroughs/awf-2/walkthrough-1","SuggestedLinkLevel":2,"LinkLabel":null,"HideFromNavigation":false,"Type":"section"},{"Title":"This is a Guided Walkthrough File","Nodes":[{"Text":"This is the starter content\n\n","Type":"paragraph"}],"PlaceholderId":null,"SuggestedLinkText":"API Workflow 3","SuggestedLink":"page:walkthroughs/awf-3/walkthrough-1","SuggestedLinkLevel":2,"LinkLabel":null,"HideFromNavigation":false,"Type":"section"}],"PlaceholderId":null,"SuggestedLinkText":"API Workflows Walkthroughs","SuggestedLink":"$h/API%20Workflows%20Walkthroughs","SuggestedLinkLevel":1,"LinkLabel":null,"HideFromNavigation":false,"Type":"section"},{"Title":"API Reference","Nodes":[{"Title":"API Reference","Nodes":[{"Title":"List of APIs","Nodes":[{"Text":"* [Manage Documents]($e/Manage%20Documents)","Type":"paragraph"}],"PlaceholderId":null,"SuggestedLinkText":"List of APIs","SuggestedLink":"$h/__list_of_apis","SuggestedLinkLevel":3,"LinkLabel":null,"HideFromNavigation":false,"Type":"section"},{"Title":"Manage Documents","Nodes":[{"Title":"Overview","Nodes":[{"Text":"Resources to store and retrieve contract-specific documents.","Type":"paragraph"},{"Title":"Get instance","Nodes":[{"Text":"An instance of the `ManageDocumentsController` class can be accessed from the API Client.","Type":"paragraph"},{"Text":"manage_documents_controller = client.manage_documents","Language":null,"Type":"codeblock"}],"PlaceholderId":null,"SuggestedLinkText":"Get instance","SuggestedLink":"$h/API%20Reference/__api_reference/Manage%20Documents/Overview/Get%20instance","SuggestedLinkLevel":5,"LinkLabel":null,"HideFromNavigation":true,"Type":"section"}],"PlaceholderId":null,"SuggestedLinkText":"Overview","SuggestedLink":"$h/API%20Reference/__api_reference/Manage%20Documents/Overview","SuggestedLinkLevel":4,"LinkLabel":"endpoint-group-overview","HideFromNavigation":false,"Type":"section"},{"Title":"Get Document","Nodes":[{"Title":"Get Document","Name":"get_document","Description":"Returns document-specific contents tied to the given External Reference ID.\n\r\n","ReturnType":"Document","ReturnTypeLink":"$m/Document","ResponseText":null,"ReturnTypeExample":null,"AuthDescription":"This endpoint requires [api_key]($h/__auth_CustomHeaderAuthentication)","RequiredAuths":[["api_key"]],"AuthModelSchema":{"title":"api_key","type":"object","properties":{"api_key":{"$ref":"ModelSchemas#/AuthRoot/api_key"}},"required":["api_key"]},"MethodSignature":{"Text":"def get_document(external_ref_id,\r\n                 document_id,\r\n                 v_correlation_id: nil)","Language":"ruby","Type":"codeblock"},"Parameters":[{"Name":"external_ref_id","GenericName":"externalRefId","DataType":"UUID | String","Description":"The externalRefId returned from POST /applications call.","Required":true,"LinkTo":"","Constant":false,"ParamType":"Header","DataTypeMarkdown":null,"ContainerName":null,"ContainerKind":null,"Discriminator":null,"ReadOnly":false,"WriteOnly":false,"ContainerTypes":null,"TypeCombinatorTypes":null,"Getter":null,"Setter":null,"Type":"paraminfo"},{"Name":"document_id","GenericName":"documentId","DataType":"String","Description":"A unique document ID returned from the Store Documents POST call.","Required":true,"LinkTo":"","Constant":false,"ParamType":"Header","DataTypeMarkdown":null,"ContainerName":null,"ContainerKind":null,"Discriminator":null,"ReadOnly":false,"WriteOnly":false,"ContainerTypes":null,"TypeCombinatorTypes":null,"Getter":null,"Setter":null,"Type":"paraminfo"},{"Name":"v_correlation_id","GenericName":"v-correlation-id","DataType":"UUID | String","Description":"Unique transaction Id. Will be generated if not provided and returned in response headers.","Required":false,"LinkTo":"","Constant":false,"ParamType":"Header","DataTypeMarkdown":null,"ContainerName":null,"ContainerKind":null,"Discriminator":null,"ReadOnly":false,"WriteOnly":false,"ContainerTypes":null,"TypeCombinatorTypes":null,"Getter":null,"Setter":null,"Type":"paraminfo"}],"RequiredAuthScopes":{},"Errors":[{"Name":"ErrorResponseException","StatusCode":"Default","Description":"Default errors","LinkTo":"$m/ErrorResponse","Type":"errorinfo"}],"StaticUsageExample":null,"UsageExample":{"EndpointGroupName":"Manage Documents","EndpointName":"GetDocument","Index":0,"CallModel":{"additionalQueryParams":null,"additionalFieldParams":null,"args":{"externalRefId":"3fcb1437-4e52-4946-9ae1-e618351b6d16","documentId":"documentId8","v-correlation-id":"3fcb1437-4e52-4946-9ae1-e618351b6d16"}},"CallModelSchema":{"title":"Endpoint Arguments","type":"object","additionalProperties":false,"properties":{"args":{"id":"endpoint_7C26ABBCDB1F9","title":"endpoint_7C26ABBCDB1F9","type":"object","properties":{"externalRefId":{"description":"The externalRefId returned from POST /applications call.","example":"3fcb1437-4e52-4946-9ae1-e618351b6d16","type":"string","format":"uuid"},"documentId":{"description":"A unique document ID returned from the Store Documents POST call.","type":"string"},"v-correlation-id":{"description":"Unique transaction Id. Will be generated if not provided and returned in response headers.","example":"3fcb1437-4e52-4946-9ae1-e618351b6d16","type":"string","format":"uuid"}},"required":["externalRefId","documentId"]}},"required":["args"]},"HttpCallTemplate":"{\"method\":\"GET\",\"url\":\"https://apis.cert.worldpay.com/merchant-boarding/v1/documents{% capture inline_query_capture_876234 %}{% endcapture %}{% if inline_query_capture_876234.size > 0 %}?{% endif %}{{ inline_query_capture_876234 | remove_first:'&' }}\",\"headers\":{% capture header_capture_9023987234 %},\"Accept\":\"application/json\",\"externalRefId\":{{ call[\"args\"][\"externalRefId\"] | unwrap | json: false }},\"documentId\":{{ call[\"args\"][\"documentId\"] | json: false }}{% if call[\"args\"][\"v-correlation-id\"] != nil %},\"v-correlation-id\":{{ call[\"args\"][\"v-correlation-id\"] | unwrap | json: false }}{% endif %}{% if auth[\"api_key\"][\"Authorization\"] != nil %},\"Authorization\":{{ auth[\"api_key\"][\"Authorization\"] | json: false }}{% endif %}{% endcapture %}{{ '{' }}{{ header_capture_9023987234 | remove_first:',' }}},\"body\":{{ '{' }}\"type\":\"none\"}}","Templates":{"RUBY_GENERIC_LIB":"{% assign api_key_any_req_auth_params = false %}{% assign api_key_any_auth_params = false %}{% if showFullCode %}require 'launchpad_documents_api'\ninclude LaunchpadDocumentsApi\n\n{% endif %}external_ref_id = {% if call[\"args\"][\"externalRefId\"] != nil %}'{{ call[\"args\"][\"externalRefId\"] | replace: \"\\\\\", \"\\\\\\\\\" | replace: \"'\", \"\\\\'\" | replace: \"\\n\", \"\\\\n\" }}'{% else %}nil{% endif %}\n\ndocument_id = {% if call[\"args\"][\"documentId\"] != nil %}'{{ call[\"args\"][\"documentId\"] | replace: \"\\\\\", \"\\\\\\\\\" | replace: \"'\", \"\\\\'\" | replace: \"\\n\", \"\\\\n\" }}'{% else %}nil{% endif %}\n\n{% if call[\"args\"][\"v-correlation-id\"] != nil %}v_correlation_id = {% if call[\"args\"][\"v-correlation-id\"] != nil %}'{{ call[\"args\"][\"v-correlation-id\"] | replace: \"\\\\\", \"\\\\\\\\\" | replace: \"'\", \"\\\\'\" | replace: \"\\n\", \"\\\\n\" }}'{% else %}nil{% endif %}\n\n{% endif %}{% if showFullCode %}{% capture client_param %}{% endcapture %}{% assign api_key_any_req_auth_params = false %}{% assign api_key_any_auth_params = false %}{% if auth[\"api_key\"][\"Authorization\"] != nil and auth[\"api_key\"][\"Authorization\"].size > 0 %}{% assign api_key_any_auth_params = true %}{% assign api_key_any_req_auth_params = true %}{% endif %}{% if api_key_any_auth_params %}{% capture client_param %}{{client_param}}<#>custom_header_authentication_credentials: CustomHeaderAuthenticationCredentials.new({% capture indent %}  {% endcapture %}{% capture auth_params_api_key %}{% endcapture %}{% if auth[\"api_key\"][\"Authorization\"] != nil and auth[\"api_key\"][\"Authorization\"].size > 0 %}{% capture auth_params_api_key %}{{auth_params_api_key}}<#>authorization: {% if auth[\"api_key\"][\"Authorization\"] != nil %}'{{ auth[\"api_key\"][\"Authorization\"] | replace: \"\\\\\", \"\\\\\\\\\" | replace: \"'\", \"\\\\'\" | replace: \"\\n\", \"\\\\n\" }}'{% else %}nil{% endif %}{% endcapture %}{% endif %}{% assign auth_params_api_key_array = auth_params_api_key | split: '<#>' %}{% for this in auth_params_api_key_array %}{% if this != nil and this != '' %}\n    {{this}}{% if forloop.last %}\n  {% else %},{% endif %}{% endif %}{% endfor %}){% endcapture %}{% endif %}client = LaunchpadDocumentsApi::Client.new{% if client_param != nil and client_param.size > 0 %}({% endif %}{% assign client_param_array = client_param | split: '<#>' %}{% for this in client_param_array %}{% if this != nil and this != '' %}\n  {{this}}{% if forloop.last %}\n{% else %},{% endif %}{% endif %}{% endfor %}{% if client_param != nil and client_param.size > 0 %}){% endif %}\n{% endif %}{% if showFullCode %}\nbegin\n  {% endif %}{% capture endpoint_params %}{% endcapture %}{% capture endpoint_params %}<#>external_ref_id<#>document_id{% endcapture %}{% if call[\"args\"][\"v-correlation-id\"] != nil %}{% capture endpoint_params %}{{endpoint_params}}<#>v_correlation_id: v_correlation_id{% endcapture %}{% endif %}{% assign endp_param_array = endpoint_params | split: '<#>' %}result = {% if showFullCode %}client.manage_documents{% else %}manage_documents_controller{% endif %}.get_document{% if endp_param_array.size > 1 %}({% endif %}{% for this in endp_param_array %}{% if this != nil and this.size > 0 %}{% if endp_param_array.size > 2 %}\n  {% if showFullCode %}  {% endif %}{% endif %}{{this}}{% unless forloop.last %},{% endunless %}{% endif %}{% endfor %}{% if endp_param_array.size > 1 %}{% if endp_param_array.size > 2 %}\n{% if showFullCode %}  {% endif %}{% endif %}){% endif %}{% if showFullCode %}\n  puts result{% endif %}{% if showFullCode %}\nrescue ErrorResponseException => e\n  puts \"Caught ErrorResponseException: #{e.message}\"\nrescue APIException => e\n  puts \"Caught APIException: #{e.message}\"\nend{% endif %}{% if showFullCode %}\n{% endif %}"},"Globals":{},"Type":"compilablecodeblock"},"Response":[{"StatusCode":"200","Name":"response200","Description":"success","Headers":[{"Name":"v-correlation-id","DataType":"UUID | String","Description":"Unique transaction Id. Will be generated if not provided and returned in response headers.","Required":true,"LinkTo":"","Constant":false,"Example":"3fcb1437-4e52-4946-9ae1-e618351b6d16","Type":"responseheaderinfo"}],"Content":[{"ContentType":"application/json","DataType":"Document","LinkTo":"$m/Document","Example":null,"Examples":null,"Type":"responsecontentinfo"}],"Type":"responseinfo"},{"StatusCode":"0","Name":"response0","Description":"Default errors","Headers":[],"Content":[{"ContentType":"application/json","DataType":"ErrorResponseException","LinkTo":"$m/ErrorResponse","Example":{"Text":"{\r\n  \"httpStatusCode\": 400,\r\n  \"httpStatusMessage\": \"BAD_REQUEST\",\r\n  \"errors\": [\r\n    {\r\n      \"errorCode\": \"PARAMETER_VALIDATION_ERROR\",\r\n      \"errorMessage\": \"PartnerId is missing in header.\",\r\n      \"target\": \"partnerId\"\r\n    }\r\n  ]\r\n}","Language":"json","Type":"codeblock"},"Examples":null,"Type":"responsecontentinfo"}],"Type":"responseinfo"}],"ServerName":null,"Id":null,"Type":"endpointreference"}],"PlaceholderId":null,"SuggestedLinkText":"Get Document","SuggestedLink":"$e/Manage%20Documents/GetDocument","SuggestedLinkLevel":4,"LinkLabel":"http-get","HideFromNavigation":false,"Type":"section"},{"Title":"Store Document","Nodes":[{"Title":"Store Document","Name":"store_document","Description":"This is an optional step that allows merchants to submit any additional documents to help with the underwriting process, such as passports and driver's licenses. In the PII collection flow, use this endpoint to store and submit the signed contract.\n\r\n","ReturnType":"DocumentResponse","ReturnTypeLink":"$m/DocumentResponse","ResponseText":null,"ReturnTypeExample":null,"AuthDescription":"This endpoint requires [api_key]($h/__auth_CustomHeaderAuthentication)","RequiredAuths":[["api_key"]],"AuthModelSchema":{"title":"api_key","type":"object","properties":{"api_key":{"$ref":"ModelSchemas#/AuthRoot/api_key"}},"required":["api_key"]},"MethodSignature":{"Text":"def store_document(external_ref_id,\r\n                   body,\r\n                   content_type: ContentTypeEnum::ENUM_APPLICATIONJSON,\r\n                   v_correlation_id: nil)","Language":"ruby","Type":"codeblock"},"Parameters":[{"Name":"external_ref_id","GenericName":"externalRefId","DataType":"UUID | String","Description":"The externalRefId returned from POST /applications call.","Required":true,"LinkTo":"","Constant":false,"ParamType":"Header","DataTypeMarkdown":null,"ContainerName":null,"ContainerKind":null,"Discriminator":null,"ReadOnly":false,"WriteOnly":false,"ContainerTypes":null,"TypeCombinatorTypes":null,"Getter":null,"Setter":null,"Type":"paraminfo"},{"Name":"body","GenericName":"body","DataType":"DocumentRequest","Description":"-","Required":true,"LinkTo":"$m/DocumentRequest","Constant":false,"ParamType":"Body","DataTypeMarkdown":null,"ContainerName":null,"ContainerKind":null,"Discriminator":null,"ReadOnly":false,"WriteOnly":false,"ContainerTypes":null,"TypeCombinatorTypes":null,"Getter":null,"Setter":null,"Type":"paraminfo"},{"Name":"content_type","GenericName":"content-Type","DataType":"ContentTypeEnum","Description":"Indicates the media type of the request-body. Accepts application/json.<br>**Default**: `ContentTypeEnum::ENUM_APPLICATIONJSON`","Required":false,"LinkTo":"$m/content-Type","Constant":false,"ParamType":"Header","DataTypeMarkdown":null,"ContainerName":null,"ContainerKind":null,"Discriminator":null,"ReadOnly":false,"WriteOnly":false,"ContainerTypes":null,"TypeCombinatorTypes":null,"Getter":null,"Setter":null,"Type":"paraminfo"},{"Name":"v_correlation_id","GenericName":"v-correlation-id","DataType":"UUID | String","Description":"Unique transaction Id. Will be generated if not provided and returned in response headers.","Required":false,"LinkTo":"","Constant":false,"ParamType":"Header","DataTypeMarkdown":null,"ContainerName":null,"ContainerKind":null,"Discriminator":null,"ReadOnly":false,"WriteOnly":false,"ContainerTypes":null,"TypeCombinatorTypes":null,"Getter":null,"Setter":null,"Type":"paraminfo"}],"RequiredAuthScopes":{},"Errors":[{"Name":"ErrorResponseException","StatusCode":"Default","Description":"Default errors","LinkTo":"$m/ErrorResponse","Type":"errorinfo"}],"StaticUsageExample":null,"UsageExample":{"EndpointGroupName":"Manage Documents","EndpointName":"StoreDocument","Index":1,"CallModel":{"additionalQueryParams":null,"additionalFieldParams":null,"args":{"externalRefId":"3fcb1437-4e52-4946-9ae1-e618351b6d16","body":{},"content-Type":"application/json","v-correlation-id":"3fcb1437-4e52-4946-9ae1-e618351b6d16"}},"CallModelSchema":{"title":"Endpoint Arguments","type":"object","additionalProperties":false,"properties":{"args":{"id":"endpoint_7C26ABBCDB1F9","title":"endpoint_7C26ABBCDB1F9","type":"object","properties":{"externalRefId":{"description":"The externalRefId returned from POST /applications call.","example":"3fcb1437-4e52-4946-9ae1-e618351b6d16","type":"string","format":"uuid"},"body":{"$ref":"ModelSchemas#/Root/DocumentRequest"},"content-Type":{"$ref":"ModelSchemas#/Root/content-Type"},"v-correlation-id":{"description":"Unique transaction Id. Will be generated if not provided and returned in response headers.","example":"3fcb1437-4e52-4946-9ae1-e618351b6d16","type":"string","format":"uuid"}},"required":["externalRefId","body"]}},"required":["args"]},"HttpCallTemplate":"{\"method\":\"POST\",\"url\":\"https://apis.cert.worldpay.com/merchant-boarding/v1/documents{% capture inline_query_capture_876234 %}{% endcapture %}{% if inline_query_capture_876234.size > 0 %}?{% endif %}{{ inline_query_capture_876234 | remove_first:'&' }}\",\"headers\":{% capture header_capture_9023987234 %},\"Accept\":\"application/json\",\"externalRefId\":{{ call[\"args\"][\"externalRefId\"] | unwrap | json: false }}{% if call[\"args\"][\"content-Type\"] != nil %},\"content-Type\":{{ call[\"args\"][\"content-Type\"] | json: false }}{% endif %}{% if call[\"args\"][\"v-correlation-id\"] != nil %},\"v-correlation-id\":{{ call[\"args\"][\"v-correlation-id\"] | unwrap | json: false }}{% endif %}{% if auth[\"api_key\"][\"Authorization\"] != nil %},\"Authorization\":{{ auth[\"api_key\"][\"Authorization\"] | json: false }}{% endif %}{% endcapture %}{{ '{' }}{{ header_capture_9023987234 | remove_first:',' }}},\"body\":{{ '{' }}\"type\":\"json\",\"data\":{% if call[\"args\"][\"body\"] != nil %}{{ call[\"args\"][\"body\"] | json: false }}{% else %}null{% endif %}}}","Templates":{"RUBY_GENERIC_LIB":"{% assign api_key_any_req_auth_params = false %}{% assign api_key_any_auth_params = false %}{% if showFullCode %}require 'launchpad_documents_api'\ninclude LaunchpadDocumentsApi\n\n{% endif %}external_ref_id = {% if call[\"args\"][\"externalRefId\"] != nil %}'{{ call[\"args\"][\"externalRefId\"] | replace: \"\\\\\", \"\\\\\\\\\" | replace: \"'\", \"\\\\'\" | replace: \"\\n\", \"\\\\n\" }}'{% else %}nil{% endif %}\n\nbody = {% render 'documentrequest', field: call[\"args\"][\"body\"], indent: '', showFullCode: showFullCode %}\n\n{% if call[\"args\"][\"content-Type\"] != nil %}content_type = {% case call[\"args\"][\"content-Type\"] %}{% when 'application/json' %}ContentTypeEnum::ENUM_APPLICATIONJSON{% else %}envrr{% endcase %}\n\n{% endif %}{% if call[\"args\"][\"v-correlation-id\"] != nil %}v_correlation_id = {% if call[\"args\"][\"v-correlation-id\"] != nil %}'{{ call[\"args\"][\"v-correlation-id\"] | replace: \"\\\\\", \"\\\\\\\\\" | replace: \"'\", \"\\\\'\" | replace: \"\\n\", \"\\\\n\" }}'{% else %}nil{% endif %}\n\n{% endif %}{% if showFullCode %}{% capture client_param %}{% endcapture %}{% assign api_key_any_req_auth_params = false %}{% assign api_key_any_auth_params = false %}{% if auth[\"api_key\"][\"Authorization\"] != nil and auth[\"api_key\"][\"Authorization\"].size > 0 %}{% assign api_key_any_auth_params = true %}{% assign api_key_any_req_auth_params = true %}{% endif %}{% if api_key_any_auth_params %}{% capture client_param %}{{client_param}}<#>custom_header_authentication_credentials: CustomHeaderAuthenticationCredentials.new({% capture indent %}  {% endcapture %}{% capture auth_params_api_key %}{% endcapture %}{% if auth[\"api_key\"][\"Authorization\"] != nil and auth[\"api_key\"][\"Authorization\"].size > 0 %}{% capture auth_params_api_key %}{{auth_params_api_key}}<#>authorization: {% if auth[\"api_key\"][\"Authorization\"] != nil %}'{{ auth[\"api_key\"][\"Authorization\"] | replace: \"\\\\\", \"\\\\\\\\\" | replace: \"'\", \"\\\\'\" | replace: \"\\n\", \"\\\\n\" }}'{% else %}nil{% endif %}{% endcapture %}{% endif %}{% assign auth_params_api_key_array = auth_params_api_key | split: '<#>' %}{% for this in auth_params_api_key_array %}{% if this != nil and this != '' %}\n    {{this}}{% if forloop.last %}\n  {% else %},{% endif %}{% endif %}{% endfor %}){% endcapture %}{% endif %}client = LaunchpadDocumentsApi::Client.new{% if client_param != nil and client_param.size > 0 %}({% endif %}{% assign client_param_array = client_param | split: '<#>' %}{% for this in client_param_array %}{% if this != nil and this != '' %}\n  {{this}}{% if forloop.last %}\n{% else %},{% endif %}{% endif %}{% endfor %}{% if client_param != nil and client_param.size > 0 %}){% endif %}\n{% endif %}{% if showFullCode %}\nbegin\n  {% endif %}{% capture endpoint_params %}{% endcapture %}{% capture endpoint_params %}<#>external_ref_id<#>body{% endcapture %}{% if call[\"args\"][\"content-Type\"] != nil %}{% capture endpoint_params %}{{endpoint_params}}<#>content_type: content_type{% endcapture %}{% endif %}{% if call[\"args\"][\"v-correlation-id\"] != nil %}{% capture endpoint_params %}{{endpoint_params}}<#>v_correlation_id: v_correlation_id{% endcapture %}{% endif %}{% assign endp_param_array = endpoint_params | split: '<#>' %}result = {% if showFullCode %}client.manage_documents{% else %}manage_documents_controller{% endif %}.store_document{% if endp_param_array.size > 1 %}({% endif %}{% for this in endp_param_array %}{% if this != nil and this.size > 0 %}{% if endp_param_array.size > 2 %}\n  {% if showFullCode %}  {% endif %}{% endif %}{{this}}{% unless forloop.last %},{% endunless %}{% endif %}{% endfor %}{% if endp_param_array.size > 1 %}{% if endp_param_array.size > 2 %}\n{% if showFullCode %}  {% endif %}{% endif %}){% endif %}{% if showFullCode %}\n  puts result{% endif %}{% if showFullCode %}\nrescue ErrorResponseException => e\n  puts \"Caught ErrorResponseException: #{e.message}\"\nrescue APIException => e\n  puts \"Caught APIException: #{e.message}\"\nend{% endif %}{% if showFullCode %}\n{% endif %}"},"Globals":{},"Type":"compilablecodeblock"},"Response":[{"StatusCode":"200","Name":"response200","Description":"Success","Headers":[{"Name":"v-correlation-id","DataType":"UUID | String","Description":"Unique transaction Id. Will be generated if not provided and returned in response headers.","Required":true,"LinkTo":"","Constant":false,"Example":"3fcb1437-4e52-4946-9ae1-e618351b6d16","Type":"responseheaderinfo"}],"Content":[{"ContentType":"application/json","DataType":"DocumentResponse","LinkTo":"$m/DocumentResponse","Example":null,"Examples":null,"Type":"responsecontentinfo"}],"Type":"responseinfo"},{"StatusCode":"0","Name":"response0","Description":"Default errors","Headers":[],"Content":[{"ContentType":"application/json","DataType":"ErrorResponseException","LinkTo":"$m/ErrorResponse","Example":{"Text":"{\r\n  \"httpStatusCode\": 400,\r\n  \"httpStatusMessage\": \"BAD_REQUEST\",\r\n  \"errors\": [\r\n    {\r\n      \"errorCode\": \"PARAMETER_VALIDATION_ERROR\",\r\n      \"errorMessage\": \"PartnerId is missing in header.\",\r\n      \"target\": \"partnerId\"\r\n    }\r\n  ]\r\n}","Language":"json","Type":"codeblock"},"Examples":null,"Type":"responsecontentinfo"}],"Type":"responseinfo"}],"ServerName":null,"Id":null,"Type":"endpointreference"}],"PlaceholderId":null,"SuggestedLinkText":"Store Document","SuggestedLink":"$e/Manage%20Documents/StoreDocument","SuggestedLinkLevel":4,"LinkLabel":"http-post","HideFromNavigation":false,"Type":"section"},{"Title":"Get Document Metadata","Nodes":[{"Title":"Get Document Metadata","Name":"get_document_metadata","Description":"Returns a list of documents tied to the given external reference ID.\n\r\n","ReturnType":"DocumentListResponse","ReturnTypeLink":"$m/DocumentListResponse","ResponseText":null,"ReturnTypeExample":null,"AuthDescription":"This endpoint requires [api_key]($h/__auth_CustomHeaderAuthentication)","RequiredAuths":[["api_key"]],"AuthModelSchema":{"title":"api_key","type":"object","properties":{"api_key":{"$ref":"ModelSchemas#/AuthRoot/api_key"}},"required":["api_key"]},"MethodSignature":{"Text":"def get_document_metadata(external_ref_id,\r\n                          v_correlation_id: nil)","Language":"ruby","Type":"codeblock"},"Parameters":[{"Name":"external_ref_id","GenericName":"externalRefId","DataType":"UUID | String","Description":"The externalRefId returned from POST /applications call.","Required":true,"LinkTo":"","Constant":false,"ParamType":"Header","DataTypeMarkdown":null,"ContainerName":null,"ContainerKind":null,"Discriminator":null,"ReadOnly":false,"WriteOnly":false,"ContainerTypes":null,"TypeCombinatorTypes":null,"Getter":null,"Setter":null,"Type":"paraminfo"},{"Name":"v_correlation_id","GenericName":"v-correlation-id","DataType":"UUID | String","Description":"Unique transaction Id. Will be generated if not provided and returned in response headers.","Required":false,"LinkTo":"","Constant":false,"ParamType":"Header","DataTypeMarkdown":null,"ContainerName":null,"ContainerKind":null,"Discriminator":null,"ReadOnly":false,"WriteOnly":false,"ContainerTypes":null,"TypeCombinatorTypes":null,"Getter":null,"Setter":null,"Type":"paraminfo"}],"RequiredAuthScopes":{},"Errors":[{"Name":"ErrorResponseException","StatusCode":"Default","Description":"Default errors","LinkTo":"$m/ErrorResponse","Type":"errorinfo"}],"StaticUsageExample":null,"UsageExample":{"EndpointGroupName":"Manage Documents","EndpointName":"GetDocumentMetadata","Index":2,"CallModel":{"additionalQueryParams":null,"additionalFieldParams":null,"args":{"externalRefId":"3fcb1437-4e52-4946-9ae1-e618351b6d16","v-correlation-id":"3fcb1437-4e52-4946-9ae1-e618351b6d16"}},"CallModelSchema":{"title":"Endpoint Arguments","type":"object","additionalProperties":false,"properties":{"args":{"id":"endpoint_7C26ABBCDB1F9","title":"endpoint_7C26ABBCDB1F9","type":"object","properties":{"externalRefId":{"description":"The externalRefId returned from POST /applications call.","example":"3fcb1437-4e52-4946-9ae1-e618351b6d16","type":"string","format":"uuid"},"v-correlation-id":{"description":"Unique transaction Id. Will be generated if not provided and returned in response headers.","example":"3fcb1437-4e52-4946-9ae1-e618351b6d16","type":"string","format":"uuid"}},"required":["externalRefId"]}},"required":["args"]},"HttpCallTemplate":"{\"method\":\"GET\",\"url\":\"https://apis.cert.worldpay.com/merchant-boarding/v1/documents/List{% capture inline_query_capture_876234 %}{% endcapture %}{% if inline_query_capture_876234.size > 0 %}?{% endif %}{{ inline_query_capture_876234 | remove_first:'&' }}\",\"headers\":{% capture header_capture_9023987234 %},\"Accept\":\"application/json\",\"externalRefId\":{{ call[\"args\"][\"externalRefId\"] | unwrap | json: false }}{% if call[\"args\"][\"v-correlation-id\"] != nil %},\"v-correlation-id\":{{ call[\"args\"][\"v-correlation-id\"] | unwrap | json: false }}{% endif %}{% if auth[\"api_key\"][\"Authorization\"] != nil %},\"Authorization\":{{ auth[\"api_key\"][\"Authorization\"] | json: false }}{% endif %}{% endcapture %}{{ '{' }}{{ header_capture_9023987234 | remove_first:',' }}},\"body\":{{ '{' }}\"type\":\"none\"}}","Templates":{"RUBY_GENERIC_LIB":"{% assign api_key_any_req_auth_params = false %}{% assign api_key_any_auth_params = false %}{% if showFullCode %}require 'launchpad_documents_api'\ninclude LaunchpadDocumentsApi\n\n{% endif %}external_ref_id = {% if call[\"args\"][\"externalRefId\"] != nil %}'{{ call[\"args\"][\"externalRefId\"] | replace: \"\\\\\", \"\\\\\\\\\" | replace: \"'\", \"\\\\'\" | replace: \"\\n\", \"\\\\n\" }}'{% else %}nil{% endif %}\n\n{% if call[\"args\"][\"v-correlation-id\"] != nil %}v_correlation_id = {% if call[\"args\"][\"v-correlation-id\"] != nil %}'{{ call[\"args\"][\"v-correlation-id\"] | replace: \"\\\\\", \"\\\\\\\\\" | replace: \"'\", \"\\\\'\" | replace: \"\\n\", \"\\\\n\" }}'{% else %}nil{% endif %}\n\n{% endif %}{% if showFullCode %}{% capture client_param %}{% endcapture %}{% assign api_key_any_req_auth_params = false %}{% assign api_key_any_auth_params = false %}{% if auth[\"api_key\"][\"Authorization\"] != nil and auth[\"api_key\"][\"Authorization\"].size > 0 %}{% assign api_key_any_auth_params = true %}{% assign api_key_any_req_auth_params = true %}{% endif %}{% if api_key_any_auth_params %}{% capture client_param %}{{client_param}}<#>custom_header_authentication_credentials: CustomHeaderAuthenticationCredentials.new({% capture indent %}  {% endcapture %}{% capture auth_params_api_key %}{% endcapture %}{% if auth[\"api_key\"][\"Authorization\"] != nil and auth[\"api_key\"][\"Authorization\"].size > 0 %}{% capture auth_params_api_key %}{{auth_params_api_key}}<#>authorization: {% if auth[\"api_key\"][\"Authorization\"] != nil %}'{{ auth[\"api_key\"][\"Authorization\"] | replace: \"\\\\\", \"\\\\\\\\\" | replace: \"'\", \"\\\\'\" | replace: \"\\n\", \"\\\\n\" }}'{% else %}nil{% endif %}{% endcapture %}{% endif %}{% assign auth_params_api_key_array = auth_params_api_key | split: '<#>' %}{% for this in auth_params_api_key_array %}{% if this != nil and this != '' %}\n    {{this}}{% if forloop.last %}\n  {% else %},{% endif %}{% endif %}{% endfor %}){% endcapture %}{% endif %}client = LaunchpadDocumentsApi::Client.new{% if client_param != nil and client_param.size > 0 %}({% endif %}{% assign client_param_array = client_param | split: '<#>' %}{% for this in client_param_array %}{% if this != nil and this != '' %}\n  {{this}}{% if forloop.last %}\n{% else %},{% endif %}{% endif %}{% endfor %}{% if client_param != nil and client_param.size > 0 %}){% endif %}\n{% endif %}{% if showFullCode %}\nbegin\n  {% endif %}{% capture endpoint_params %}{% endcapture %}{% capture endpoint_params %}<#>external_ref_id{% endcapture %}{% if call[\"args\"][\"v-correlation-id\"] != nil %}{% capture endpoint_params %}{{endpoint_params}}<#>v_correlation_id: v_correlation_id{% endcapture %}{% endif %}{% assign endp_param_array = endpoint_params | split: '<#>' %}result = {% if showFullCode %}client.manage_documents{% else %}manage_documents_controller{% endif %}.get_document_metadata{% if endp_param_array.size > 1 %}({% endif %}{% for this in endp_param_array %}{% if this != nil and this.size > 0 %}{% if endp_param_array.size > 2 %}\n  {% if showFullCode %}  {% endif %}{% endif %}{{this}}{% unless forloop.last %},{% endunless %}{% endif %}{% endfor %}{% if endp_param_array.size > 1 %}{% if endp_param_array.size > 2 %}\n{% if showFullCode %}  {% endif %}{% endif %}){% endif %}{% if showFullCode %}\n  puts result{% endif %}{% if showFullCode %}\nrescue ErrorResponseException => e\n  puts \"Caught ErrorResponseException: #{e.message}\"\nrescue APIException => e\n  puts \"Caught APIException: #{e.message}\"\nend{% endif %}{% if showFullCode %}\n{% endif %}"},"Globals":{},"Type":"compilablecodeblock"},"Response":[{"StatusCode":"200","Name":"response200","Description":"Success","Headers":[{"Name":"v-correlation-id","DataType":"UUID | String","Description":"Unique transaction Id. Will be generated if not provided and returned in response headers.","Required":true,"LinkTo":"","Constant":false,"Example":"3fcb1437-4e52-4946-9ae1-e618351b6d16","Type":"responseheaderinfo"}],"Content":[{"ContentType":"application/json","DataType":"DocumentListResponse","LinkTo":"$m/DocumentListResponse","Example":null,"Examples":null,"Type":"responsecontentinfo"}],"Type":"responseinfo"},{"StatusCode":"0","Name":"response0","Description":"Default errors","Headers":[],"Content":[{"ContentType":"application/json","DataType":"ErrorResponseException","LinkTo":"$m/ErrorResponse","Example":{"Text":"{\r\n  \"httpStatusCode\": 400,\r\n  \"httpStatusMessage\": \"BAD_REQUEST\",\r\n  \"errors\": [\r\n    {\r\n      \"errorCode\": \"PARAMETER_VALIDATION_ERROR\",\r\n      \"errorMessage\": \"PartnerId is missing in header.\",\r\n      \"target\": \"partnerId\"\r\n    }\r\n  ]\r\n}","Language":"json","Type":"codeblock"},"Examples":null,"Type":"responsecontentinfo"}],"Type":"responseinfo"}],"ServerName":null,"Id":null,"Type":"endpointreference"}],"PlaceholderId":null,"SuggestedLinkText":"Get Document Metadata","SuggestedLink":"$e/Manage%20Documents/GetDocumentMetadata","SuggestedLinkLevel":4,"LinkLabel":"http-get","HideFromNavigation":false,"Type":"section"}],"PlaceholderId":null,"SuggestedLinkText":"Manage Documents","SuggestedLink":"$e/Manage%20Documents","SuggestedLinkLevel":3,"LinkLabel":null,"HideFromNavigation":false,"Type":"section"}],"PlaceholderId":"__api_reference","SuggestedLinkText":"API Reference","SuggestedLink":"$h/__api_reference","SuggestedLinkLevel":2,"LinkLabel":null,"HideFromNavigation":false,"Type":"section"},{"Title":"Model Reference","Nodes":[{"Title":"Structures","Nodes":[{"Text":"* [Document Request]($m/DocumentRequest)\n* [Document Response]($m/DocumentResponse)\n* [Document]($m/Document)\n* [Document List Response]($m/DocumentListResponse)\n* [Documents Meta Data]($m/DocumentsMetaData)\n* [Error]($m/Error)","Type":"paragraph"},{"Title":"Document Request","Nodes":[{"Fields":[{"Name":"document","GenericName":"document","DataType":"Document","Description":"-","Required":false,"LinkTo":"$m/Document","Constant":false,"ParamType":null,"DataTypeMarkdown":null,"ContainerName":null,"ContainerKind":null,"Discriminator":null,"ReadOnly":false,"WriteOnly":false,"ContainerTypes":null,"TypeCombinatorTypes":null,"Getter":null,"Setter":null,"Type":"paraminfo"}],"HasGetters":false,"HasSetters":false,"Title":"Document Request","Name":"DocumentRequest","OriginalName":"DocumentRequest","Description":null,"BaseClass":null,"BaseClassLink":null,"ChildClassesLink":null,"LinkTo":"$m/DocumentRequest","StructureType":"Class Name","ContainedTypesName":"Fields","Example":{"Text":"{\r\n  \"document\": {\r\n    \"fileName\": \"fileName0\",\r\n    \"fileExtension\": \"TIF\",\r\n    \"content\": \"content0\",\r\n    \"version\": 90,\r\n    \"uploadedBy\": \"uploadedBy8\"\r\n  }\r\n}","Language":"json","Type":"codeblock"},"Id":null,"Type":"structurereference"}],"PlaceholderId":null,"SuggestedLinkText":"Document Request","SuggestedLink":"$m/DocumentRequest","SuggestedLinkLevel":4,"LinkLabel":null,"HideFromNavigation":false,"Type":"section"},{"Title":"Document Response","Nodes":[{"Fields":[{"Name":"document_id","GenericName":"documentId","DataType":"String","Description":"-","Required":false,"LinkTo":"","Constant":false,"ParamType":null,"DataTypeMarkdown":null,"ContainerName":null,"ContainerKind":null,"Discriminator":null,"ReadOnly":false,"WriteOnly":false,"ContainerTypes":null,"TypeCombinatorTypes":null,"Getter":null,"Setter":null,"Type":"paraminfo"}],"HasGetters":false,"HasSetters":false,"Title":"Document Response","Name":"DocumentResponse","OriginalName":"DocumentResponse","Description":null,"BaseClass":null,"BaseClassLink":null,"ChildClassesLink":null,"LinkTo":"$m/DocumentResponse","StructureType":"Class Name","ContainedTypesName":"Fields","Example":{"Text":"{\r\n  \"documentId\": \"6114\"\r\n}","Language":"json","Type":"codeblock"},"Id":null,"Type":"structurereference"}],"PlaceholderId":null,"SuggestedLinkText":"Document Response","SuggestedLink":"$m/DocumentResponse","SuggestedLinkLevel":4,"LinkLabel":null,"HideFromNavigation":false,"Type":"section"},{"Title":"Document","Nodes":[{"Fields":[{"Name":"file_name","GenericName":"fileName","DataType":"String","Description":"Document name.<br>**Constraints**: *Maximum Length*: `150`","Required":false,"LinkTo":"","Constant":false,"ParamType":null,"DataTypeMarkdown":null,"ContainerName":null,"ContainerKind":null,"Discriminator":null,"ReadOnly":false,"WriteOnly":false,"ContainerTypes":null,"TypeCombinatorTypes":null,"Getter":null,"Setter":null,"Type":"paraminfo"},{"Name":"file_extension","GenericName":"fileExtension","DataType":"FileExtensionEnum","Description":"Document type.","Required":false,"LinkTo":"$m/FileExtension","Constant":false,"ParamType":null,"DataTypeMarkdown":null,"ContainerName":null,"ContainerKind":null,"Discriminator":null,"ReadOnly":false,"WriteOnly":false,"ContainerTypes":null,"TypeCombinatorTypes":null,"Getter":null,"Setter":null,"Type":"paraminfo"},{"Name":"content","GenericName":"content","DataType":"String","Description":"Base 64 encoded binary string of docuement content. Maxium string length is 12MB.<br>**Constraints**: *Maximum Length*: `12000000`","Required":false,"LinkTo":"","Constant":false,"ParamType":null,"DataTypeMarkdown":null,"ContainerName":null,"ContainerKind":null,"Discriminator":null,"ReadOnly":false,"WriteOnly":false,"ContainerTypes":null,"TypeCombinatorTypes":null,"Getter":null,"Setter":null,"Type":"paraminfo"},{"Name":"version","GenericName":"version","DataType":"Integer","Description":"Version of the document.","Required":false,"LinkTo":"","Constant":false,"ParamType":null,"DataTypeMarkdown":null,"ContainerName":null,"ContainerKind":null,"Discriminator":null,"ReadOnly":false,"WriteOnly":false,"ContainerTypes":null,"TypeCombinatorTypes":null,"Getter":null,"Setter":null,"Type":"paraminfo"},{"Name":"uploaded_by","GenericName":"uploadedBy","DataType":"String","Description":"Name of the user who uploaded the document. Maximum field length of 8 characters.<br>**Constraints**: *Minimum Length*: `1`, *Maximum Length*: `8`","Required":false,"LinkTo":"","Constant":false,"ParamType":null,"DataTypeMarkdown":null,"ContainerName":null,"ContainerKind":null,"Discriminator":null,"ReadOnly":false,"WriteOnly":false,"ContainerTypes":null,"TypeCombinatorTypes":null,"Getter":null,"Setter":null,"Type":"paraminfo"},{"Name":"document_category","GenericName":"documentCategory","DataType":"DocumentCategoryEnum","Description":"Document category","Required":false,"LinkTo":"$m/DocumentCategory","Constant":false,"ParamType":null,"DataTypeMarkdown":null,"ContainerName":null,"ContainerKind":null,"Discriminator":null,"ReadOnly":false,"WriteOnly":false,"ContainerTypes":null,"TypeCombinatorTypes":null,"Getter":null,"Setter":null,"Type":"paraminfo"}],"HasGetters":false,"HasSetters":false,"Title":"Document","Name":"Document","OriginalName":"Document","Description":null,"BaseClass":null,"BaseClassLink":null,"ChildClassesLink":null,"LinkTo":"$m/Document","StructureType":"Class Name","ContainedTypesName":"Fields","Example":{"Text":"{\r\n  \"fileName\": \"Timothy Jones Drivers License\",\r\n  \"fileExtension\": \"JPEG\",\r\n  \"content\": \"VGhpcyBpcyBUZXN0\",\r\n  \"version\": 1,\r\n  \"uploadedBy\": \"Timothy\",\r\n  \"documentCategory\": \"DRIVERS LICENSE\"\r\n}","Language":"json","Type":"codeblock"},"Id":null,"Type":"structurereference"}],"PlaceholderId":null,"SuggestedLinkText":"Document","SuggestedLink":"$m/Document","SuggestedLinkLevel":4,"LinkLabel":null,"HideFromNavigation":false,"Type":"section"},{"Title":"Document List Response","Nodes":[{"Fields":[{"Name":"documents","GenericName":"documents","DataType":"Array<DocumentsMetaData>","Description":"-","Required":false,"LinkTo":"$m/DocumentsMetaData","Constant":false,"ParamType":null,"DataTypeMarkdown":null,"ContainerName":null,"ContainerKind":null,"Discriminator":null,"ReadOnly":false,"WriteOnly":false,"ContainerTypes":null,"TypeCombinatorTypes":null,"Getter":null,"Setter":null,"Type":"paraminfo"}],"HasGetters":false,"HasSetters":false,"Title":"Document List Response","Name":"DocumentListResponse","OriginalName":"DocumentListResponse","Description":null,"BaseClass":null,"BaseClassLink":null,"ChildClassesLink":null,"LinkTo":"$m/DocumentListResponse","StructureType":"Class Name","ContainedTypesName":"Fields","Example":{"Text":"{\r\n  \"documents\": [\r\n    {\r\n      \"documentId\": \"documentId2\",\r\n      \"fileName\": \"fileName8\",\r\n      \"fileExtension\": \"GIF\",\r\n      \"version\": 18,\r\n      \"uploadedBy\": \"uploadedBy0\"\r\n    },\r\n    {\r\n      \"documentId\": \"documentId2\",\r\n      \"fileName\": \"fileName8\",\r\n      \"fileExtension\": \"GIF\",\r\n      \"version\": 18,\r\n      \"uploadedBy\": \"uploadedBy0\"\r\n    }\r\n  ]\r\n}","Language":"json","Type":"codeblock"},"Id":null,"Type":"structurereference"}],"PlaceholderId":null,"SuggestedLinkText":"Document List Response","SuggestedLink":"$m/DocumentListResponse","SuggestedLinkLevel":4,"LinkLabel":null,"HideFromNavigation":false,"Type":"section"},{"Title":"Documents Meta Data","Nodes":[{"Fields":[{"Name":"document_id","GenericName":"documentId","DataType":"String","Description":"Unique ID for the stored document.","Required":false,"LinkTo":"","Constant":false,"ParamType":null,"DataTypeMarkdown":null,"ContainerName":null,"ContainerKind":null,"Discriminator":null,"ReadOnly":false,"WriteOnly":false,"ContainerTypes":null,"TypeCombinatorTypes":null,"Getter":null,"Setter":null,"Type":"paraminfo"},{"Name":"file_name","GenericName":"fileName","DataType":"String","Description":"Document name<br>**Constraints**: *Maximum Length*: `150`, *Pattern*: ```` ^$|^[0-9A-Za-z_\\-(),.\\s]{1,150}$ ````","Required":false,"LinkTo":"","Constant":false,"ParamType":null,"DataTypeMarkdown":null,"ContainerName":null,"ContainerKind":null,"Discriminator":null,"ReadOnly":false,"WriteOnly":false,"ContainerTypes":null,"TypeCombinatorTypes":null,"Getter":null,"Setter":null,"Type":"paraminfo"},{"Name":"file_extension","GenericName":"fileExtension","DataType":"FileExtension1Enum","Description":"Document type","Required":false,"LinkTo":"$m/FileExtension1","Constant":false,"ParamType":null,"DataTypeMarkdown":null,"ContainerName":null,"ContainerKind":null,"Discriminator":null,"ReadOnly":false,"WriteOnly":false,"ContainerTypes":null,"TypeCombinatorTypes":null,"Getter":null,"Setter":null,"Type":"paraminfo"},{"Name":"version","GenericName":"version","DataType":"Integer","Description":"Document version","Required":false,"LinkTo":"","Constant":false,"ParamType":null,"DataTypeMarkdown":null,"ContainerName":null,"ContainerKind":null,"Discriminator":null,"ReadOnly":false,"WriteOnly":false,"ContainerTypes":null,"TypeCombinatorTypes":null,"Getter":null,"Setter":null,"Type":"paraminfo"},{"Name":"uploaded_by","GenericName":"uploadedBy","DataType":"String","Description":"Who uploaded the document? Maximum field length of 8 characters.<br>**Constraints**: *Minimum Length*: `1`, *Maximum Length*: `8`","Required":false,"LinkTo":"","Constant":false,"ParamType":null,"DataTypeMarkdown":null,"ContainerName":null,"ContainerKind":null,"Discriminator":null,"ReadOnly":false,"WriteOnly":false,"ContainerTypes":null,"TypeCombinatorTypes":null,"Getter":null,"Setter":null,"Type":"paraminfo"},{"Name":"document_category","GenericName":"documentCategory","DataType":"DocumentCategory1Enum","Description":"Document category.","Required":false,"LinkTo":"$m/DocumentCategory1","Constant":false,"ParamType":null,"DataTypeMarkdown":null,"ContainerName":null,"ContainerKind":null,"Discriminator":null,"ReadOnly":false,"WriteOnly":false,"ContainerTypes":null,"TypeCombinatorTypes":null,"Getter":null,"Setter":null,"Type":"paraminfo"}],"HasGetters":false,"HasSetters":false,"Title":"Documents Meta Data","Name":"DocumentsMetaData","OriginalName":"DocumentsMetaData","Description":null,"BaseClass":null,"BaseClassLink":null,"ChildClassesLink":null,"LinkTo":"$m/DocumentsMetaData","StructureType":"Class Name","ContainedTypesName":"Fields","Example":{"Text":"{\r\n  \"documentId\": \"861\",\r\n  \"fileName\": \"Timothy Jones Drivers License\",\r\n  \"fileExtension\": \"JPEG\",\r\n  \"version\": 1,\r\n  \"uploadedBy\": \"Timothy\"\r\n}","Language":"json","Type":"codeblock"},"Id":null,"Type":"structurereference"}],"PlaceholderId":null,"SuggestedLinkText":"Documents Meta Data","SuggestedLink":"$m/DocumentsMetaData","SuggestedLinkLevel":4,"LinkLabel":null,"HideFromNavigation":false,"Type":"section"},{"Title":"Error","Nodes":[{"Fields":[{"Name":"error_code","GenericName":"errorCode","DataType":"String","Description":"-","Required":false,"LinkTo":"","Constant":false,"ParamType":null,"DataTypeMarkdown":null,"ContainerName":null,"ContainerKind":null,"Discriminator":null,"ReadOnly":false,"WriteOnly":false,"ContainerTypes":null,"TypeCombinatorTypes":null,"Getter":null,"Setter":null,"Type":"paraminfo"},{"Name":"error_message","GenericName":"errorMessage","DataType":"String","Description":"-","Required":false,"LinkTo":"","Constant":false,"ParamType":null,"DataTypeMarkdown":null,"ContainerName":null,"ContainerKind":null,"Discriminator":null,"ReadOnly":false,"WriteOnly":false,"ContainerTypes":null,"TypeCombinatorTypes":null,"Getter":null,"Setter":null,"Type":"paraminfo"},{"Name":"target","GenericName":"target","DataType":"String","Description":"-","Required":false,"LinkTo":"","Constant":false,"ParamType":null,"DataTypeMarkdown":null,"ContainerName":null,"ContainerKind":null,"Discriminator":null,"ReadOnly":false,"WriteOnly":false,"ContainerTypes":null,"TypeCombinatorTypes":null,"Getter":null,"Setter":null,"Type":"paraminfo"}],"HasGetters":false,"HasSetters":false,"Title":"Error","Name":"Error","OriginalName":"Error","Description":null,"BaseClass":null,"BaseClassLink":null,"ChildClassesLink":null,"LinkTo":"$m/Error","StructureType":"Class Name","ContainedTypesName":"Fields","Example":{"Text":"{\r\n  \"errorCode\": \"ERROR_CODE\",\r\n  \"errorMessage\": \"Error message here.\",\r\n  \"target\": \"Target\"\r\n}","Language":"json","Type":"codeblock"},"Id":null,"Type":"structurereference"}],"PlaceholderId":null,"SuggestedLinkText":"Error","SuggestedLink":"$m/Error","SuggestedLinkLevel":4,"LinkLabel":null,"HideFromNavigation":false,"Type":"section"}],"PlaceholderId":null,"SuggestedLinkText":"Structures","SuggestedLink":"$h/API%20Reference/__model_reference/Structures","SuggestedLinkLevel":3,"LinkLabel":null,"HideFromNavigation":false,"Type":"section"},{"Title":"Enumerations","Nodes":[{"Text":"* [Content-Type]($m/content-Type)\n* [Document Category]($m/DocumentCategory)\n* [Document Category 1]($m/DocumentCategory1)\n* [File Extension]($m/FileExtension)\n* [File Extension 1]($m/FileExtension1)","Type":"paragraph"},{"Title":"Content-Type","Nodes":[{"Elements":[{"Key":"ENUM_APPLICATIONJSON","Value":""}],"Title":"Content-Type","Name":"ContentTypeEnum","OriginalName":"content-Type","Description":null,"BaseClass":null,"BaseClassLink":null,"ChildClassesLink":null,"LinkTo":"$m/content-Type","StructureType":"Enum Type Name","ContainedTypesName":"Enum Constants","Example":null,"Id":null,"Type":"enumreference"}],"PlaceholderId":null,"SuggestedLinkText":"Content-Type","SuggestedLink":"$m/content-Type","SuggestedLinkLevel":4,"LinkLabel":null,"HideFromNavigation":false,"Type":"section"},{"Title":"Document Category","Nodes":[{"Elements":[{"Key":"ENUM_DRIVERS_LICENSE","Value":""},{"Key":"ENUM_TERMINAL_LEASE","Value":""},{"Key":"PASSPORT","Value":""},{"Key":"UNKNOWN","Value":""},{"Key":"ENUM_VOIDED_CHECK","Value":""}],"Title":"Document Category","Name":"DocumentCategoryEnum","OriginalName":"DocumentCategory","Description":"Document category","BaseClass":null,"BaseClassLink":null,"ChildClassesLink":null,"LinkTo":"$m/DocumentCategory","StructureType":"Enum Type Name","ContainedTypesName":"Enum Constants","Example":{"Text":"DRIVERS LICENSE","Language":null,"Type":"codeblock"},"Id":null,"Type":"enumreference"}],"PlaceholderId":null,"SuggestedLinkText":"Document Category","SuggestedLink":"$m/DocumentCategory","SuggestedLinkLevel":4,"LinkLabel":null,"HideFromNavigation":false,"Type":"section"},{"Title":"Document Category 1","Nodes":[{"Elements":[{"Key":"ENUM_DRIVERS_LICENSE","Value":""},{"Key":"ENUM_TERMINAL_LEASE","Value":""},{"Key":"PASSPORT","Value":""},{"Key":"UNKNOWN","Value":""},{"Key":"ENUM_VOIDED_CHECK","Value":""}],"Title":"Document Category 1","Name":"DocumentCategory1Enum","OriginalName":"DocumentCategory1","Description":"Document category.","BaseClass":null,"BaseClassLink":null,"ChildClassesLink":null,"LinkTo":"$m/DocumentCategory1","StructureType":"Enum Type Name","ContainedTypesName":"Enum Constants","Example":null,"Id":null,"Type":"enumreference"}],"PlaceholderId":null,"SuggestedLinkText":"Document Category 1","SuggestedLink":"$m/DocumentCategory1","SuggestedLinkLevel":4,"LinkLabel":null,"HideFromNavigation":false,"Type":"section"},{"Title":"File Extension","Nodes":[{"Elements":[{"Key":"JPEG","Value":""},{"Key":"JPG","Value":""},{"Key":"GIF","Value":""},{"Key":"PDF","Value":""},{"Key":"PNG","Value":""},{"Key":"TIFF","Value":""},{"Key":"TIF","Value":""},{"Key":"BMP","Value":""},{"Key":"DOC","Value":""},{"Key":"TXT","Value":""},{"Key":"DOCX","Value":""},{"Key":"PPT","Value":""},{"Key":"XLS","Value":""},{"Key":"XLSX","Value":""}],"Title":"File Extension","Name":"FileExtensionEnum","OriginalName":"FileExtension","Description":"Document type.","BaseClass":null,"BaseClassLink":null,"ChildClassesLink":null,"LinkTo":"$m/FileExtension","StructureType":"Enum Type Name","ContainedTypesName":"Enum Constants","Example":{"Text":"JPEG","Language":null,"Type":"codeblock"},"Id":null,"Type":"enumreference"}],"PlaceholderId":null,"SuggestedLinkText":"File Extension","SuggestedLink":"$m/FileExtension","SuggestedLinkLevel":4,"LinkLabel":null,"HideFromNavigation":false,"Type":"section"},{"Title":"File Extension 1","Nodes":[{"Elements":[{"Key":"JPEG","Value":""},{"Key":"JPG","Value":""},{"Key":"GIF","Value":""},{"Key":"PDF","Value":""},{"Key":"PNG","Value":""},{"Key":"TIFF","Value":""},{"Key":"TIF","Value":""},{"Key":"BMP","Value":""},{"Key":"DOC","Value":""},{"Key":"TXT","Value":""},{"Key":"DOCX","Value":""},{"Key":"PPT","Value":""},{"Key":"XLS","Value":""},{"Key":"XLSX","Value":""}],"Title":"File Extension 1","Name":"FileExtension1Enum","OriginalName":"FileExtension1","Description":"Document type","BaseClass":null,"BaseClassLink":null,"ChildClassesLink":null,"LinkTo":"$m/FileExtension1","StructureType":"Enum Type Name","ContainedTypesName":"Enum Constants","Example":{"Text":"JPEG","Language":null,"Type":"codeblock"},"Id":null,"Type":"enumreference"}],"PlaceholderId":null,"SuggestedLinkText":"File Extension 1","SuggestedLink":"$m/FileExtension1","SuggestedLinkLevel":4,"LinkLabel":null,"HideFromNavigation":false,"Type":"section"}],"PlaceholderId":null,"SuggestedLinkText":"Enumerations","SuggestedLink":"$h/API%20Reference/__model_reference/Enumerations","SuggestedLinkLevel":3,"LinkLabel":null,"HideFromNavigation":false,"Type":"section"},{"Title":"Exceptions","Nodes":[{"Text":"* [Error Response]($m/ErrorResponse)","Type":"paragraph"},{"Title":"Error Response","Nodes":[{"Fields":[{"Name":"http_status_code","GenericName":"httpStatusCode","DataType":"Integer","Description":"-","Required":false,"LinkTo":"","Constant":false,"ParamType":null,"DataTypeMarkdown":null,"ContainerName":null,"ContainerKind":null,"Discriminator":null,"ReadOnly":false,"WriteOnly":false,"ContainerTypes":null,"TypeCombinatorTypes":null,"Getter":null,"Setter":null,"Type":"paraminfo"},{"Name":"http_status_message","GenericName":"httpStatusMessage","DataType":"String","Description":"-","Required":false,"LinkTo":"","Constant":false,"ParamType":null,"DataTypeMarkdown":null,"ContainerName":null,"ContainerKind":null,"Discriminator":null,"ReadOnly":false,"WriteOnly":false,"ContainerTypes":null,"TypeCombinatorTypes":null,"Getter":null,"Setter":null,"Type":"paraminfo"},{"Name":"errors","GenericName":"errors","DataType":"Array<Error>","Description":"-","Required":false,"LinkTo":"$m/Error","Constant":false,"ParamType":null,"DataTypeMarkdown":null,"ContainerName":null,"ContainerKind":null,"Discriminator":null,"ReadOnly":false,"WriteOnly":false,"ContainerTypes":null,"TypeCombinatorTypes":null,"Getter":null,"Setter":null,"Type":"paraminfo"}],"HasGetters":false,"HasSetters":false,"Title":"Error Response","Name":"ErrorResponseException","OriginalName":"ErrorResponse","Description":null,"BaseClass":null,"BaseClassLink":null,"ChildClassesLink":null,"LinkTo":"$m/ErrorResponse","StructureType":"Class Name","ContainedTypesName":"Fields","Example":{"Text":"{\r\n  \"httpStatusCode\": 404,\r\n  \"httpStatusMessage\": \"STATUS-MESSAGE\",\r\n  \"errors\": [\r\n    {\r\n      \"errorCode\": \"errorCode6\",\r\n      \"errorMessage\": \"errorMessage8\",\r\n      \"target\": \"target2\"\r\n    },\r\n    {\r\n      \"errorCode\": \"errorCode6\",\r\n      \"errorMessage\": \"errorMessage8\",\r\n      \"target\": \"target2\"\r\n    },\r\n    {\r\n      \"errorCode\": \"errorCode6\",\r\n      \"errorMessage\": \"errorMessage8\",\r\n      \"target\": \"target2\"\r\n    }\r\n  ]\r\n}","Language":"json","Type":"codeblock"},"Id":null,"Type":"structurereference"}],"PlaceholderId":null,"SuggestedLinkText":"Error Response","SuggestedLink":"$m/ErrorResponse","SuggestedLinkLevel":4,"LinkLabel":null,"HideFromNavigation":false,"Type":"section"}],"PlaceholderId":null,"SuggestedLinkText":"Exceptions","SuggestedLink":"$h/API%20Reference/__model_reference/Exceptions","SuggestedLinkLevel":3,"LinkLabel":null,"HideFromNavigation":false,"Type":"section"}],"PlaceholderId":"__model_reference","SuggestedLinkText":"Model Reference","SuggestedLink":"$h/__model_reference","SuggestedLinkLevel":2,"LinkLabel":null,"HideFromNavigation":false,"Type":"section"}],"PlaceholderId":null,"SuggestedLinkText":"API Reference","SuggestedLink":"$h/API%20Reference","SuggestedLinkLevel":1,"LinkLabel":null,"HideFromNavigation":false,"Type":"section"}],"Type":"document"}