{"WhiteLabel":false,"NavItems":[{"Text":"Getting Started","Link":"$h/Getting%20Started","SubItems":[{"Text":"How to Get Started","Link":"$h/__getting_started","SubItems":[{"Text":"Introduction","Link":"$h/__intro","SubItems":[{"Text":"Authentication","Link":"$h/Getting%20Started/__getting_started/__intro/Authentication","SubItems":[],"Label":null,"Skip":false,"IsExternal":false}],"Label":null,"Skip":true,"IsExternal":false},{"Text":"Building","Link":"$h/__how_to_build","SubItems":[{"Text":"Configuring CURL Certificate Path in php.ini","Link":"$h/Getting%20Started/__getting_started/__how_to_build/Configuring%20CURL%20Certificate%20Path%20in%20php.ini","SubItems":[],"Label":null,"Skip":true,"IsExternal":false}],"Label":null,"Skip":true,"IsExternal":false},{"Text":"Installation","Link":"$h/__how_to_use","SubItems":[],"Label":null,"Skip":true,"IsExternal":false},{"Text":"Environments","Link":"$h/__enviroments","SubItems":[],"Label":null,"Skip":true,"IsExternal":false},{"Text":"Initialize the API Client","Link":"$h/__initializing","SubItems":[],"Label":null,"Skip":true,"IsExternal":false},{"Text":"Authorization","Link":"$h/__authorize","SubItems":[{"Text":"api_key (Custom Header Signature)","Link":"$h/__auth_CustomHeaderAuthentication","SubItems":[],"Label":null,"Skip":true,"IsExternal":false}],"Label":null,"Skip":true,"IsExternal":false},{"Text":"Test the SDK","Link":"$h/__how_to_test","SubItems":[],"Label":null,"Skip":true,"IsExternal":false}],"Label":null,"Skip":false,"IsExternal":false},{"Text":"Authentication","Link":"page:introduction/authentication","SubItems":[],"Label":null,"Skip":false,"IsExternal":false},{"Text":"About the API","Link":"page:introduction/about-the-api","SubItems":[{"Text":"Tips and Best Practices","Link":"page:introduction/about-the-api/tips","SubItems":[],"Label":null,"Skip":false,"IsExternal":false},{"Text":"Data Types","Link":"page:introduction/about-the-api/data-types","SubItems":[],"Label":null,"Skip":false,"IsExternal":false}],"Label":null,"Skip":false,"IsExternal":false}],"Label":null,"Skip":false,"IsExternal":false},{"Text":"API Workflows Walkthroughs","Link":"$h/API%20Workflows%20Walkthroughs","SubItems":[{"Text":"API Workflow 1","Link":"page:walkthroughs/awf-1/walkthrough-1","SubItems":[],"Label":null,"Skip":false,"IsExternal":false},{"Text":"API Workflow 2","Link":"page:walkthroughs/awf-2/walkthrough-1","SubItems":[],"Label":null,"Skip":false,"IsExternal":false},{"Text":"API Workflow 3","Link":"page:walkthroughs/awf-3/walkthrough-1","SubItems":[],"Label":null,"Skip":false,"IsExternal":false}],"Label":null,"Skip":false,"IsExternal":false},{"Text":"API Reference","Link":"$h/API%20Reference","SubItems":[{"Text":"API Reference","Link":"$h/__api_reference","SubItems":[{"Text":"List of APIs","Link":"$h/__list_of_apis","SubItems":[],"Label":null,"Skip":false,"IsExternal":false},{"Text":"Manage Documents","Link":"$e/Manage%20Documents","SubItems":[{"Text":"Overview","Link":"$h/API%20Reference/__api_reference/Manage%20Documents/Overview","SubItems":[{"Text":"Get singleton instance","Link":"$h/API%20Reference/__api_reference/Manage%20Documents/Overview/Get%20singleton%20instance","SubItems":[],"Label":null,"Skip":true,"IsExternal":false}],"Label":"endpoint-group-overview","Skip":false,"IsExternal":false},{"Text":"Get Document","Link":"$e/Manage%20Documents/GetDocument","SubItems":[],"Label":"http-get","Skip":false,"IsExternal":false},{"Text":"Store Document","Link":"$e/Manage%20Documents/StoreDocument","SubItems":[],"Label":"http-post","Skip":false,"IsExternal":false},{"Text":"Get Document Metadata","Link":"$e/Manage%20Documents/GetDocumentMetadata","SubItems":[],"Label":"http-get","Skip":false,"IsExternal":false}],"Label":null,"Skip":false,"IsExternal":false}],"Label":null,"Skip":false,"IsExternal":false},{"Text":"Model Reference","Link":"$h/__model_reference","SubItems":[{"Text":"Structures","Link":"$h/API%20Reference/__model_reference/Structures","SubItems":[{"Text":"Document Request","Link":"$m/DocumentRequest","SubItems":[],"Label":null,"Skip":false,"IsExternal":false},{"Text":"Document Response","Link":"$m/DocumentResponse","SubItems":[],"Label":null,"Skip":false,"IsExternal":false},{"Text":"Document","Link":"$m/Document","SubItems":[],"Label":null,"Skip":false,"IsExternal":false},{"Text":"Document List Response","Link":"$m/DocumentListResponse","SubItems":[],"Label":null,"Skip":false,"IsExternal":false},{"Text":"Documents Meta Data","Link":"$m/DocumentsMetaData","SubItems":[],"Label":null,"Skip":false,"IsExternal":false},{"Text":"Error","Link":"$m/Error","SubItems":[],"Label":null,"Skip":false,"IsExternal":false}],"Label":null,"Skip":false,"IsExternal":false},{"Text":"Enumerations","Link":"$h/API%20Reference/__model_reference/Enumerations","SubItems":[{"Text":"Content-Type","Link":"$m/content-Type","SubItems":[],"Label":null,"Skip":false,"IsExternal":false},{"Text":"Document Category","Link":"$m/DocumentCategory","SubItems":[],"Label":null,"Skip":false,"IsExternal":false},{"Text":"Document Category 1","Link":"$m/DocumentCategory1","SubItems":[],"Label":null,"Skip":false,"IsExternal":false},{"Text":"File Extension","Link":"$m/FileExtension","SubItems":[],"Label":null,"Skip":false,"IsExternal":false},{"Text":"File Extension 1","Link":"$m/FileExtension1","SubItems":[],"Label":null,"Skip":false,"IsExternal":false}],"Label":null,"Skip":false,"IsExternal":false},{"Text":"Exceptions","Link":"$h/API%20Reference/__model_reference/Exceptions","SubItems":[{"Text":"Error Response","Link":"$m/ErrorResponse","SubItems":[],"Label":null,"Skip":false,"IsExternal":false}],"Label":null,"Skip":false,"IsExternal":false}],"Label":null,"Skip":false,"IsExternal":false}],"Label":null,"Skip":false,"IsExternal":false}],"DataModel":{"showFullCode":false,"skipSslCertVerification":null,"environment":null,"auth":{"api_key":{"Authorization":null}},"call":{"additionalQueryParams":null,"additionalFieldParams":null,"args":{}}},"DataModelSchema":{"type":"object","additionalProperties":false,"properties":{"showFullCode":{"title":"Show Complete File","description":"Show complete file for code, with bootstrap and error handling included.","type":"boolean"}},"required":["showFullCode"]},"ModelSchemas":{"Root":{"DocumentRequest":{"id":"DocumentRequest","title":"DocumentRequest","type":"object","properties":{"document":{"$ref":"ModelSchemas#/Root/Document"}}},"DocumentResponse":{"id":"DocumentResponse","title":"DocumentResponse","type":"object","properties":{"documentId":{"example":"6114","type":"string"}}},"Document":{"id":"Document","title":"Document","type":"object","properties":{"fileName":{"description":"Document name.","example":"Timothy Jones Drivers License","type":"string","maxLength":150},"fileExtension":{"$ref":"ModelSchemas#/Root/FileExtension"},"content":{"description":"Base 64 encoded binary string of docuement content. Maxium string length is 12MB.","example":"VGhpcyBpcyBUZXN0","type":"string","maxLength":12000000},"version":{"description":"Version of the document.","example":1,"type":"integer","format":"int32"},"uploadedBy":{"description":"Name of the user who uploaded the document. Maximum field length of 8 characters.","example":"Timothy","type":"string","minLength":1,"maxLength":8},"documentCategory":{"$ref":"ModelSchemas#/Root/DocumentCategory"}}},"DocumentListResponse":{"id":"DocumentListResponse","title":"DocumentListResponse","type":"object","properties":{"documents":{"description":"","type":"array","items":{"$ref":"ModelSchemas#/Root/DocumentsMetaData"}}}},"DocumentsMetaData":{"id":"DocumentsMetaData","title":"DocumentsMetaData","type":"object","properties":{"documentId":{"description":"Unique ID for the stored document.","example":"861","type":"string"},"fileName":{"description":"Document name","example":"Timothy Jones Drivers License","type":"string","maxLength":150,"pattern":"^$|^[0-9A-Za-z_\\-(),.\\s]{1,150}$"},"fileExtension":{"$ref":"ModelSchemas#/Root/FileExtension1"},"version":{"description":"Document version","example":1,"type":"integer","format":"int32"},"uploadedBy":{"description":"Who uploaded the document? Maximum field length of 8 characters.","example":"Timothy","type":"string","minLength":1,"maxLength":8},"documentCategory":{"$ref":"ModelSchemas#/Root/DocumentCategory1"}}},"ErrorResponse":{"id":"ErrorResponse","title":"ErrorResponse","type":"object","properties":{"httpStatusCode":{"example":404,"type":"integer","format":"int32"},"httpStatusMessage":{"example":"STATUS-MESSAGE","type":"string"},"errors":{"description":"","type":"array","items":{"$ref":"ModelSchemas#/Root/Error"}}}},"Error":{"id":"Error","title":"Error","type":"object","properties":{"errorCode":{"example":"ERROR_CODE","type":"string"},"errorMessage":{"example":"Error message here.","type":"string"},"target":{"example":"Target","type":"string"}}},"content-Type":{"title":"content-Type","x-enum-elements":[{"name":"Enum_applicationjson","description":""}],"type":"string","additionalProperties":false,"enum":["application/json"]},"DocumentCategory":{"title":"DocumentCategory","description":"Document category","example":"DRIVERS LICENSE","x-enum-elements":[{"name":"Enum_DRIVERS LICENSE","description":""},{"name":"Enum_TERMINAL LEASE","description":""},{"name":"PASSPORT","description":""},{"name":"UNKNOWN","description":""},{"name":"Enum_VOIDED CHECK","description":""}],"type":"string","additionalProperties":false,"enum":["DRIVERS LICENSE","TERMINAL LEASE","PASSPORT","UNKNOWN","VOIDED CHECK"]},"DocumentCategory1":{"title":"DocumentCategory1","description":"Document category.","x-enum-elements":[{"name":"Enum_DRIVERS LICENSE","description":""},{"name":"Enum_TERMINAL LEASE","description":""},{"name":"PASSPORT","description":""},{"name":"UNKNOWN","description":""},{"name":"Enum_VOIDED CHECK","description":""}],"type":"string","additionalProperties":false,"enum":["DRIVERS LICENSE","TERMINAL LEASE","PASSPORT","UNKNOWN","VOIDED CHECK"]},"FileExtension":{"title":"FileExtension","description":"Document type.","example":"JPEG","x-enum-elements":[{"name":"JPEG","description":""},{"name":"JPG","description":""},{"name":"GIF","description":""},{"name":"PDF","description":""},{"name":"PNG","description":""},{"name":"TIFF","description":""},{"name":"TIF","description":""},{"name":"BMP","description":""},{"name":"DOC","description":""},{"name":"TXT","description":""},{"name":"DOCX","description":""},{"name":"PPT","description":""},{"name":"XLS","description":""},{"name":"XLSX","description":""}],"type":"string","additionalProperties":false,"enum":["JPEG","JPG","GIF","PDF","PNG","TIFF","TIF","BMP","DOC","TXT","DOCX","PPT","XLS","XLSX"]},"FileExtension1":{"title":"FileExtension1","description":"Document type","example":"JPEG","x-enum-elements":[{"name":"JPEG","description":""},{"name":"JPG","description":""},{"name":"GIF","description":""},{"name":"PDF","description":""},{"name":"PNG","description":""},{"name":"TIFF","description":""},{"name":"TIF","description":""},{"name":"BMP","description":""},{"name":"DOC","description":""},{"name":"TXT","description":""},{"name":"DOCX","description":""},{"name":"PPT","description":""},{"name":"XLS","description":""},{"name":"XLSX","description":""}],"type":"string","additionalProperties":false,"enum":["JPEG","JPG","GIF","PDF","PNG","TIFF","TIF","BMP","DOC","TXT","DOCX","PPT","XLS","XLSX"]}},"AuthRoot":{"api_key":{"title":"Custom Header Signature","description":"Set authorization parameters for api_key","type":"object","additionalProperties":false,"properties":{"Authorization":{"description":"``` License format is WORLDPAY license='xxxx'```","type":"string","format":"password"}},"required":["Authorization"]}}},"PublishedPackage":{"Provider":null,"Name":null,"Version":null,"Link":null,"SourceLink":null,"InstallCommand":null,"InstallHeadingLink":null},"AuthHttpCallTemplate":null,"ApiAuthentication":null,"PartialTemplates":{"customheaderauthenticationcredentials__authmodel":"{% assign customheaderauthenticationcredentialsAuthmodel_import = true %}CustomHeaderAuthenticationCredentialsBuilder::init(\n{{indent}}    {% if field[\"Authorization\"] != nil %}'{{ field[\"Authorization\"] | replace: \"\\\\\", \"\\\\\\\\\" | replace: \"'\", \"\\\\'\" | replace: \"\\t\", \"    \" }}'{% else %}''{% endif %}\n{{indent}}){% capture indent %}{{indent}}    {% endcapture %}{% assign _buildOnNewLine = false %}","documentrequest":"{% assign documentrequest_import = true %}DocumentRequestBuilder::init(){% capture indent %}{{indent}}    {% endcapture %}{% assign _buildOnNewLine = false %}{% if field[\"document\"] != nil %}{% assign _buildOnNewLine = true %}\n{{indent}}->document(\n{{indent}}    {% if field[\"document\"] != nil %}{% capture newIndent %}{{indent}}    {% endcapture %}{% render 'document', field: field[\"document\"], indent: newIndent, showFullCode: showFullCode %}{% endif %}\n{{indent}}){% endif %}{% if _buildOnNewLine %}\n{{indent}}{% endif %}->build()","document":"{% assign document_import = true %}DocumentBuilder::init(){% capture indent %}{{indent}}    {% endcapture %}{% assign _buildOnNewLine = false %}{% if field[\"fileName\"] != nil %}{% assign _buildOnNewLine = true %}\n{{indent}}->fileName({% if field[\"fileName\"] != nil %}'{{ field[\"fileName\"] | replace: \"\\\\\", \"\\\\\\\\\" | replace: \"'\", \"\\\\'\" | replace: \"\\t\", \"    \" }}'{% endif %}){% endif %}{% if field[\"fileExtension\"] != nil %}{% assign _buildOnNewLine = true %}\n{{indent}}->fileExtension({% if field[\"fileExtension\"] != nil %}{% assign fileextension_import = true %}{% case field[\"fileExtension\"] %}{% when 'JPEG' %}FileExtensionEnum::JPEG{% when 'JPG' %}FileExtensionEnum::JPG{% when 'GIF' %}FileExtensionEnum::GIF{% when 'PDF' %}FileExtensionEnum::PDF{% when 'PNG' %}FileExtensionEnum::PNG{% when 'TIFF' %}FileExtensionEnum::TIFF{% when 'TIF' %}FileExtensionEnum::TIF{% when 'BMP' %}FileExtensionEnum::BMP{% when 'DOC' %}FileExtensionEnum::DOC{% when 'TXT' %}FileExtensionEnum::TXT{% when 'DOCX' %}FileExtensionEnum::DOCX{% when 'PPT' %}FileExtensionEnum::PPT{% when 'XLS' %}FileExtensionEnum::XLS{% when 'XLSX' %}FileExtensionEnum::XLSX{% else %}envrr{% endcase %}{% endif %}){% endif %}{% if field[\"content\"] != nil %}{% assign _buildOnNewLine = true %}\n{{indent}}->content({% if field[\"content\"] != nil %}'{{ field[\"content\"] | replace: \"\\\\\", \"\\\\\\\\\" | replace: \"'\", \"\\\\'\" | replace: \"\\t\", \"    \" }}'{% endif %}){% endif %}{% if field[\"version\"] != nil %}{% assign _buildOnNewLine = true %}\n{{indent}}->version({% if field[\"version\"] != nil %}{{ field[\"version\"] }}{% endif %}){% endif %}{% if field[\"uploadedBy\"] != nil %}{% assign _buildOnNewLine = true %}\n{{indent}}->uploadedBy({% if field[\"uploadedBy\"] != nil %}'{{ field[\"uploadedBy\"] | replace: \"\\\\\", \"\\\\\\\\\" | replace: \"'\", \"\\\\'\" | replace: \"\\t\", \"    \" }}'{% endif %}){% endif %}{% if field[\"documentCategory\"] != nil %}{% assign _buildOnNewLine = true %}\n{{indent}}->documentCategory({% if field[\"documentCategory\"] != nil %}{% assign documentcategory_import = true %}{% case field[\"documentCategory\"] %}{% when 'DRIVERS LICENSE' %}DocumentCategoryEnum::ENUM_DRIVERS_LICENSE{% when 'TERMINAL LEASE' %}DocumentCategoryEnum::ENUM_TERMINAL_LEASE{% when 'PASSPORT' %}DocumentCategoryEnum::PASSPORT{% when 'UNKNOWN' %}DocumentCategoryEnum::UNKNOWN{% when 'VOIDED CHECK' %}DocumentCategoryEnum::ENUM_VOIDED_CHECK{% else %}envrr{% endcase %}{% endif %}){% endif %}{% if _buildOnNewLine %}\n{{indent}}{% endif %}->build()"},"KnownLinkPrefixes":["page"],"Version":"1.0.0","Title":"Getting Started with Launchpad Documents API","Sections":[{"Title":"Getting Started","Nodes":[{"Title":"How to Get Started","Nodes":[{"Title":"Introduction","Nodes":[{"Text":"The Documents API permits Worldpay partners to manage boarding documents. Please see the Getting Started page for more information. </br> </br> <b>NOTE: This can only be used in conjuction with Merchant Boarding API.</b>\n</br> </br> To contact our certifications team, please email <a href=\"mailto:Certification2@fisglobal.com\">Certification2@fisglobal.com</a>.   </br> To contact the product team, please email <a href=\"mailto:APICustomerIntegration@fisglobal.com\">APICustomerIntegration@fisglobal.com</a>.\n\n","Type":"paragraph"},{"Title":"Authentication","Nodes":[{"Text":"<SecurityDefinitions />\n","Type":"paragraph"}],"PlaceholderId":null,"SuggestedLinkText":"Authentication","SuggestedLink":"$h/Getting%20Started/__getting_started/__intro/Authentication","SuggestedLinkLevel":4,"LinkLabel":null,"HideFromNavigation":false,"Type":"section"}],"PlaceholderId":"__intro","SuggestedLinkText":"Introduction","SuggestedLink":"$h/__intro","SuggestedLinkLevel":3,"LinkLabel":null,"HideFromNavigation":true,"Type":"section"},{"Title":"Building","Nodes":[{"Text":"The generated code has dependencies over external libraries like UniRest and JsonMapper. JsonMapper requires docblock annotations like `@var`, `@maps`, and `@factory` to map JSON responses with our class definitions. Hence the docblocks in generated code cannot be disabled by deactivating the PHP configurations like `opcache.save_comments`. These dependencies are defined in the `composer.json` file that comes with the SDK. To resolve these dependencies, we use the Composer package manager which requires PHP greater than or equal to 7.2 installed in your system. Visit [https://getcomposer.org/download/](https://getcomposer.org/download/) to download the installer file for Composer and run it in your system. Open command prompt and type `composer --version`. This should display the current version of the Composer installed if the installation was successful.","Type":"paragraph"},{"Text":"* Using command line, navigate to the directory containing the generated files (including `composer.json`) for the SDK. \n* Run the command `composer install`. This should install all the required dependencies and create the `vendor` directory in your project directory.","Type":"paragraph"},{"Url":"/static/images/PHP_GENERIC_LIB_V2/file0.svg","AlterateText":"Building SDK - Step 1","Type":"image"},{"Title":"Configuring CURL Certificate Path in php.ini","Nodes":[{"Title":"Note","Body":"This is for Windows users only.","CalloutType":0,"Type":"callout"},{"Text":"CURL used to include a list of accepted CAs, but no longer bundles ANY CA certs. So by default it will reject all SSL certificates as unverifiable. You will have to get your CA's cert and point curl at it. The steps are as follows:","Type":"paragraph"},{"Text":"1. Download the certificate bundle (.pem file) from [https://curl.haxx.se/docs/caextract.html](https://curl.haxx.se/docs/caextract.html) on to your system.\n2. Add curl.cainfo = \"PATH_TO/cacert.pem\" to your php.ini file located in your php installation. “PATH_TO” must be an absolute path containing the .pem file.","Type":"paragraph"},{"Text":"[curl]; A default value for the CURLOPT_CAINFO option. This is required to be an\n; absolute path.\ncurl.cainfo = PATH_TO/cacert.pem","Language":null,"Type":"codeblock"}],"PlaceholderId":null,"SuggestedLinkText":"Configuring CURL Certificate Path in php.ini","SuggestedLink":"$h/Getting%20Started/__getting_started/__how_to_build/Configuring%20CURL%20Certificate%20Path%20in%20php.ini","SuggestedLinkLevel":4,"LinkLabel":null,"HideFromNavigation":true,"Type":"section"}],"PlaceholderId":"__how_to_build","SuggestedLinkText":"Building","SuggestedLink":"$h/__how_to_build","SuggestedLinkLevel":3,"LinkLabel":null,"HideFromNavigation":true,"Type":"section"},{"Title":"Installation","Nodes":[{"Text":"The following section explains how to use the LaunchpadDocumentsAPILib library in a new project.","Type":"paragraph"},{"Steps":[{"Nodes":[{"Text":"Open an IDE for PHP like PhpStorm. The basic workflow presented here is also applicable if you prefer using a different editor or IDE.","Type":"paragraph"},{"Url":"/static/images/PHP_GENERIC_LIB_V2/file1.svg","AlterateText":"Open project in PHPStorm - Step 1","Type":"image"},{"Text":"Click on `Open` in PhpStorm to browse to your generated SDK directory and then click `OK`.","Type":"paragraph"},{"Url":"/static/images/PHP_GENERIC_LIB_V2/file2.svg","AlterateText":"Open project in PHPStorm - Step 2","Type":"image"}],"SuggestedLinkLevel":4,"Title":"Open Project in an IDE","Type":"step"},{"Nodes":[{"Text":"Create a new directory by right clicking on the solution name as shown below:","Type":"paragraph"},{"Url":"/static/images/PHP_GENERIC_LIB_V2/file3.svg","AlterateText":"Add a new project in PHPStorm - Step 1","Type":"image"},{"Text":"Name the directory as \"test\".","Type":"paragraph"},{"Url":"/static/images/PHP_GENERIC_LIB_V2/file4.svg","AlterateText":"Add a new project in PHPStorm - Step 2","Type":"image"},{"Text":"Add a PHP file to this project.","Type":"paragraph"},{"Url":"/static/images/PHP_GENERIC_LIB_V2/file5.svg","AlterateText":"Add a new project in PHPStorm - Step 3","Type":"image"},{"Text":"Name it \"testSDK\".","Type":"paragraph"},{"Url":"/static/images/PHP_GENERIC_LIB_V2/file6.svg","AlterateText":"Add a new project in PHPStorm - Step 4","Type":"image"},{"Text":"Depending on your project setup, you might need to include composer's autoloader in your PHP code to enable auto loading of classes.","Type":"paragraph"},{"Text":"require_once \"vendor/autoload.php\";","Language":"php","Type":"codeblock"},{"Text":"It is important that the path inside require_once correctly points to the file `autoload.php` inside the vendor directory created during dependency installations.","Type":"paragraph"},{"Url":"/static/images/PHP_GENERIC_LIB_V2/file7.svg","AlterateText":"Add a new project in PHPStorm - Step 5","Type":"image"},{"Text":"After this you can add code to initialize the client library and acquire the instance of a Controller class. Sample code to initialize the client library and use the Controller methods is given in the subsequent sections.","Type":"paragraph"}],"SuggestedLinkLevel":4,"Title":"Add a new Test Project","Type":"step"},{"Nodes":[{"Text":"To run your project you must set the Interpreter for your project. Interpreter is the PHP engine installed on your computer.","Type":"paragraph"},{"Text":"Open `Settings` from `File` menu.","Type":"paragraph"},{"Url":"/static/images/PHP_GENERIC_LIB_V2/file8.svg","AlterateText":"Run Test Project - Step 1","Type":"image"},{"Text":"Select `PHP` from within `Languages & Frameworks`.","Type":"paragraph"},{"Url":"/static/images/PHP_GENERIC_LIB_V2/file9.svg","AlterateText":"Run Test Project - Step 2","Type":"image"},{"Text":"Browse for Interpreters near the `Interpreter` option and choose your interpreter.","Type":"paragraph"},{"Url":"/static/images/PHP_GENERIC_LIB_V2/file10.svg","AlterateText":"Run Test Project - Step 3","Type":"image"},{"Text":"Once the interpreter is selected, click `OK`.","Type":"paragraph"},{"Url":"/static/images/PHP_GENERIC_LIB_V2/file11.svg","AlterateText":"Run Test Project - Step 4","Type":"image"},{"Text":"To run your project, right click on your PHP file inside your Test project and click on `Run`.","Type":"paragraph"},{"Url":"/static/images/PHP_GENERIC_LIB_V2/file12.svg","AlterateText":"Run Test Project - Step 5","Type":"image"}],"SuggestedLinkLevel":4,"Title":"Run the Test Project","Type":"step"}],"Type":"steppedguide"}],"PlaceholderId":"__how_to_use","SuggestedLinkText":"Installation","SuggestedLink":"$h/__how_to_use","SuggestedLinkLevel":3,"LinkLabel":null,"HideFromNavigation":true,"Type":"section"},{"Title":"Environments","Nodes":[],"PlaceholderId":"__enviroments","SuggestedLinkText":"Environments","SuggestedLink":"$h/__enviroments","SuggestedLinkLevel":3,"LinkLabel":null,"HideFromNavigation":true,"Type":"section"},{"Title":"Initialize the API Client","Nodes":[{"Text":"The following parameters are configurable for the API Client:","Type":"paragraph"},{"Header":{"Data":["Parameter","Type","Description"],"Type":"tablerow"},"Rows":[{"Data":["`timeout`","`int`","Timeout for API calls in seconds.<br>*Default*: `0`"],"Type":"tablerow"},{"Data":["`enableRetries`","`bool`","Whether to enable retries and backoff feature.<br>*Default*: `false`"],"Type":"tablerow"},{"Data":["`numberOfRetries`","`int`","The number of retries to make.<br>*Default*: `0`"],"Type":"tablerow"},{"Data":["`retryInterval`","`float`","The retry time interval between the endpoint calls.<br>*Default*: `1`"],"Type":"tablerow"},{"Data":["`backOffFactor`","`float`","Exponential backoff factor to increase interval between retries.<br>*Default*: `2`"],"Type":"tablerow"},{"Data":["`maximumRetryWaitTime`","`int`","The maximum wait time in seconds for overall retrying requests.<br>*Default*: `0`"],"Type":"tablerow"},{"Data":["`retryOnTimeout`","`bool`","Whether to retry on request timeout.<br>*Default*: `true`"],"Type":"tablerow"},{"Data":["`httpStatusCodesToRetry`","`array`","Http status codes to retry against.<br>*Default*: `408, 413, 429, 500, 502, 503, 504, 521, 522, 524, 408, 413, 429, 500, 502, 503, 504, 521, 522, 524`"],"Type":"tablerow"},{"Data":["`httpMethodsToRetry`","`array`","Http methods to retry against.<br>*Default*: `'GET', 'PUT', 'GET', 'PUT'`"],"Type":"tablerow"},{"Data":["`customHeaderAuthenticationCredentials`","[`CustomHeaderAuthenticationCredentials`]($h/__auth_CustomHeaderAuthentication)","The Credentials Setter for Custom Header Signature"],"Type":"tablerow"}],"Type":"table"},{"Text":"The API client can be initialized as follows:","Type":"paragraph"},{"Text":"$client = LaunchpadDocumentsAPIClientBuilder::init()\n    ->customHeaderAuthenticationCredentials(\n        CustomHeaderAuthenticationCredentialsBuilder::init(\n            'Authorization'\n        )\n    )\n    ->build();\n\n","Language":"php","Type":"codeblock"}],"PlaceholderId":"__initializing","SuggestedLinkText":"Initialize the API Client","SuggestedLink":"$h/__initializing","SuggestedLinkLevel":3,"LinkLabel":null,"HideFromNavigation":true,"Type":"section"},{"Title":"Authorization","Nodes":[{"Text":"This API uses the following authentication schemes.\n* [`api_key (Custom Header Signature)`]($h/__auth_CustomHeaderAuthentication)","Type":"paragraph"},{"Title":"api_key (Custom Header Signature)","Nodes":[{"Steps":[{"Nodes":[{"Text":"Documentation for accessing and setting credentials for api_key.","Type":"paragraph"}],"SuggestedLinkLevel":5,"Title":null,"Type":"step"},{"Nodes":[{"Header":{"Data":["Name","Type","Description","Setter","Getter"],"Type":"tablerow"},"Rows":[{"Data":["Authorization","```string```","``` License format is WORLDPAY license='xxxx'```","```authorization```","```getAuthorization()```"],"Type":"tablerow"}],"Type":"table"}],"SuggestedLinkLevel":5,"Title":"Auth Credentials","Type":"step"},{"Nodes":[{"Text":"**Note:** Auth credentials can be set using `CustomHeaderAuthenticationCredentialsBuilder::init()` in `customHeaderAuthenticationCredentials` method in the client builder and accessed through `getCustomHeaderAuthenticationCredentials` method in the client instance.","Type":"paragraph"}],"SuggestedLinkLevel":5,"Title":null,"Type":"step"},{"Nodes":[{"Steps":[{"Nodes":[{"Text":"You must provide credentials in the client as shown in the following code snippet.","Type":"paragraph"},{"Text":"$client = LaunchpadDocumentsAPIClientBuilder::init()\n    ->customHeaderAuthenticationCredentials(\n        CustomHeaderAuthenticationCredentialsBuilder::init(\n            'Authorization'\n        )\n    )\n    ->build();\n\n","Language":"php","Type":"codeblock"}],"SuggestedLinkLevel":6,"Title":"Client Initialization","Type":"step"}],"Type":"steppedguide"}],"SuggestedLinkLevel":5,"Title":"Usage Example","Type":"step"}],"Type":"steppedguide"}],"PlaceholderId":"__auth_CustomHeaderAuthentication","SuggestedLinkText":"api_key (Custom Header Signature)","SuggestedLink":"$h/__auth_CustomHeaderAuthentication","SuggestedLinkLevel":4,"LinkLabel":null,"HideFromNavigation":true,"Type":"section"}],"PlaceholderId":"__authorize","SuggestedLinkText":"Authorization","SuggestedLink":"$h/__authorize","SuggestedLinkLevel":3,"LinkLabel":null,"HideFromNavigation":true,"Type":"section"},{"Title":"Test the SDK","Nodes":[{"Text":"Unit tests in this SDK can be run using PHPUnit.","Type":"paragraph"},{"Text":"1. First install the dependencies using composer including the `require-dev` dependencies.\n2. Run `vendor\\bin\\phpunit --verbose` from commandline to execute tests. If you have installed PHPUnit globally, run tests using `phpunit --verbose` instead.","Type":"paragraph"},{"Text":"You can change the PHPUnit test configuration in the `phpunit.xml` file.","Type":"paragraph"}],"PlaceholderId":"__how_to_test","SuggestedLinkText":"Test the SDK","SuggestedLink":"$h/__how_to_test","SuggestedLinkLevel":3,"LinkLabel":null,"HideFromNavigation":true,"Type":"section"}],"PlaceholderId":"__getting_started","SuggestedLinkText":"How to Get Started","SuggestedLink":"$h/__getting_started","SuggestedLinkLevel":2,"LinkLabel":null,"HideFromNavigation":false,"Type":"section"},{"Title":"Authentication","Nodes":[{"Text":"Learn how to use API authentication.\n\n","Type":"paragraph"}],"PlaceholderId":null,"SuggestedLinkText":"Authentication","SuggestedLink":"page:introduction/authentication","SuggestedLinkLevel":2,"LinkLabel":null,"HideFromNavigation":false,"Type":"section"},{"Title":"About the API","Nodes":[{"Title":"Tips and Best Practices","Nodes":[{"Text":"These are the tips.\n\n","Type":"paragraph"}],"PlaceholderId":null,"SuggestedLinkText":"Tips and Best Practices","SuggestedLink":"page:introduction/about-the-api/tips","SuggestedLinkLevel":3,"LinkLabel":null,"HideFromNavigation":false,"Type":"section"},{"Title":"Data Types","Nodes":[{"Text":"These are the data types.\n\n","Type":"paragraph"}],"PlaceholderId":null,"SuggestedLinkText":"Data Types","SuggestedLink":"page:introduction/about-the-api/data-types","SuggestedLinkLevel":3,"LinkLabel":null,"HideFromNavigation":false,"Type":"section"}],"PlaceholderId":null,"SuggestedLinkText":"About the API","SuggestedLink":"page:introduction/about-the-api","SuggestedLinkLevel":2,"LinkLabel":null,"HideFromNavigation":false,"Type":"section"}],"PlaceholderId":null,"SuggestedLinkText":"Getting Started","SuggestedLink":"$h/Getting%20Started","SuggestedLinkLevel":1,"LinkLabel":null,"HideFromNavigation":false,"Type":"section"},{"Title":"API Workflows Walkthroughs","Nodes":[{"Title":"This is a Guided Walkthrough File","Nodes":[{"Text":"This is the starter content\n\n","Type":"paragraph"}],"PlaceholderId":null,"SuggestedLinkText":"API Workflow 1","SuggestedLink":"page:walkthroughs/awf-1/walkthrough-1","SuggestedLinkLevel":2,"LinkLabel":null,"HideFromNavigation":false,"Type":"section"},{"Title":"This is a Guided Walkthrough File","Nodes":[{"Text":"This is the starter content\n\n","Type":"paragraph"}],"PlaceholderId":null,"SuggestedLinkText":"API Workflow 2","SuggestedLink":"page:walkthroughs/awf-2/walkthrough-1","SuggestedLinkLevel":2,"LinkLabel":null,"HideFromNavigation":false,"Type":"section"},{"Title":"This is a Guided Walkthrough File","Nodes":[{"Text":"This is the starter content\n\n","Type":"paragraph"}],"PlaceholderId":null,"SuggestedLinkText":"API Workflow 3","SuggestedLink":"page:walkthroughs/awf-3/walkthrough-1","SuggestedLinkLevel":2,"LinkLabel":null,"HideFromNavigation":false,"Type":"section"}],"PlaceholderId":null,"SuggestedLinkText":"API Workflows Walkthroughs","SuggestedLink":"$h/API%20Workflows%20Walkthroughs","SuggestedLinkLevel":1,"LinkLabel":null,"HideFromNavigation":false,"Type":"section"},{"Title":"API Reference","Nodes":[{"Title":"API Reference","Nodes":[{"Title":"List of APIs","Nodes":[{"Text":"* [Manage Documents]($e/Manage%20Documents)","Type":"paragraph"}],"PlaceholderId":null,"SuggestedLinkText":"List of APIs","SuggestedLink":"$h/__list_of_apis","SuggestedLinkLevel":3,"LinkLabel":null,"HideFromNavigation":false,"Type":"section"},{"Title":"Manage Documents","Nodes":[{"Title":"Overview","Nodes":[{"Text":"Resources to store and retrieve contract-specific documents.","Type":"paragraph"},{"Title":"Get singleton instance","Nodes":[{"Text":"The singleton instance of the `ManageDocumentsController` class can be accessed from the API Client.","Type":"paragraph"},{"Text":"$manageDocumentsController = $client->getManageDocumentsController();","Language":null,"Type":"codeblock"}],"PlaceholderId":null,"SuggestedLinkText":"Get singleton instance","SuggestedLink":"$h/API%20Reference/__api_reference/Manage%20Documents/Overview/Get%20singleton%20instance","SuggestedLinkLevel":5,"LinkLabel":null,"HideFromNavigation":true,"Type":"section"}],"PlaceholderId":null,"SuggestedLinkText":"Overview","SuggestedLink":"$h/API%20Reference/__api_reference/Manage%20Documents/Overview","SuggestedLinkLevel":4,"LinkLabel":"endpoint-group-overview","HideFromNavigation":false,"Type":"section"},{"Title":"Get Document","Nodes":[{"Title":"Get Document","Name":"getDocument","Description":"Returns document-specific contents tied to the given External Reference ID.\n\r\n","ReturnType":"Document","ReturnTypeLink":"$m/Document","ResponseText":null,"ReturnTypeExample":null,"AuthDescription":"This endpoint requires [api_key]($h/__auth_CustomHeaderAuthentication)","RequiredAuths":[["api_key"]],"AuthModelSchema":{"title":"api_key","type":"object","properties":{"api_key":{"$ref":"ModelSchemas#/AuthRoot/api_key"}},"required":["api_key"]},"MethodSignature":{"Text":"function getDocument(string $externalRefId, string $documentId, ?string $vCorrelationId = null): Document","Language":"php","Type":"codeblock"},"Parameters":[{"Name":"externalRefId","GenericName":"externalRefId","DataType":"string","Description":"The externalRefId returned from POST /applications call.","Required":true,"LinkTo":"","Constant":false,"ParamType":"Header","DataTypeMarkdown":null,"ContainerName":null,"ContainerKind":null,"Discriminator":null,"ReadOnly":false,"WriteOnly":false,"ContainerTypes":null,"TypeCombinatorTypes":null,"Getter":null,"Setter":null,"Type":"paraminfo"},{"Name":"documentId","GenericName":"documentId","DataType":"string","Description":"A unique document ID returned from the Store Documents POST call.","Required":true,"LinkTo":"","Constant":false,"ParamType":"Header","DataTypeMarkdown":null,"ContainerName":null,"ContainerKind":null,"Discriminator":null,"ReadOnly":false,"WriteOnly":false,"ContainerTypes":null,"TypeCombinatorTypes":null,"Getter":null,"Setter":null,"Type":"paraminfo"},{"Name":"vCorrelationId","GenericName":"v-correlation-id","DataType":"?string","Description":"Unique transaction Id. Will be generated if not provided and returned in response headers.","Required":false,"LinkTo":"","Constant":false,"ParamType":"Header","DataTypeMarkdown":null,"ContainerName":null,"ContainerKind":null,"Discriminator":null,"ReadOnly":false,"WriteOnly":false,"ContainerTypes":null,"TypeCombinatorTypes":null,"Getter":null,"Setter":null,"Type":"paraminfo"}],"RequiredAuthScopes":{},"Errors":[{"Name":"ErrorResponseException","StatusCode":"Default","Description":"Default errors","LinkTo":"$m/ErrorResponse","Type":"errorinfo"}],"StaticUsageExample":null,"UsageExample":{"EndpointGroupName":"Manage Documents","EndpointName":"GetDocument","Index":0,"CallModel":{"additionalQueryParams":null,"additionalFieldParams":null,"args":{"externalRefId":"3fcb1437-4e52-4946-9ae1-e618351b6d16","documentId":"documentId8","v-correlation-id":"3fcb1437-4e52-4946-9ae1-e618351b6d16"}},"CallModelSchema":{"title":"Endpoint Arguments","type":"object","additionalProperties":false,"properties":{"args":{"id":"endpoint_7C26ABBCDB1F9","title":"endpoint_7C26ABBCDB1F9","type":"object","properties":{"externalRefId":{"description":"The externalRefId returned from POST /applications call.","example":"3fcb1437-4e52-4946-9ae1-e618351b6d16","type":"string","format":"uuid"},"documentId":{"description":"A unique document ID returned from the Store Documents POST call.","type":"string"},"v-correlation-id":{"description":"Unique transaction Id. Will be generated if not provided and returned in response headers.","example":"3fcb1437-4e52-4946-9ae1-e618351b6d16","type":"string","format":"uuid"}},"required":["externalRefId","documentId"]}},"required":["args"]},"HttpCallTemplate":"{\"method\":\"GET\",\"url\":\"https://apis.cert.worldpay.com/merchant-boarding/v1/documents{% capture inline_query_capture_876234 %}{% endcapture %}{% if inline_query_capture_876234.size > 0 %}?{% endif %}{{ inline_query_capture_876234 | remove_first:'&' }}\",\"headers\":{% capture header_capture_9023987234 %},\"Accept\":\"application/json\",\"externalRefId\":{{ call[\"args\"][\"externalRefId\"] | unwrap | json: false }},\"documentId\":{{ call[\"args\"][\"documentId\"] | json: false }}{% if call[\"args\"][\"v-correlation-id\"] != nil %},\"v-correlation-id\":{{ call[\"args\"][\"v-correlation-id\"] | unwrap | json: false }}{% endif %}{% if auth[\"api_key\"][\"Authorization\"] != nil %},\"Authorization\":{{ auth[\"api_key\"][\"Authorization\"] | json: false }}{% endif %}{% endcapture %}{{ '{' }}{{ header_capture_9023987234 | remove_first:',' }}},\"body\":{{ '{' }}\"type\":\"none\"}}","Templates":{"PHP_GENERIC_LIB_V2":"{% assign customheaderauthenticationcredentialsAuthmodel_import = false %}{% assign api_key_any_req_auth_params = false %}{% assign api_key_any_auth_params = false %}{% capture manageDocuments_getDocument %}$externalRefId = {% if call[\"args\"][\"externalRefId\"] != nil %}'{{ call[\"args\"][\"externalRefId\"] | replace: \"\\\\\", \"\\\\\\\\\" | replace: \"'\", \"\\\\'\" | replace: \"\\t\", \"    \" }}'{% else %}''{% endif %};\n\n$documentId = {% if call[\"args\"][\"documentId\"] != nil %}'{{ call[\"args\"][\"documentId\"] | replace: \"\\\\\", \"\\\\\\\\\" | replace: \"'\", \"\\\\'\" | replace: \"\\t\", \"    \" }}'{% else %}''{% endif %};\n\n{% if call[\"args\"][\"v-correlation-id\"] != nil %}$vCorrelationId = '{{ call[\"args\"][\"v-correlation-id\"] | replace: \"\\\\\", \"\\\\\\\\\" | replace: \"'\", \"\\\\'\" | replace: \"\\t\", \"    \" }}';\n\n{% endif %}{% if showFullCode %}{% assign _multiline = false %}$client = LaunchpadDocumentsAPIClientBuilder::init(){% assign api_key_any_req_auth_params = false %}{% assign api_key_any_auth_params = false %}{% if auth[\"api_key\"][\"Authorization\"] != nil and auth[\"api_key\"][\"Authorization\"].size > 0 %}{% assign api_key_any_auth_params = true %}{% assign api_key_any_req_auth_params = true %}{% endif %}{% if api_key_any_auth_params %}{% assign _multiline = true %}\n    ->customHeaderAuthenticationCredentials(\n        {% capture indent %}    {% endcapture %}{% if auth[\"api_key\"] != nil %}{% capture newIndent %}{{indent}}    {% endcapture %}{% render 'customheaderauthenticationcredentials__authmodel', field: auth[\"api_key\"], indent: newIndent, showFullCode: showFullCode %}{% endif %}\n    ){% endif %}{% if _multiline %}\n    {% endif %}->build();\n\n{% endif %}{% if showFullCode %}try {\n    {% endif %}$result = {% capture endpoint_params %}{% endcapture %}{% capture endpoint_params %}{% if endpoint_params.size == 0 %}$externalRefId{% else %}{{endpoint_params}}<$>$externalRefId{% endif %}{% endcapture %}{% capture endpoint_params %}{% if endpoint_params.size == 0 %}$documentId{% else %}{{endpoint_params}}<$>$documentId{% endif %}{% endcapture %}{% if call[\"args\"][\"v-correlation-id\"] != nil %}{% capture endpoint_params %}{% if endpoint_params.size == 0 %}$vCorrelationId{% else %}{{endpoint_params}}<$>$vCorrelationId{% endif %}{% endcapture %}{% else %}{% capture endpoint_params %}{% if endpoint_params.size == 0 %}null{% else %}{{endpoint_params}}<$>null{% endif %}{% endcapture %}{% endif %}{% assign endpoint_params_array = endpoint_params | split: '<$>' %}{% capture endpoint_params_array_stringified %}{% endcapture %}{% assign found_different = false %}{% for item in endpoint_params_array reversed %}{% if item != 'null' or found_different %}{% capture endpoint_params_array_stringified %}{% if endpoint_params_array_stringified.size == 0 %}{{item}}{% else %}{{item}}<$>{{endpoint_params_array_stringified}}{% endif %}{% endcapture %}{% assign found_different = true %}{% endif %}{% endfor %}{% assign endpoint_params_array = endpoint_params_array_stringified | split: '<$>' %}{% if showFullCode %}$client->getManageDocumentsController(){% else %}$manageDocumentsController{% endif %}->getDocument({% for item in endpoint_params_array %}{% if endpoint_params_array.size > 1 %}\n{% if showFullCode %}    {% endif %}    {% endif %}{{item}}{% if forloop.last %}{% if endpoint_params_array.size > 1 %}\n{% if showFullCode %}    {% endif %}{% endif %}{% else %},{% endif %}{% endfor %});{% if showFullCode %}\n    var_dump($result);{% endif %}{% if showFullCode %}\n} catch (ErrorResponseException $e) {\n    echo 'Caught ErrorResponseException: ',  $e->getMessage(), \"\\n\";\n} catch (ApiException $e) {\n    echo 'Caught ApiException: ',  $e->getMessage(), \"\\n\";\n}{% endif %}{% if showFullCode %}\n{% endif %}{% endcapture %}{% if showFullCode %}<?php\n\nrequire_once \"vendor/autoload.php\";\n\n{% if true %}use LaunchpadDocumentsAPILib\\LaunchpadDocumentsAPIClientBuilder;\n{% endif %}{% if customheaderauthenticationcredentialsAuthmodel_import %}use LaunchpadDocumentsAPILib\\Authentication\\CustomHeaderAuthenticationCredentialsBuilder;\n{% endif %}{% if true %}use LaunchpadDocumentsAPILib\\Exceptions\\ErrorResponseException;\n{% endif %}{% if true %}use LaunchpadDocumentsAPILib\\Exceptions\\ApiException;\n{% endif %}\n{% endif %}{{manageDocuments_getDocument}}"},"Globals":{"customheaderauthenticationcredentialsAuthmodel_import":false},"Type":"compilablecodeblock"},"Response":[{"StatusCode":"200","Name":"response200","Description":"success","Headers":[{"Name":"v-correlation-id","DataType":"string","Description":"Unique transaction Id. Will be generated if not provided and returned in response headers.","Required":true,"LinkTo":"","Constant":false,"Example":"3fcb1437-4e52-4946-9ae1-e618351b6d16","Type":"responseheaderinfo"}],"Content":[{"ContentType":"application/json","DataType":"Document","LinkTo":"$m/Document","Example":null,"Examples":null,"Type":"responsecontentinfo"}],"Type":"responseinfo"},{"StatusCode":"0","Name":"response0","Description":"Default errors","Headers":[],"Content":[{"ContentType":"application/json","DataType":"ErrorResponseException","LinkTo":"$m/ErrorResponse","Example":{"Text":"{\r\n  \"httpStatusCode\": 400,\r\n  \"httpStatusMessage\": \"BAD_REQUEST\",\r\n  \"errors\": [\r\n    {\r\n      \"errorCode\": \"PARAMETER_VALIDATION_ERROR\",\r\n      \"errorMessage\": \"PartnerId is missing in header.\",\r\n      \"target\": \"partnerId\"\r\n    }\r\n  ]\r\n}","Language":"json","Type":"codeblock"},"Examples":null,"Type":"responsecontentinfo"}],"Type":"responseinfo"}],"ServerName":null,"Id":null,"Type":"endpointreference"}],"PlaceholderId":null,"SuggestedLinkText":"Get Document","SuggestedLink":"$e/Manage%20Documents/GetDocument","SuggestedLinkLevel":4,"LinkLabel":"http-get","HideFromNavigation":false,"Type":"section"},{"Title":"Store Document","Nodes":[{"Title":"Store Document","Name":"storeDocument","Description":"This is an optional step that allows merchants to submit any additional documents to help with the underwriting process, such as passports and driver's licenses. In the PII collection flow, use this endpoint to store and submit the signed contract.\n\r\n","ReturnType":"DocumentResponse","ReturnTypeLink":"$m/DocumentResponse","ResponseText":null,"ReturnTypeExample":null,"AuthDescription":"This endpoint requires [api_key]($h/__auth_CustomHeaderAuthentication)","RequiredAuths":[["api_key"]],"AuthModelSchema":{"title":"api_key","type":"object","properties":{"api_key":{"$ref":"ModelSchemas#/AuthRoot/api_key"}},"required":["api_key"]},"MethodSignature":{"Text":"function storeDocument(\n    string $externalRefId,\n    DocumentRequest $body,\n    ?string $contentType = ContentTypeEnum::ENUM_APPLICATIONJSON,\n    ?string $vCorrelationId = null\n): DocumentResponse","Language":"php","Type":"codeblock"},"Parameters":[{"Name":"externalRefId","GenericName":"externalRefId","DataType":"string","Description":"The externalRefId returned from POST /applications call.","Required":true,"LinkTo":"","Constant":false,"ParamType":"Header","DataTypeMarkdown":null,"ContainerName":null,"ContainerKind":null,"Discriminator":null,"ReadOnly":false,"WriteOnly":false,"ContainerTypes":null,"TypeCombinatorTypes":null,"Getter":null,"Setter":null,"Type":"paraminfo"},{"Name":"body","GenericName":"body","DataType":"DocumentRequest","Description":"-","Required":true,"LinkTo":"$m/DocumentRequest","Constant":false,"ParamType":"Body","DataTypeMarkdown":null,"ContainerName":null,"ContainerKind":null,"Discriminator":null,"ReadOnly":false,"WriteOnly":false,"ContainerTypes":null,"TypeCombinatorTypes":null,"Getter":null,"Setter":null,"Type":"paraminfo"},{"Name":"contentType","GenericName":"content-Type","DataType":"?string(ContentTypeEnum)","Description":"Indicates the media type of the request-body. Accepts application/json.<br>**Default**: `ContentTypeEnum::ENUM_APPLICATIONJSON`","Required":false,"LinkTo":"$m/content-Type","Constant":false,"ParamType":"Header","DataTypeMarkdown":null,"ContainerName":null,"ContainerKind":null,"Discriminator":null,"ReadOnly":false,"WriteOnly":false,"ContainerTypes":null,"TypeCombinatorTypes":null,"Getter":null,"Setter":null,"Type":"paraminfo"},{"Name":"vCorrelationId","GenericName":"v-correlation-id","DataType":"?string","Description":"Unique transaction Id. Will be generated if not provided and returned in response headers.","Required":false,"LinkTo":"","Constant":false,"ParamType":"Header","DataTypeMarkdown":null,"ContainerName":null,"ContainerKind":null,"Discriminator":null,"ReadOnly":false,"WriteOnly":false,"ContainerTypes":null,"TypeCombinatorTypes":null,"Getter":null,"Setter":null,"Type":"paraminfo"}],"RequiredAuthScopes":{},"Errors":[{"Name":"ErrorResponseException","StatusCode":"Default","Description":"Default errors","LinkTo":"$m/ErrorResponse","Type":"errorinfo"}],"StaticUsageExample":null,"UsageExample":{"EndpointGroupName":"Manage Documents","EndpointName":"StoreDocument","Index":1,"CallModel":{"additionalQueryParams":null,"additionalFieldParams":null,"args":{"externalRefId":"3fcb1437-4e52-4946-9ae1-e618351b6d16","body":{},"content-Type":"application/json","v-correlation-id":"3fcb1437-4e52-4946-9ae1-e618351b6d16"}},"CallModelSchema":{"title":"Endpoint Arguments","type":"object","additionalProperties":false,"properties":{"args":{"id":"endpoint_7C26ABBCDB1F9","title":"endpoint_7C26ABBCDB1F9","type":"object","properties":{"externalRefId":{"description":"The externalRefId returned from POST /applications call.","example":"3fcb1437-4e52-4946-9ae1-e618351b6d16","type":"string","format":"uuid"},"body":{"$ref":"ModelSchemas#/Root/DocumentRequest"},"content-Type":{"$ref":"ModelSchemas#/Root/content-Type"},"v-correlation-id":{"description":"Unique transaction Id. Will be generated if not provided and returned in response headers.","example":"3fcb1437-4e52-4946-9ae1-e618351b6d16","type":"string","format":"uuid"}},"required":["externalRefId","body"]}},"required":["args"]},"HttpCallTemplate":"{\"method\":\"POST\",\"url\":\"https://apis.cert.worldpay.com/merchant-boarding/v1/documents{% capture inline_query_capture_876234 %}{% endcapture %}{% if inline_query_capture_876234.size > 0 %}?{% endif %}{{ inline_query_capture_876234 | remove_first:'&' }}\",\"headers\":{% capture header_capture_9023987234 %},\"Accept\":\"application/json\",\"externalRefId\":{{ call[\"args\"][\"externalRefId\"] | unwrap | json: false }}{% if call[\"args\"][\"content-Type\"] != nil %},\"content-Type\":{{ call[\"args\"][\"content-Type\"] | json: false }}{% endif %}{% if call[\"args\"][\"v-correlation-id\"] != nil %},\"v-correlation-id\":{{ call[\"args\"][\"v-correlation-id\"] | unwrap | json: false }}{% endif %}{% if auth[\"api_key\"][\"Authorization\"] != nil %},\"Authorization\":{{ auth[\"api_key\"][\"Authorization\"] | json: false }}{% endif %}{% endcapture %}{{ '{' }}{{ header_capture_9023987234 | remove_first:',' }}},\"body\":{{ '{' }}\"type\":\"json\",\"data\":{% if call[\"args\"][\"body\"] != nil %}{{ call[\"args\"][\"body\"] | json: false }}{% else %}null{% endif %}}}","Templates":{"PHP_GENERIC_LIB_V2":"{% assign customheaderauthenticationcredentialsAuthmodel_import = false %}{% assign documentrequest_import = false %}{% assign document_import = false %}{% assign fileextension_import = false %}{% assign documentcategory_import = false %}{% assign contentType_import = false %}{% assign api_key_any_req_auth_params = false %}{% assign api_key_any_auth_params = false %}{% capture manageDocuments_storeDocument %}$externalRefId = {% if call[\"args\"][\"externalRefId\"] != nil %}'{{ call[\"args\"][\"externalRefId\"] | replace: \"\\\\\", \"\\\\\\\\\" | replace: \"'\", \"\\\\'\" | replace: \"\\t\", \"    \" }}'{% else %}''{% endif %};\n\n$body = {% if call[\"args\"][\"body\"] != nil %}{% render 'documentrequest', field: call[\"args\"][\"body\"], indent: '', showFullCode: showFullCode %}{% else %}null{% endif %};\n\n{% if call[\"args\"][\"content-Type\"] != nil %}$contentType = {% assign contentType_import = true %}{% case call[\"args\"][\"content-Type\"] %}{% when 'application/json' %}ContentTypeEnum::ENUM_APPLICATIONJSON{% else %}envrr{% endcase %};\n\n{% endif %}{% if call[\"args\"][\"v-correlation-id\"] != nil %}$vCorrelationId = '{{ call[\"args\"][\"v-correlation-id\"] | replace: \"\\\\\", \"\\\\\\\\\" | replace: \"'\", \"\\\\'\" | replace: \"\\t\", \"    \" }}';\n\n{% endif %}{% if showFullCode %}{% assign _multiline = false %}$client = LaunchpadDocumentsAPIClientBuilder::init(){% assign api_key_any_req_auth_params = false %}{% assign api_key_any_auth_params = false %}{% if auth[\"api_key\"][\"Authorization\"] != nil and auth[\"api_key\"][\"Authorization\"].size > 0 %}{% assign api_key_any_auth_params = true %}{% assign api_key_any_req_auth_params = true %}{% endif %}{% if api_key_any_auth_params %}{% assign _multiline = true %}\n    ->customHeaderAuthenticationCredentials(\n        {% capture indent %}    {% endcapture %}{% if auth[\"api_key\"] != nil %}{% capture newIndent %}{{indent}}    {% endcapture %}{% render 'customheaderauthenticationcredentials__authmodel', field: auth[\"api_key\"], indent: newIndent, showFullCode: showFullCode %}{% endif %}\n    ){% endif %}{% if _multiline %}\n    {% endif %}->build();\n\n{% endif %}{% if showFullCode %}try {\n    {% endif %}$result = {% capture endpoint_params %}{% endcapture %}{% capture endpoint_params %}{% if endpoint_params.size == 0 %}$externalRefId{% else %}{{endpoint_params}}<$>$externalRefId{% endif %}{% endcapture %}{% capture endpoint_params %}{% if endpoint_params.size == 0 %}$body{% else %}{{endpoint_params}}<$>$body{% endif %}{% endcapture %}{% if call[\"args\"][\"content-Type\"] != nil %}{% capture endpoint_params %}{% if endpoint_params.size == 0 %}$contentType{% else %}{{endpoint_params}}<$>$contentType{% endif %}{% endcapture %}{% else %}{% capture endpoint_params %}{% if endpoint_params.size == 0 %}null{% else %}{{endpoint_params}}<$>null{% endif %}{% endcapture %}{% endif %}{% if call[\"args\"][\"v-correlation-id\"] != nil %}{% capture endpoint_params %}{% if endpoint_params.size == 0 %}$vCorrelationId{% else %}{{endpoint_params}}<$>$vCorrelationId{% endif %}{% endcapture %}{% else %}{% capture endpoint_params %}{% if endpoint_params.size == 0 %}null{% else %}{{endpoint_params}}<$>null{% endif %}{% endcapture %}{% endif %}{% assign endpoint_params_array = endpoint_params | split: '<$>' %}{% capture endpoint_params_array_stringified %}{% endcapture %}{% assign found_different = false %}{% for item in endpoint_params_array reversed %}{% if item != 'null' or found_different %}{% capture endpoint_params_array_stringified %}{% if endpoint_params_array_stringified.size == 0 %}{{item}}{% else %}{{item}}<$>{{endpoint_params_array_stringified}}{% endif %}{% endcapture %}{% assign found_different = true %}{% endif %}{% endfor %}{% assign endpoint_params_array = endpoint_params_array_stringified | split: '<$>' %}{% if showFullCode %}$client->getManageDocumentsController(){% else %}$manageDocumentsController{% endif %}->storeDocument({% for item in endpoint_params_array %}{% if endpoint_params_array.size > 1 %}\n{% if showFullCode %}    {% endif %}    {% endif %}{{item}}{% if forloop.last %}{% if endpoint_params_array.size > 1 %}\n{% if showFullCode %}    {% endif %}{% endif %}{% else %},{% endif %}{% endfor %});{% if showFullCode %}\n    var_dump($result);{% endif %}{% if showFullCode %}\n} catch (ErrorResponseException $e) {\n    echo 'Caught ErrorResponseException: ',  $e->getMessage(), \"\\n\";\n} catch (ApiException $e) {\n    echo 'Caught ApiException: ',  $e->getMessage(), \"\\n\";\n}{% endif %}{% if showFullCode %}\n{% endif %}{% endcapture %}{% if showFullCode %}<?php\n\nrequire_once \"vendor/autoload.php\";\n\n{% if true %}use LaunchpadDocumentsAPILib\\LaunchpadDocumentsAPIClientBuilder;\n{% endif %}{% if customheaderauthenticationcredentialsAuthmodel_import %}use LaunchpadDocumentsAPILib\\Authentication\\CustomHeaderAuthenticationCredentialsBuilder;\n{% endif %}{% if documentrequest_import %}use LaunchpadDocumentsAPILib\\Models\\Builders\\DocumentRequestBuilder;\n{% endif %}{% if document_import %}use LaunchpadDocumentsAPILib\\Models\\Builders\\DocumentBuilder;\n{% endif %}{% if fileextension_import %}use LaunchpadDocumentsAPILib\\Models\\FileExtensionEnum;\n{% endif %}{% if documentcategory_import %}use LaunchpadDocumentsAPILib\\Models\\DocumentCategoryEnum;\n{% endif %}{% if contentType_import %}use LaunchpadDocumentsAPILib\\Models\\ContentTypeEnum;\n{% endif %}{% if true %}use LaunchpadDocumentsAPILib\\Exceptions\\ErrorResponseException;\n{% endif %}{% if true %}use LaunchpadDocumentsAPILib\\Exceptions\\ApiException;\n{% endif %}\n{% endif %}{{manageDocuments_storeDocument}}"},"Globals":{"customheaderauthenticationcredentialsAuthmodel_import":false,"documentrequest_import":false,"document_import":false,"fileextension_import":false,"documentcategory_import":false,"contentType_import":false},"Type":"compilablecodeblock"},"Response":[{"StatusCode":"200","Name":"response200","Description":"Success","Headers":[{"Name":"v-correlation-id","DataType":"string","Description":"Unique transaction Id. Will be generated if not provided and returned in response headers.","Required":true,"LinkTo":"","Constant":false,"Example":"3fcb1437-4e52-4946-9ae1-e618351b6d16","Type":"responseheaderinfo"}],"Content":[{"ContentType":"application/json","DataType":"DocumentResponse","LinkTo":"$m/DocumentResponse","Example":null,"Examples":null,"Type":"responsecontentinfo"}],"Type":"responseinfo"},{"StatusCode":"0","Name":"response0","Description":"Default errors","Headers":[],"Content":[{"ContentType":"application/json","DataType":"ErrorResponseException","LinkTo":"$m/ErrorResponse","Example":{"Text":"{\r\n  \"httpStatusCode\": 400,\r\n  \"httpStatusMessage\": \"BAD_REQUEST\",\r\n  \"errors\": [\r\n    {\r\n      \"errorCode\": \"PARAMETER_VALIDATION_ERROR\",\r\n      \"errorMessage\": \"PartnerId is missing in header.\",\r\n      \"target\": \"partnerId\"\r\n    }\r\n  ]\r\n}","Language":"json","Type":"codeblock"},"Examples":null,"Type":"responsecontentinfo"}],"Type":"responseinfo"}],"ServerName":null,"Id":null,"Type":"endpointreference"}],"PlaceholderId":null,"SuggestedLinkText":"Store Document","SuggestedLink":"$e/Manage%20Documents/StoreDocument","SuggestedLinkLevel":4,"LinkLabel":"http-post","HideFromNavigation":false,"Type":"section"},{"Title":"Get Document Metadata","Nodes":[{"Title":"Get Document Metadata","Name":"getDocumentMetadata","Description":"Returns a list of documents tied to the given external reference ID.\n\r\n","ReturnType":"DocumentListResponse","ReturnTypeLink":"$m/DocumentListResponse","ResponseText":null,"ReturnTypeExample":null,"AuthDescription":"This endpoint requires [api_key]($h/__auth_CustomHeaderAuthentication)","RequiredAuths":[["api_key"]],"AuthModelSchema":{"title":"api_key","type":"object","properties":{"api_key":{"$ref":"ModelSchemas#/AuthRoot/api_key"}},"required":["api_key"]},"MethodSignature":{"Text":"function getDocumentMetadata(string $externalRefId, ?string $vCorrelationId = null): DocumentListResponse","Language":"php","Type":"codeblock"},"Parameters":[{"Name":"externalRefId","GenericName":"externalRefId","DataType":"string","Description":"The externalRefId returned from POST /applications call.","Required":true,"LinkTo":"","Constant":false,"ParamType":"Header","DataTypeMarkdown":null,"ContainerName":null,"ContainerKind":null,"Discriminator":null,"ReadOnly":false,"WriteOnly":false,"ContainerTypes":null,"TypeCombinatorTypes":null,"Getter":null,"Setter":null,"Type":"paraminfo"},{"Name":"vCorrelationId","GenericName":"v-correlation-id","DataType":"?string","Description":"Unique transaction Id. Will be generated if not provided and returned in response headers.","Required":false,"LinkTo":"","Constant":false,"ParamType":"Header","DataTypeMarkdown":null,"ContainerName":null,"ContainerKind":null,"Discriminator":null,"ReadOnly":false,"WriteOnly":false,"ContainerTypes":null,"TypeCombinatorTypes":null,"Getter":null,"Setter":null,"Type":"paraminfo"}],"RequiredAuthScopes":{},"Errors":[{"Name":"ErrorResponseException","StatusCode":"Default","Description":"Default errors","LinkTo":"$m/ErrorResponse","Type":"errorinfo"}],"StaticUsageExample":null,"UsageExample":{"EndpointGroupName":"Manage Documents","EndpointName":"GetDocumentMetadata","Index":2,"CallModel":{"additionalQueryParams":null,"additionalFieldParams":null,"args":{"externalRefId":"3fcb1437-4e52-4946-9ae1-e618351b6d16","v-correlation-id":"3fcb1437-4e52-4946-9ae1-e618351b6d16"}},"CallModelSchema":{"title":"Endpoint Arguments","type":"object","additionalProperties":false,"properties":{"args":{"id":"endpoint_7C26ABBCDB1F9","title":"endpoint_7C26ABBCDB1F9","type":"object","properties":{"externalRefId":{"description":"The externalRefId returned from POST /applications call.","example":"3fcb1437-4e52-4946-9ae1-e618351b6d16","type":"string","format":"uuid"},"v-correlation-id":{"description":"Unique transaction Id. Will be generated if not provided and returned in response headers.","example":"3fcb1437-4e52-4946-9ae1-e618351b6d16","type":"string","format":"uuid"}},"required":["externalRefId"]}},"required":["args"]},"HttpCallTemplate":"{\"method\":\"GET\",\"url\":\"https://apis.cert.worldpay.com/merchant-boarding/v1/documents/List{% capture inline_query_capture_876234 %}{% endcapture %}{% if inline_query_capture_876234.size > 0 %}?{% endif %}{{ inline_query_capture_876234 | remove_first:'&' }}\",\"headers\":{% capture header_capture_9023987234 %},\"Accept\":\"application/json\",\"externalRefId\":{{ call[\"args\"][\"externalRefId\"] | unwrap | json: false }}{% if call[\"args\"][\"v-correlation-id\"] != nil %},\"v-correlation-id\":{{ call[\"args\"][\"v-correlation-id\"] | unwrap | json: false }}{% endif %}{% if auth[\"api_key\"][\"Authorization\"] != nil %},\"Authorization\":{{ auth[\"api_key\"][\"Authorization\"] | json: false }}{% endif %}{% endcapture %}{{ '{' }}{{ header_capture_9023987234 | remove_first:',' }}},\"body\":{{ '{' }}\"type\":\"none\"}}","Templates":{"PHP_GENERIC_LIB_V2":"{% assign customheaderauthenticationcredentialsAuthmodel_import = false %}{% assign api_key_any_req_auth_params = false %}{% assign api_key_any_auth_params = false %}{% capture manageDocuments_getDocumentMetadata %}$externalRefId = {% if call[\"args\"][\"externalRefId\"] != nil %}'{{ call[\"args\"][\"externalRefId\"] | replace: \"\\\\\", \"\\\\\\\\\" | replace: \"'\", \"\\\\'\" | replace: \"\\t\", \"    \" }}'{% else %}''{% endif %};\n\n{% if call[\"args\"][\"v-correlation-id\"] != nil %}$vCorrelationId = '{{ call[\"args\"][\"v-correlation-id\"] | replace: \"\\\\\", \"\\\\\\\\\" | replace: \"'\", \"\\\\'\" | replace: \"\\t\", \"    \" }}';\n\n{% endif %}{% if showFullCode %}{% assign _multiline = false %}$client = LaunchpadDocumentsAPIClientBuilder::init(){% assign api_key_any_req_auth_params = false %}{% assign api_key_any_auth_params = false %}{% if auth[\"api_key\"][\"Authorization\"] != nil and auth[\"api_key\"][\"Authorization\"].size > 0 %}{% assign api_key_any_auth_params = true %}{% assign api_key_any_req_auth_params = true %}{% endif %}{% if api_key_any_auth_params %}{% assign _multiline = true %}\n    ->customHeaderAuthenticationCredentials(\n        {% capture indent %}    {% endcapture %}{% if auth[\"api_key\"] != nil %}{% capture newIndent %}{{indent}}    {% endcapture %}{% render 'customheaderauthenticationcredentials__authmodel', field: auth[\"api_key\"], indent: newIndent, showFullCode: showFullCode %}{% endif %}\n    ){% endif %}{% if _multiline %}\n    {% endif %}->build();\n\n{% endif %}{% if showFullCode %}try {\n    {% endif %}$result = {% capture endpoint_params %}{% endcapture %}{% capture endpoint_params %}{% if endpoint_params.size == 0 %}$externalRefId{% else %}{{endpoint_params}}<$>$externalRefId{% endif %}{% endcapture %}{% if call[\"args\"][\"v-correlation-id\"] != nil %}{% capture endpoint_params %}{% if endpoint_params.size == 0 %}$vCorrelationId{% else %}{{endpoint_params}}<$>$vCorrelationId{% endif %}{% endcapture %}{% else %}{% capture endpoint_params %}{% if endpoint_params.size == 0 %}null{% else %}{{endpoint_params}}<$>null{% endif %}{% endcapture %}{% endif %}{% assign endpoint_params_array = endpoint_params | split: '<$>' %}{% capture endpoint_params_array_stringified %}{% endcapture %}{% assign found_different = false %}{% for item in endpoint_params_array reversed %}{% if item != 'null' or found_different %}{% capture endpoint_params_array_stringified %}{% if endpoint_params_array_stringified.size == 0 %}{{item}}{% else %}{{item}}<$>{{endpoint_params_array_stringified}}{% endif %}{% endcapture %}{% assign found_different = true %}{% endif %}{% endfor %}{% assign endpoint_params_array = endpoint_params_array_stringified | split: '<$>' %}{% if showFullCode %}$client->getManageDocumentsController(){% else %}$manageDocumentsController{% endif %}->getDocumentMetadata({% for item in endpoint_params_array %}{% if endpoint_params_array.size > 1 %}\n{% if showFullCode %}    {% endif %}    {% endif %}{{item}}{% if forloop.last %}{% if endpoint_params_array.size > 1 %}\n{% if showFullCode %}    {% endif %}{% endif %}{% else %},{% endif %}{% endfor %});{% if showFullCode %}\n    var_dump($result);{% endif %}{% if showFullCode %}\n} catch (ErrorResponseException $e) {\n    echo 'Caught ErrorResponseException: ',  $e->getMessage(), \"\\n\";\n} catch (ApiException $e) {\n    echo 'Caught ApiException: ',  $e->getMessage(), \"\\n\";\n}{% endif %}{% if showFullCode %}\n{% endif %}{% endcapture %}{% if showFullCode %}<?php\n\nrequire_once \"vendor/autoload.php\";\n\n{% if true %}use LaunchpadDocumentsAPILib\\LaunchpadDocumentsAPIClientBuilder;\n{% endif %}{% if customheaderauthenticationcredentialsAuthmodel_import %}use LaunchpadDocumentsAPILib\\Authentication\\CustomHeaderAuthenticationCredentialsBuilder;\n{% endif %}{% if true %}use LaunchpadDocumentsAPILib\\Exceptions\\ErrorResponseException;\n{% endif %}{% if true %}use LaunchpadDocumentsAPILib\\Exceptions\\ApiException;\n{% endif %}\n{% endif %}{{manageDocuments_getDocumentMetadata}}"},"Globals":{"customheaderauthenticationcredentialsAuthmodel_import":false},"Type":"compilablecodeblock"},"Response":[{"StatusCode":"200","Name":"response200","Description":"Success","Headers":[{"Name":"v-correlation-id","DataType":"string","Description":"Unique transaction Id. Will be generated if not provided and returned in response headers.","Required":true,"LinkTo":"","Constant":false,"Example":"3fcb1437-4e52-4946-9ae1-e618351b6d16","Type":"responseheaderinfo"}],"Content":[{"ContentType":"application/json","DataType":"DocumentListResponse","LinkTo":"$m/DocumentListResponse","Example":null,"Examples":null,"Type":"responsecontentinfo"}],"Type":"responseinfo"},{"StatusCode":"0","Name":"response0","Description":"Default errors","Headers":[],"Content":[{"ContentType":"application/json","DataType":"ErrorResponseException","LinkTo":"$m/ErrorResponse","Example":{"Text":"{\r\n  \"httpStatusCode\": 400,\r\n  \"httpStatusMessage\": \"BAD_REQUEST\",\r\n  \"errors\": [\r\n    {\r\n      \"errorCode\": \"PARAMETER_VALIDATION_ERROR\",\r\n      \"errorMessage\": \"PartnerId is missing in header.\",\r\n      \"target\": \"partnerId\"\r\n    }\r\n  ]\r\n}","Language":"json","Type":"codeblock"},"Examples":null,"Type":"responsecontentinfo"}],"Type":"responseinfo"}],"ServerName":null,"Id":null,"Type":"endpointreference"}],"PlaceholderId":null,"SuggestedLinkText":"Get Document Metadata","SuggestedLink":"$e/Manage%20Documents/GetDocumentMetadata","SuggestedLinkLevel":4,"LinkLabel":"http-get","HideFromNavigation":false,"Type":"section"}],"PlaceholderId":null,"SuggestedLinkText":"Manage Documents","SuggestedLink":"$e/Manage%20Documents","SuggestedLinkLevel":3,"LinkLabel":null,"HideFromNavigation":false,"Type":"section"}],"PlaceholderId":"__api_reference","SuggestedLinkText":"API Reference","SuggestedLink":"$h/__api_reference","SuggestedLinkLevel":2,"LinkLabel":null,"HideFromNavigation":false,"Type":"section"},{"Title":"Model Reference","Nodes":[{"Title":"Structures","Nodes":[{"Text":"* [Document Request]($m/DocumentRequest)\n* [Document Response]($m/DocumentResponse)\n* [Document]($m/Document)\n* [Document List Response]($m/DocumentListResponse)\n* [Documents Meta Data]($m/DocumentsMetaData)\n* [Error]($m/Error)","Type":"paragraph"},{"Title":"Document Request","Nodes":[{"Fields":[{"Name":"document","GenericName":"document","DataType":"?Document","Description":"-","Required":false,"LinkTo":"$m/Document","Constant":false,"ParamType":null,"DataTypeMarkdown":null,"ContainerName":null,"ContainerKind":null,"Discriminator":null,"ReadOnly":false,"WriteOnly":false,"ContainerTypes":null,"TypeCombinatorTypes":null,"Getter":"getDocument(): ?Document","Setter":"setDocument(?Document document): void","Type":"paraminfo"}],"HasGetters":true,"HasSetters":true,"Title":"Document Request","Name":"DocumentRequest","OriginalName":"DocumentRequest","Description":null,"BaseClass":null,"BaseClassLink":null,"ChildClassesLink":null,"LinkTo":"$m/DocumentRequest","StructureType":"Class Name","ContainedTypesName":"Fields","Example":{"Text":"{\r\n  \"document\": {\r\n    \"fileName\": \"fileName0\",\r\n    \"fileExtension\": \"TIF\",\r\n    \"content\": \"content0\",\r\n    \"version\": 90,\r\n    \"uploadedBy\": \"uploadedBy8\"\r\n  }\r\n}","Language":"json","Type":"codeblock"},"Id":null,"Type":"structurereference"}],"PlaceholderId":null,"SuggestedLinkText":"Document Request","SuggestedLink":"$m/DocumentRequest","SuggestedLinkLevel":4,"LinkLabel":null,"HideFromNavigation":false,"Type":"section"},{"Title":"Document Response","Nodes":[{"Fields":[{"Name":"documentId","GenericName":"documentId","DataType":"?string","Description":"-","Required":false,"LinkTo":"","Constant":false,"ParamType":null,"DataTypeMarkdown":null,"ContainerName":null,"ContainerKind":null,"Discriminator":null,"ReadOnly":false,"WriteOnly":false,"ContainerTypes":null,"TypeCombinatorTypes":null,"Getter":"getDocumentId(): ?string","Setter":"setDocumentId(?string documentId): void","Type":"paraminfo"}],"HasGetters":true,"HasSetters":true,"Title":"Document Response","Name":"DocumentResponse","OriginalName":"DocumentResponse","Description":null,"BaseClass":null,"BaseClassLink":null,"ChildClassesLink":null,"LinkTo":"$m/DocumentResponse","StructureType":"Class Name","ContainedTypesName":"Fields","Example":{"Text":"{\r\n  \"documentId\": \"6114\"\r\n}","Language":"json","Type":"codeblock"},"Id":null,"Type":"structurereference"}],"PlaceholderId":null,"SuggestedLinkText":"Document Response","SuggestedLink":"$m/DocumentResponse","SuggestedLinkLevel":4,"LinkLabel":null,"HideFromNavigation":false,"Type":"section"},{"Title":"Document","Nodes":[{"Fields":[{"Name":"fileName","GenericName":"fileName","DataType":"?string","Description":"Document name.<br>**Constraints**: *Maximum Length*: `150`","Required":false,"LinkTo":"","Constant":false,"ParamType":null,"DataTypeMarkdown":null,"ContainerName":null,"ContainerKind":null,"Discriminator":null,"ReadOnly":false,"WriteOnly":false,"ContainerTypes":null,"TypeCombinatorTypes":null,"Getter":"getFileName(): ?string","Setter":"setFileName(?string fileName): void","Type":"paraminfo"},{"Name":"fileExtension","GenericName":"fileExtension","DataType":"?string(FileExtensionEnum)","Description":"Document type.","Required":false,"LinkTo":"$m/FileExtension","Constant":false,"ParamType":null,"DataTypeMarkdown":null,"ContainerName":null,"ContainerKind":null,"Discriminator":null,"ReadOnly":false,"WriteOnly":false,"ContainerTypes":null,"TypeCombinatorTypes":null,"Getter":"getFileExtension(): ?string","Setter":"setFileExtension(?string fileExtension): void","Type":"paraminfo"},{"Name":"content","GenericName":"content","DataType":"?string","Description":"Base 64 encoded binary string of docuement content. Maxium string length is 12MB.<br>**Constraints**: *Maximum Length*: `12000000`","Required":false,"LinkTo":"","Constant":false,"ParamType":null,"DataTypeMarkdown":null,"ContainerName":null,"ContainerKind":null,"Discriminator":null,"ReadOnly":false,"WriteOnly":false,"ContainerTypes":null,"TypeCombinatorTypes":null,"Getter":"getContent(): ?string","Setter":"setContent(?string content): void","Type":"paraminfo"},{"Name":"version","GenericName":"version","DataType":"?int","Description":"Version of the document.","Required":false,"LinkTo":"","Constant":false,"ParamType":null,"DataTypeMarkdown":null,"ContainerName":null,"ContainerKind":null,"Discriminator":null,"ReadOnly":false,"WriteOnly":false,"ContainerTypes":null,"TypeCombinatorTypes":null,"Getter":"getVersion(): ?int","Setter":"setVersion(?int version): void","Type":"paraminfo"},{"Name":"uploadedBy","GenericName":"uploadedBy","DataType":"?string","Description":"Name of the user who uploaded the document. Maximum field length of 8 characters.<br>**Constraints**: *Minimum Length*: `1`, *Maximum Length*: `8`","Required":false,"LinkTo":"","Constant":false,"ParamType":null,"DataTypeMarkdown":null,"ContainerName":null,"ContainerKind":null,"Discriminator":null,"ReadOnly":false,"WriteOnly":false,"ContainerTypes":null,"TypeCombinatorTypes":null,"Getter":"getUploadedBy(): ?string","Setter":"setUploadedBy(?string uploadedBy): void","Type":"paraminfo"},{"Name":"documentCategory","GenericName":"documentCategory","DataType":"?string(DocumentCategoryEnum)","Description":"Document category","Required":false,"LinkTo":"$m/DocumentCategory","Constant":false,"ParamType":null,"DataTypeMarkdown":null,"ContainerName":null,"ContainerKind":null,"Discriminator":null,"ReadOnly":false,"WriteOnly":false,"ContainerTypes":null,"TypeCombinatorTypes":null,"Getter":"getDocumentCategory(): ?string","Setter":"setDocumentCategory(?string documentCategory): void","Type":"paraminfo"}],"HasGetters":true,"HasSetters":true,"Title":"Document","Name":"Document","OriginalName":"Document","Description":null,"BaseClass":null,"BaseClassLink":null,"ChildClassesLink":null,"LinkTo":"$m/Document","StructureType":"Class Name","ContainedTypesName":"Fields","Example":{"Text":"{\r\n  \"fileName\": \"Timothy Jones Drivers License\",\r\n  \"fileExtension\": \"JPEG\",\r\n  \"content\": \"VGhpcyBpcyBUZXN0\",\r\n  \"version\": 1,\r\n  \"uploadedBy\": \"Timothy\",\r\n  \"documentCategory\": \"DRIVERS LICENSE\"\r\n}","Language":"json","Type":"codeblock"},"Id":null,"Type":"structurereference"}],"PlaceholderId":null,"SuggestedLinkText":"Document","SuggestedLink":"$m/Document","SuggestedLinkLevel":4,"LinkLabel":null,"HideFromNavigation":false,"Type":"section"},{"Title":"Document List Response","Nodes":[{"Fields":[{"Name":"documents","GenericName":"documents","DataType":"?(DocumentsMetaData[])","Description":"-","Required":false,"LinkTo":"$m/DocumentsMetaData","Constant":false,"ParamType":null,"DataTypeMarkdown":null,"ContainerName":null,"ContainerKind":null,"Discriminator":null,"ReadOnly":false,"WriteOnly":false,"ContainerTypes":null,"TypeCombinatorTypes":null,"Getter":"getDocuments(): ?array","Setter":"setDocuments(?array documents): void","Type":"paraminfo"}],"HasGetters":true,"HasSetters":true,"Title":"Document List Response","Name":"DocumentListResponse","OriginalName":"DocumentListResponse","Description":null,"BaseClass":null,"BaseClassLink":null,"ChildClassesLink":null,"LinkTo":"$m/DocumentListResponse","StructureType":"Class Name","ContainedTypesName":"Fields","Example":{"Text":"{\r\n  \"documents\": [\r\n    {\r\n      \"documentId\": \"documentId2\",\r\n      \"fileName\": \"fileName8\",\r\n      \"fileExtension\": \"GIF\",\r\n      \"version\": 18,\r\n      \"uploadedBy\": \"uploadedBy0\"\r\n    },\r\n    {\r\n      \"documentId\": \"documentId2\",\r\n      \"fileName\": \"fileName8\",\r\n      \"fileExtension\": \"GIF\",\r\n      \"version\": 18,\r\n      \"uploadedBy\": \"uploadedBy0\"\r\n    }\r\n  ]\r\n}","Language":"json","Type":"codeblock"},"Id":null,"Type":"structurereference"}],"PlaceholderId":null,"SuggestedLinkText":"Document List Response","SuggestedLink":"$m/DocumentListResponse","SuggestedLinkLevel":4,"LinkLabel":null,"HideFromNavigation":false,"Type":"section"},{"Title":"Documents Meta Data","Nodes":[{"Fields":[{"Name":"documentId","GenericName":"documentId","DataType":"?string","Description":"Unique ID for the stored document.","Required":false,"LinkTo":"","Constant":false,"ParamType":null,"DataTypeMarkdown":null,"ContainerName":null,"ContainerKind":null,"Discriminator":null,"ReadOnly":false,"WriteOnly":false,"ContainerTypes":null,"TypeCombinatorTypes":null,"Getter":"getDocumentId(): ?string","Setter":"setDocumentId(?string documentId): void","Type":"paraminfo"},{"Name":"fileName","GenericName":"fileName","DataType":"?string","Description":"Document name<br>**Constraints**: *Maximum Length*: `150`, *Pattern*: ```` ^$|^[0-9A-Za-z_\\-(),.\\s]{1,150}$ ````","Required":false,"LinkTo":"","Constant":false,"ParamType":null,"DataTypeMarkdown":null,"ContainerName":null,"ContainerKind":null,"Discriminator":null,"ReadOnly":false,"WriteOnly":false,"ContainerTypes":null,"TypeCombinatorTypes":null,"Getter":"getFileName(): ?string","Setter":"setFileName(?string fileName): void","Type":"paraminfo"},{"Name":"fileExtension","GenericName":"fileExtension","DataType":"?string(FileExtension1Enum)","Description":"Document type","Required":false,"LinkTo":"$m/FileExtension1","Constant":false,"ParamType":null,"DataTypeMarkdown":null,"ContainerName":null,"ContainerKind":null,"Discriminator":null,"ReadOnly":false,"WriteOnly":false,"ContainerTypes":null,"TypeCombinatorTypes":null,"Getter":"getFileExtension(): ?string","Setter":"setFileExtension(?string fileExtension): void","Type":"paraminfo"},{"Name":"version","GenericName":"version","DataType":"?int","Description":"Document version","Required":false,"LinkTo":"","Constant":false,"ParamType":null,"DataTypeMarkdown":null,"ContainerName":null,"ContainerKind":null,"Discriminator":null,"ReadOnly":false,"WriteOnly":false,"ContainerTypes":null,"TypeCombinatorTypes":null,"Getter":"getVersion(): ?int","Setter":"setVersion(?int version): void","Type":"paraminfo"},{"Name":"uploadedBy","GenericName":"uploadedBy","DataType":"?string","Description":"Who uploaded the document? Maximum field length of 8 characters.<br>**Constraints**: *Minimum Length*: `1`, *Maximum Length*: `8`","Required":false,"LinkTo":"","Constant":false,"ParamType":null,"DataTypeMarkdown":null,"ContainerName":null,"ContainerKind":null,"Discriminator":null,"ReadOnly":false,"WriteOnly":false,"ContainerTypes":null,"TypeCombinatorTypes":null,"Getter":"getUploadedBy(): ?string","Setter":"setUploadedBy(?string uploadedBy): void","Type":"paraminfo"},{"Name":"documentCategory","GenericName":"documentCategory","DataType":"?string(DocumentCategory1Enum)","Description":"Document category.","Required":false,"LinkTo":"$m/DocumentCategory1","Constant":false,"ParamType":null,"DataTypeMarkdown":null,"ContainerName":null,"ContainerKind":null,"Discriminator":null,"ReadOnly":false,"WriteOnly":false,"ContainerTypes":null,"TypeCombinatorTypes":null,"Getter":"getDocumentCategory(): ?string","Setter":"setDocumentCategory(?string documentCategory): void","Type":"paraminfo"}],"HasGetters":true,"HasSetters":true,"Title":"Documents Meta Data","Name":"DocumentsMetaData","OriginalName":"DocumentsMetaData","Description":null,"BaseClass":null,"BaseClassLink":null,"ChildClassesLink":null,"LinkTo":"$m/DocumentsMetaData","StructureType":"Class Name","ContainedTypesName":"Fields","Example":{"Text":"{\r\n  \"documentId\": \"861\",\r\n  \"fileName\": \"Timothy Jones Drivers License\",\r\n  \"fileExtension\": \"JPEG\",\r\n  \"version\": 1,\r\n  \"uploadedBy\": \"Timothy\"\r\n}","Language":"json","Type":"codeblock"},"Id":null,"Type":"structurereference"}],"PlaceholderId":null,"SuggestedLinkText":"Documents Meta Data","SuggestedLink":"$m/DocumentsMetaData","SuggestedLinkLevel":4,"LinkLabel":null,"HideFromNavigation":false,"Type":"section"},{"Title":"Error","Nodes":[{"Fields":[{"Name":"errorCode","GenericName":"errorCode","DataType":"?string","Description":"-","Required":false,"LinkTo":"","Constant":false,"ParamType":null,"DataTypeMarkdown":null,"ContainerName":null,"ContainerKind":null,"Discriminator":null,"ReadOnly":false,"WriteOnly":false,"ContainerTypes":null,"TypeCombinatorTypes":null,"Getter":"getErrorCode(): ?string","Setter":"setErrorCode(?string errorCode): void","Type":"paraminfo"},{"Name":"errorMessage","GenericName":"errorMessage","DataType":"?string","Description":"-","Required":false,"LinkTo":"","Constant":false,"ParamType":null,"DataTypeMarkdown":null,"ContainerName":null,"ContainerKind":null,"Discriminator":null,"ReadOnly":false,"WriteOnly":false,"ContainerTypes":null,"TypeCombinatorTypes":null,"Getter":"getErrorMessage(): ?string","Setter":"setErrorMessage(?string errorMessage): void","Type":"paraminfo"},{"Name":"target","GenericName":"target","DataType":"?string","Description":"-","Required":false,"LinkTo":"","Constant":false,"ParamType":null,"DataTypeMarkdown":null,"ContainerName":null,"ContainerKind":null,"Discriminator":null,"ReadOnly":false,"WriteOnly":false,"ContainerTypes":null,"TypeCombinatorTypes":null,"Getter":"getTarget(): ?string","Setter":"setTarget(?string target): void","Type":"paraminfo"}],"HasGetters":true,"HasSetters":true,"Title":"Error","Name":"Error","OriginalName":"Error","Description":null,"BaseClass":null,"BaseClassLink":null,"ChildClassesLink":null,"LinkTo":"$m/Error","StructureType":"Class Name","ContainedTypesName":"Fields","Example":{"Text":"{\r\n  \"errorCode\": \"ERROR_CODE\",\r\n  \"errorMessage\": \"Error message here.\",\r\n  \"target\": \"Target\"\r\n}","Language":"json","Type":"codeblock"},"Id":null,"Type":"structurereference"}],"PlaceholderId":null,"SuggestedLinkText":"Error","SuggestedLink":"$m/Error","SuggestedLinkLevel":4,"LinkLabel":null,"HideFromNavigation":false,"Type":"section"}],"PlaceholderId":null,"SuggestedLinkText":"Structures","SuggestedLink":"$h/API%20Reference/__model_reference/Structures","SuggestedLinkLevel":3,"LinkLabel":null,"HideFromNavigation":false,"Type":"section"},{"Title":"Enumerations","Nodes":[{"Text":"* [Content-Type]($m/content-Type)\n* [Document Category]($m/DocumentCategory)\n* [Document Category 1]($m/DocumentCategory1)\n* [File Extension]($m/FileExtension)\n* [File Extension 1]($m/FileExtension1)","Type":"paragraph"},{"Title":"Content-Type","Nodes":[{"Elements":[{"Key":"ENUM_APPLICATIONJSON","Value":""}],"Title":"Content-Type","Name":"ContentTypeEnum","OriginalName":"content-Type","Description":null,"BaseClass":null,"BaseClassLink":null,"ChildClassesLink":null,"LinkTo":"$m/content-Type","StructureType":"Enum Type Name","ContainedTypesName":"Enum Constants","Example":null,"Id":null,"Type":"enumreference"}],"PlaceholderId":null,"SuggestedLinkText":"Content-Type","SuggestedLink":"$m/content-Type","SuggestedLinkLevel":4,"LinkLabel":null,"HideFromNavigation":false,"Type":"section"},{"Title":"Document Category","Nodes":[{"Elements":[{"Key":"ENUM_DRIVERS_LICENSE","Value":""},{"Key":"ENUM_TERMINAL_LEASE","Value":""},{"Key":"PASSPORT","Value":""},{"Key":"UNKNOWN","Value":""},{"Key":"ENUM_VOIDED_CHECK","Value":""}],"Title":"Document Category","Name":"DocumentCategoryEnum","OriginalName":"DocumentCategory","Description":"Document category","BaseClass":null,"BaseClassLink":null,"ChildClassesLink":null,"LinkTo":"$m/DocumentCategory","StructureType":"Enum Type Name","ContainedTypesName":"Enum Constants","Example":{"Text":"DRIVERS LICENSE","Language":null,"Type":"codeblock"},"Id":null,"Type":"enumreference"}],"PlaceholderId":null,"SuggestedLinkText":"Document Category","SuggestedLink":"$m/DocumentCategory","SuggestedLinkLevel":4,"LinkLabel":null,"HideFromNavigation":false,"Type":"section"},{"Title":"Document Category 1","Nodes":[{"Elements":[{"Key":"ENUM_DRIVERS_LICENSE","Value":""},{"Key":"ENUM_TERMINAL_LEASE","Value":""},{"Key":"PASSPORT","Value":""},{"Key":"UNKNOWN","Value":""},{"Key":"ENUM_VOIDED_CHECK","Value":""}],"Title":"Document Category 1","Name":"DocumentCategory1Enum","OriginalName":"DocumentCategory1","Description":"Document category.","BaseClass":null,"BaseClassLink":null,"ChildClassesLink":null,"LinkTo":"$m/DocumentCategory1","StructureType":"Enum Type Name","ContainedTypesName":"Enum Constants","Example":null,"Id":null,"Type":"enumreference"}],"PlaceholderId":null,"SuggestedLinkText":"Document Category 1","SuggestedLink":"$m/DocumentCategory1","SuggestedLinkLevel":4,"LinkLabel":null,"HideFromNavigation":false,"Type":"section"},{"Title":"File Extension","Nodes":[{"Elements":[{"Key":"JPEG","Value":""},{"Key":"JPG","Value":""},{"Key":"GIF","Value":""},{"Key":"PDF","Value":""},{"Key":"PNG","Value":""},{"Key":"TIFF","Value":""},{"Key":"TIF","Value":""},{"Key":"BMP","Value":""},{"Key":"DOC","Value":""},{"Key":"TXT","Value":""},{"Key":"DOCX","Value":""},{"Key":"PPT","Value":""},{"Key":"XLS","Value":""},{"Key":"XLSX","Value":""}],"Title":"File Extension","Name":"FileExtensionEnum","OriginalName":"FileExtension","Description":"Document type.","BaseClass":null,"BaseClassLink":null,"ChildClassesLink":null,"LinkTo":"$m/FileExtension","StructureType":"Enum Type Name","ContainedTypesName":"Enum Constants","Example":{"Text":"JPEG","Language":null,"Type":"codeblock"},"Id":null,"Type":"enumreference"}],"PlaceholderId":null,"SuggestedLinkText":"File Extension","SuggestedLink":"$m/FileExtension","SuggestedLinkLevel":4,"LinkLabel":null,"HideFromNavigation":false,"Type":"section"},{"Title":"File Extension 1","Nodes":[{"Elements":[{"Key":"JPEG","Value":""},{"Key":"JPG","Value":""},{"Key":"GIF","Value":""},{"Key":"PDF","Value":""},{"Key":"PNG","Value":""},{"Key":"TIFF","Value":""},{"Key":"TIF","Value":""},{"Key":"BMP","Value":""},{"Key":"DOC","Value":""},{"Key":"TXT","Value":""},{"Key":"DOCX","Value":""},{"Key":"PPT","Value":""},{"Key":"XLS","Value":""},{"Key":"XLSX","Value":""}],"Title":"File Extension 1","Name":"FileExtension1Enum","OriginalName":"FileExtension1","Description":"Document type","BaseClass":null,"BaseClassLink":null,"ChildClassesLink":null,"LinkTo":"$m/FileExtension1","StructureType":"Enum Type Name","ContainedTypesName":"Enum Constants","Example":{"Text":"JPEG","Language":null,"Type":"codeblock"},"Id":null,"Type":"enumreference"}],"PlaceholderId":null,"SuggestedLinkText":"File Extension 1","SuggestedLink":"$m/FileExtension1","SuggestedLinkLevel":4,"LinkLabel":null,"HideFromNavigation":false,"Type":"section"}],"PlaceholderId":null,"SuggestedLinkText":"Enumerations","SuggestedLink":"$h/API%20Reference/__model_reference/Enumerations","SuggestedLinkLevel":3,"LinkLabel":null,"HideFromNavigation":false,"Type":"section"},{"Title":"Exceptions","Nodes":[{"Text":"* [Error Response]($m/ErrorResponse)","Type":"paragraph"},{"Title":"Error Response","Nodes":[{"Fields":[{"Name":"httpStatusCode","GenericName":"httpStatusCode","DataType":"?int","Description":"-","Required":false,"LinkTo":"","Constant":false,"ParamType":null,"DataTypeMarkdown":null,"ContainerName":null,"ContainerKind":null,"Discriminator":null,"ReadOnly":false,"WriteOnly":false,"ContainerTypes":null,"TypeCombinatorTypes":null,"Getter":"getHttpStatusCode(): ?int","Setter":"setHttpStatusCode(?int httpStatusCode): void","Type":"paraminfo"},{"Name":"httpStatusMessage","GenericName":"httpStatusMessage","DataType":"?string","Description":"-","Required":false,"LinkTo":"","Constant":false,"ParamType":null,"DataTypeMarkdown":null,"ContainerName":null,"ContainerKind":null,"Discriminator":null,"ReadOnly":false,"WriteOnly":false,"ContainerTypes":null,"TypeCombinatorTypes":null,"Getter":"getHttpStatusMessage(): ?string","Setter":"setHttpStatusMessage(?string httpStatusMessage): void","Type":"paraminfo"},{"Name":"errors","GenericName":"errors","DataType":"?(Error[])","Description":"-","Required":false,"LinkTo":"$m/Error","Constant":false,"ParamType":null,"DataTypeMarkdown":null,"ContainerName":null,"ContainerKind":null,"Discriminator":null,"ReadOnly":false,"WriteOnly":false,"ContainerTypes":null,"TypeCombinatorTypes":null,"Getter":"getErrors(): ?array","Setter":"setErrors(?array errors): void","Type":"paraminfo"}],"HasGetters":true,"HasSetters":true,"Title":"Error Response","Name":"ErrorResponseException","OriginalName":"ErrorResponse","Description":null,"BaseClass":null,"BaseClassLink":null,"ChildClassesLink":null,"LinkTo":"$m/ErrorResponse","StructureType":"Class Name","ContainedTypesName":"Fields","Example":{"Text":"{\r\n  \"httpStatusCode\": 404,\r\n  \"httpStatusMessage\": \"STATUS-MESSAGE\",\r\n  \"errors\": [\r\n    {\r\n      \"errorCode\": \"errorCode6\",\r\n      \"errorMessage\": \"errorMessage8\",\r\n      \"target\": \"target2\"\r\n    },\r\n    {\r\n      \"errorCode\": \"errorCode6\",\r\n      \"errorMessage\": \"errorMessage8\",\r\n      \"target\": \"target2\"\r\n    },\r\n    {\r\n      \"errorCode\": \"errorCode6\",\r\n      \"errorMessage\": \"errorMessage8\",\r\n      \"target\": \"target2\"\r\n    }\r\n  ]\r\n}","Language":"json","Type":"codeblock"},"Id":null,"Type":"structurereference"}],"PlaceholderId":null,"SuggestedLinkText":"Error Response","SuggestedLink":"$m/ErrorResponse","SuggestedLinkLevel":4,"LinkLabel":null,"HideFromNavigation":false,"Type":"section"}],"PlaceholderId":null,"SuggestedLinkText":"Exceptions","SuggestedLink":"$h/API%20Reference/__model_reference/Exceptions","SuggestedLinkLevel":3,"LinkLabel":null,"HideFromNavigation":false,"Type":"section"}],"PlaceholderId":"__model_reference","SuggestedLinkText":"Model Reference","SuggestedLink":"$h/__model_reference","SuggestedLinkLevel":2,"LinkLabel":null,"HideFromNavigation":false,"Type":"section"}],"PlaceholderId":null,"SuggestedLinkText":"API Reference","SuggestedLink":"$h/API%20Reference","SuggestedLinkLevel":1,"LinkLabel":null,"HideFromNavigation":false,"Type":"section"}],"Type":"document"}