{"WhiteLabel":false,"NavItems":[{"Text":"Getting Started","Link":"$h/Getting%20Started","SubItems":[{"Text":"How to Get Started","Link":"$h/__getting_started","SubItems":[{"Text":"Introduction","Link":"$h/__intro","SubItems":[{"Text":"Authentication","Link":"$h/Getting%20Started/__getting_started/__intro/Authentication","SubItems":[],"Label":null,"Skip":false,"IsExternal":false},{"Text":"Requirements","Link":"$h/Getting%20Started/__getting_started/__intro/Requirements","SubItems":[],"Label":null,"Skip":false,"IsExternal":false}],"Label":null,"Skip":true,"IsExternal":false},{"Text":"Building","Link":"$h/__how_to_build","SubItems":[{"Text":"Install Dependencies","Link":"$h/Getting%20Started/__getting_started/__how_to_build/Install%20Dependencies","SubItems":[],"Label":null,"Skip":false,"IsExternal":false}],"Label":null,"Skip":true,"IsExternal":false},{"Text":"Installation","Link":"$h/__how_to_use","SubItems":[],"Label":null,"Skip":true,"IsExternal":false},{"Text":"Environments","Link":"$h/__enviroments","SubItems":[],"Label":null,"Skip":true,"IsExternal":false},{"Text":"Initialize the API Client","Link":"$h/__initializing","SubItems":[],"Label":null,"Skip":true,"IsExternal":false},{"Text":"HttpConfiguration","Link":"$h/__http_configs","SubItems":[{"Text":"Properties","Link":"Properties","SubItems":[],"Label":null,"Skip":false,"IsExternal":false}],"Label":null,"Skip":true,"IsExternal":false},{"Text":"RetryConfiguration","Link":"$h/__retry_configs","SubItems":[{"Text":"Properties","Link":"Properties","SubItems":[],"Label":null,"Skip":false,"IsExternal":false}],"Label":null,"Skip":true,"IsExternal":false},{"Text":"Authorization","Link":"$h/__authorize","SubItems":[{"Text":"api_key (Custom Header Signature)","Link":"$h/__auth_CustomHeaderAuthentication","SubItems":[],"Label":null,"Skip":true,"IsExternal":false}],"Label":null,"Skip":true,"IsExternal":false},{"Text":"Test the SDK","Link":"$h/__how_to_test","SubItems":[{"Text":"","Link":"$h/Getting%20Started/__getting_started/__how_to_test/","SubItems":[],"Label":null,"Skip":false,"IsExternal":false}],"Label":null,"Skip":true,"IsExternal":false}],"Label":null,"Skip":false,"IsExternal":false},{"Text":"Authentication","Link":"page:introduction/authentication","SubItems":[],"Label":null,"Skip":false,"IsExternal":false},{"Text":"About the API","Link":"page:introduction/about-the-api","SubItems":[{"Text":"Tips and Best Practices","Link":"page:introduction/about-the-api/tips","SubItems":[],"Label":null,"Skip":false,"IsExternal":false},{"Text":"Data Types","Link":"page:introduction/about-the-api/data-types","SubItems":[],"Label":null,"Skip":false,"IsExternal":false}],"Label":null,"Skip":false,"IsExternal":false}],"Label":null,"Skip":false,"IsExternal":false},{"Text":"API Workflows Walkthroughs","Link":"$h/API%20Workflows%20Walkthroughs","SubItems":[{"Text":"API Workflow 1","Link":"page:walkthroughs/awf-1/walkthrough-1","SubItems":[],"Label":null,"Skip":false,"IsExternal":false},{"Text":"API Workflow 2","Link":"page:walkthroughs/awf-2/walkthrough-1","SubItems":[],"Label":null,"Skip":false,"IsExternal":false},{"Text":"API Workflow 3","Link":"page:walkthroughs/awf-3/walkthrough-1","SubItems":[],"Label":null,"Skip":false,"IsExternal":false}],"Label":null,"Skip":false,"IsExternal":false},{"Text":"API Reference","Link":"$h/API%20Reference","SubItems":[{"Text":"API Reference","Link":"$h/__api_reference","SubItems":[{"Text":"List of APIs","Link":"$h/__list_of_apis","SubItems":[],"Label":null,"Skip":false,"IsExternal":false},{"Text":"Manage Documents","Link":"$e/Manage%20Documents","SubItems":[{"Text":"Overview","Link":"$h/API%20Reference/__api_reference/Manage%20Documents/Overview","SubItems":[],"Label":"endpoint-group-overview","Skip":false,"IsExternal":false},{"Text":"Get Document","Link":"$e/Manage%20Documents/GetDocument","SubItems":[],"Label":"http-get","Skip":false,"IsExternal":false},{"Text":"Store Document","Link":"$e/Manage%20Documents/StoreDocument","SubItems":[],"Label":"http-post","Skip":false,"IsExternal":false},{"Text":"Get Document Metadata","Link":"$e/Manage%20Documents/GetDocumentMetadata","SubItems":[],"Label":"http-get","Skip":false,"IsExternal":false}],"Label":null,"Skip":false,"IsExternal":false}],"Label":null,"Skip":false,"IsExternal":false},{"Text":"Model Reference","Link":"$h/__model_reference","SubItems":[{"Text":"Structures","Link":"$h/API%20Reference/__model_reference/Structures","SubItems":[{"Text":"Document Request","Link":"$m/DocumentRequest","SubItems":[],"Label":null,"Skip":false,"IsExternal":false},{"Text":"Document Response","Link":"$m/DocumentResponse","SubItems":[],"Label":null,"Skip":false,"IsExternal":false},{"Text":"Document","Link":"$m/Document","SubItems":[],"Label":null,"Skip":false,"IsExternal":false},{"Text":"Document List Response","Link":"$m/DocumentListResponse","SubItems":[],"Label":null,"Skip":false,"IsExternal":false},{"Text":"Documents Meta Data","Link":"$m/DocumentsMetaData","SubItems":[],"Label":null,"Skip":false,"IsExternal":false},{"Text":"Error","Link":"$m/Error","SubItems":[],"Label":null,"Skip":false,"IsExternal":false}],"Label":null,"Skip":false,"IsExternal":false},{"Text":"Enumerations","Link":"$h/API%20Reference/__model_reference/Enumerations","SubItems":[{"Text":"Content-Type","Link":"$m/content-Type","SubItems":[],"Label":null,"Skip":false,"IsExternal":false},{"Text":"Document Category","Link":"$m/DocumentCategory","SubItems":[],"Label":null,"Skip":false,"IsExternal":false},{"Text":"Document Category 1","Link":"$m/DocumentCategory1","SubItems":[],"Label":null,"Skip":false,"IsExternal":false},{"Text":"File Extension","Link":"$m/FileExtension","SubItems":[],"Label":null,"Skip":false,"IsExternal":false},{"Text":"File Extension 1","Link":"$m/FileExtension1","SubItems":[],"Label":null,"Skip":false,"IsExternal":false}],"Label":null,"Skip":false,"IsExternal":false},{"Text":"Exceptions","Link":"$h/API%20Reference/__model_reference/Exceptions","SubItems":[{"Text":"Error Response","Link":"$m/ErrorResponse","SubItems":[],"Label":null,"Skip":false,"IsExternal":false}],"Label":null,"Skip":false,"IsExternal":false}],"Label":null,"Skip":false,"IsExternal":false}],"Label":null,"Skip":false,"IsExternal":false}],"DataModel":{"showFullCode":false,"skipSslCertVerification":null,"environment":null,"auth":{"api_key":{"Authorization":null}},"call":{"additionalQueryParams":null,"additionalFieldParams":null,"args":{}}},"DataModelSchema":{"type":"object","additionalProperties":false,"properties":{"showFullCode":{"title":"Show Complete File","description":"Show complete file for code, with bootstrap and error handling included.","type":"boolean"}},"required":["showFullCode"]},"ModelSchemas":{"Root":{"DocumentRequest":{"id":"DocumentRequest","title":"DocumentRequest","type":"object","properties":{"document":{"$ref":"ModelSchemas#/Root/Document"}}},"DocumentResponse":{"id":"DocumentResponse","title":"DocumentResponse","type":"object","properties":{"documentId":{"example":"6114","type":"string"}}},"Document":{"id":"Document","title":"Document","type":"object","properties":{"fileName":{"description":"Document name.","example":"Timothy Jones Drivers License","type":"string","maxLength":150},"fileExtension":{"$ref":"ModelSchemas#/Root/FileExtension"},"content":{"description":"Base 64 encoded binary string of docuement content. Maxium string length is 12MB.","example":"VGhpcyBpcyBUZXN0","type":"string","maxLength":12000000},"version":{"description":"Version of the document.","example":1,"type":"integer","format":"int32"},"uploadedBy":{"description":"Name of the user who uploaded the document. Maximum field length of 8 characters.","example":"Timothy","type":"string","minLength":1,"maxLength":8},"documentCategory":{"$ref":"ModelSchemas#/Root/DocumentCategory"}}},"DocumentListResponse":{"id":"DocumentListResponse","title":"DocumentListResponse","type":"object","properties":{"documents":{"description":"","type":"array","items":{"$ref":"ModelSchemas#/Root/DocumentsMetaData"}}}},"DocumentsMetaData":{"id":"DocumentsMetaData","title":"DocumentsMetaData","type":"object","properties":{"documentId":{"description":"Unique ID for the stored document.","example":"861","type":"string"},"fileName":{"description":"Document name","example":"Timothy Jones Drivers License","type":"string","maxLength":150,"pattern":"^$|^[0-9A-Za-z_\\-(),.\\s]{1,150}$"},"fileExtension":{"$ref":"ModelSchemas#/Root/FileExtension1"},"version":{"description":"Document version","example":1,"type":"integer","format":"int32"},"uploadedBy":{"description":"Who uploaded the document? Maximum field length of 8 characters.","example":"Timothy","type":"string","minLength":1,"maxLength":8},"documentCategory":{"$ref":"ModelSchemas#/Root/DocumentCategory1"}}},"ErrorResponse":{"id":"ErrorResponse","title":"ErrorResponse","type":"object","properties":{"httpStatusCode":{"example":404,"type":"integer","format":"int32"},"httpStatusMessage":{"example":"STATUS-MESSAGE","type":"string"},"errors":{"description":"","type":"array","items":{"$ref":"ModelSchemas#/Root/Error"}}}},"Error":{"id":"Error","title":"Error","type":"object","properties":{"errorCode":{"example":"ERROR_CODE","type":"string"},"errorMessage":{"example":"Error message here.","type":"string"},"target":{"example":"Target","type":"string"}}},"content-Type":{"title":"content-Type","x-enum-elements":[{"name":"Enum_applicationjson","description":""}],"type":"string","additionalProperties":false,"enum":["application/json"]},"DocumentCategory":{"title":"DocumentCategory","description":"Document category","example":"DRIVERS LICENSE","x-enum-elements":[{"name":"Enum_DRIVERS LICENSE","description":""},{"name":"Enum_TERMINAL LEASE","description":""},{"name":"PASSPORT","description":""},{"name":"UNKNOWN","description":""},{"name":"Enum_VOIDED CHECK","description":""}],"type":"string","additionalProperties":false,"enum":["DRIVERS LICENSE","TERMINAL LEASE","PASSPORT","UNKNOWN","VOIDED CHECK"]},"DocumentCategory1":{"title":"DocumentCategory1","description":"Document category.","x-enum-elements":[{"name":"Enum_DRIVERS LICENSE","description":""},{"name":"Enum_TERMINAL LEASE","description":""},{"name":"PASSPORT","description":""},{"name":"UNKNOWN","description":""},{"name":"Enum_VOIDED CHECK","description":""}],"type":"string","additionalProperties":false,"enum":["DRIVERS LICENSE","TERMINAL LEASE","PASSPORT","UNKNOWN","VOIDED CHECK"]},"FileExtension":{"title":"FileExtension","description":"Document type.","example":"JPEG","x-enum-elements":[{"name":"JPEG","description":""},{"name":"JPG","description":""},{"name":"GIF","description":""},{"name":"PDF","description":""},{"name":"PNG","description":""},{"name":"TIFF","description":""},{"name":"TIF","description":""},{"name":"BMP","description":""},{"name":"DOC","description":""},{"name":"TXT","description":""},{"name":"DOCX","description":""},{"name":"PPT","description":""},{"name":"XLS","description":""},{"name":"XLSX","description":""}],"type":"string","additionalProperties":false,"enum":["JPEG","JPG","GIF","PDF","PNG","TIFF","TIF","BMP","DOC","TXT","DOCX","PPT","XLS","XLSX"]},"FileExtension1":{"title":"FileExtension1","description":"Document type","example":"JPEG","x-enum-elements":[{"name":"JPEG","description":""},{"name":"JPG","description":""},{"name":"GIF","description":""},{"name":"PDF","description":""},{"name":"PNG","description":""},{"name":"TIFF","description":""},{"name":"TIF","description":""},{"name":"BMP","description":""},{"name":"DOC","description":""},{"name":"TXT","description":""},{"name":"DOCX","description":""},{"name":"PPT","description":""},{"name":"XLS","description":""},{"name":"XLSX","description":""}],"type":"string","additionalProperties":false,"enum":["JPEG","JPG","GIF","PDF","PNG","TIFF","TIF","BMP","DOC","TXT","DOCX","PPT","XLS","XLSX"]}},"AuthRoot":{"api_key":{"title":"Custom Header Signature","description":"Set authorization parameters for api_key","type":"object","additionalProperties":false,"properties":{"Authorization":{"description":"``` License format is WORLDPAY license='xxxx'```","type":"string","format":"password"}},"required":["Authorization"]}}},"PublishedPackage":{"Provider":null,"Name":null,"Version":null,"Link":null,"SourceLink":null,"InstallCommand":null,"InstallHeadingLink":null},"AuthHttpCallTemplate":null,"ApiAuthentication":null,"PartialTemplates":{"documentrequest":"{% capture newIndent %}{{ indent }}    {% endcapture %}{% assign models_import = \"true\" %}models.DocumentRequest{{ '{' }}\n{% if showFullCode %}    {% endif %}{% if field[\"document\"] != nil %}{% assign models_import = \"true\" %}{{ indent }}    Document: models.ToPointer({% if field[\"document\"] != nil %}{% capture newIndent %}{{ indent }}    {% endcapture %}{% render 'document', field: field[\"document\"], indent: newIndent, showFullCode: showFullCode %}{% endif %}),\n{% if showFullCode %}    {% endif %}{% endif %}{{ indent }}}","document":"{% capture newIndent %}{{ indent }}    {% endcapture %}{% assign models_import = \"true\" %}models.Document{{ '{' }}\n{% if showFullCode %}    {% endif %}{% if field[\"fileName\"] != nil %}{% assign models_import = \"true\" %}{{ indent }}    FileName:         models.ToPointer({% if field[\"fileName\"] != nil %}\"{{ field[\"fileName\"] | replace: \"\\\\\", \"\\\\\\\\\" | replace: '\"', '\\\\\"' | replace: \"\\n\", \"\\\\n\" }}\"{% endif %}),\n{% if showFullCode %}    {% endif %}{% endif %}{% if field[\"fileExtension\"] != nil %}{% assign models_import = \"true\" %}{{ indent }}    FileExtension:    models.ToPointer({% if field[\"fileExtension\"] != nil %}{% assign models_import = \"true\" %}models.FileExtensionEnum(\"{{ field[\"fileExtension\"] | replace: \"\\\\\", \"\\\\\\\\\" | replace: '\"', '\\\\\"' | replace: \"\\n\", \"\\\\n\" }}\"){% endif %}),\n{% if showFullCode %}    {% endif %}{% endif %}{% if field[\"content\"] != nil %}{% assign models_import = \"true\" %}{{ indent }}    Content:          models.ToPointer({% if field[\"content\"] != nil %}\"{{ field[\"content\"] | replace: \"\\\\\", \"\\\\\\\\\" | replace: '\"', '\\\\\"' | replace: \"\\n\", \"\\\\n\" }}\"{% endif %}),\n{% if showFullCode %}    {% endif %}{% endif %}{% if field[\"version\"] != nil %}{% assign models_import = \"true\" %}{{ indent }}    Version:          models.ToPointer({% if field[\"version\"] != nil %}{{ field[\"version\"] }}{% endif %}),\n{% if showFullCode %}    {% endif %}{% endif %}{% if field[\"uploadedBy\"] != nil %}{% assign models_import = \"true\" %}{{ indent }}    UploadedBy:       models.ToPointer({% if field[\"uploadedBy\"] != nil %}\"{{ field[\"uploadedBy\"] | replace: \"\\\\\", \"\\\\\\\\\" | replace: '\"', '\\\\\"' | replace: \"\\n\", \"\\\\n\" }}\"{% endif %}),\n{% if showFullCode %}    {% endif %}{% endif %}{% if field[\"documentCategory\"] != nil %}{% assign models_import = \"true\" %}{{ indent }}    DocumentCategory: models.ToPointer({% if field[\"documentCategory\"] != nil %}{% assign models_import = \"true\" %}models.DocumentCategoryEnum(\"{{ field[\"documentCategory\"] | replace: \"\\\\\", \"\\\\\\\\\" | replace: '\"', '\\\\\"' | replace: \"\\n\", \"\\\\n\" }}\"){% endif %}),\n{% if showFullCode %}    {% endif %}{% endif %}{{ indent }}}"},"KnownLinkPrefixes":["page"],"Version":"1.0.0","Title":"Getting Started with Launchpad Documents API","Sections":[{"Title":"Getting Started","Nodes":[{"Title":"How to Get Started","Nodes":[{"Title":"Introduction","Nodes":[{"Text":"The Documents API permits Worldpay partners to manage boarding documents. Please see the Getting Started page for more information. </br> </br> <b>NOTE: This can only be used in conjuction with Merchant Boarding API.</b>\n</br> </br> To contact our certifications team, please email <a href=\"mailto:Certification2@fisglobal.com\">Certification2@fisglobal.com</a>.   </br> To contact the product team, please email <a href=\"mailto:APICustomerIntegration@fisglobal.com\">APICustomerIntegration@fisglobal.com</a>.\n\n","Type":"paragraph"},{"Title":"Authentication","Nodes":[{"Text":"<SecurityDefinitions />\n","Type":"paragraph"}],"PlaceholderId":null,"SuggestedLinkText":"Authentication","SuggestedLink":"$h/Getting%20Started/__getting_started/__intro/Authentication","SuggestedLinkLevel":4,"LinkLabel":null,"HideFromNavigation":false,"Type":"section"},{"Title":"Requirements","Nodes":[{"Text":"The SDK requires **Go version 1.18 or above**.","Type":"paragraph"}],"PlaceholderId":null,"SuggestedLinkText":"Requirements","SuggestedLink":"$h/Getting%20Started/__getting_started/__intro/Requirements","SuggestedLinkLevel":4,"LinkLabel":null,"HideFromNavigation":false,"Type":"section"}],"PlaceholderId":"__intro","SuggestedLinkText":"Introduction","SuggestedLink":"$h/__intro","SuggestedLinkLevel":3,"LinkLabel":null,"HideFromNavigation":true,"Type":"section"},{"Title":"Building","Nodes":[{"Title":"Install Dependencies","Nodes":[{"Text":"Resolve all the SDK dependencies, using the `go get` command.","Type":"paragraph"}],"PlaceholderId":null,"SuggestedLinkText":"Install Dependencies","SuggestedLink":"$h/Getting%20Started/__getting_started/__how_to_build/Install%20Dependencies","SuggestedLinkLevel":4,"LinkLabel":null,"HideFromNavigation":false,"Type":"section"}],"PlaceholderId":"__how_to_build","SuggestedLinkText":"Building","SuggestedLink":"$h/__how_to_build","SuggestedLinkLevel":3,"LinkLabel":null,"HideFromNavigation":true,"Type":"section"},{"Title":"Installation","Nodes":[{"Text":"The following section explains how to use the launchpaddocumentsapi library in a new project.","Type":"paragraph"},{"Steps":[{"Nodes":[{"Text":"- Add the following lines to your application's `go.mod` file:","Type":"paragraph"},{"Text":"```go\nreplace launchpaddocumentsapi => \".\\\\Random Directory\" // local path to the SDK\n\nrequire launchpaddocumentsapi v0.0.0\n```","Type":"paragraph"},{"Text":"- Resolve the dependencies in the updated `go.mod` file, using the `go get` command.","Type":"paragraph"}],"SuggestedLinkLevel":4,"Title":"Add SDK as a Dependency to the Application","Type":"step"}],"Type":"steppedguide"}],"PlaceholderId":"__how_to_use","SuggestedLinkText":"Installation","SuggestedLink":"$h/__how_to_use","SuggestedLinkLevel":3,"LinkLabel":null,"HideFromNavigation":true,"Type":"section"},{"Title":"Environments","Nodes":[],"PlaceholderId":"__enviroments","SuggestedLinkText":"Environments","SuggestedLink":"$h/__enviroments","SuggestedLinkLevel":3,"LinkLabel":null,"HideFromNavigation":true,"Type":"section"},{"Title":"Initialize the API Client","Nodes":[{"Text":"The following parameters are configurable for the API Client:","Type":"paragraph"},{"Header":{"Data":["Parameter","Type","Description"],"Type":"tablerow"},"Rows":[{"Data":["`httpConfiguration`","`HttpConfiguration`","Configurable http client options like timeout and retries."],"Type":"tablerow"},{"Data":["`customHeaderAuthenticationCredentials`","[`CustomHeaderAuthenticationCredentials`]($h/__auth_CustomHeaderAuthentication)","The Credentials Setter for Custom Header Signature"],"Type":"tablerow"}],"Type":"table"},{"Text":"The API client can be initialized as follows:","Type":"paragraph"},{"Text":"client := launchpaddocumentsapi.NewClient(\n    launchpaddocumentsapi.CreateConfiguration(\n        launchpaddocumentsapi.WithHttpConfiguration(\n            launchpaddocumentsapi.CreateHttpConfiguration(\n                launchpaddocumentsapi.WithTimeout(0),\n            ),\n        ),\n        launchpaddocumentsapi.WithCustomHeaderAuthenticationCredentials(\n            launchpaddocumentsapi.NewCustomHeaderAuthenticationCredentials(\"Authorization\"),\n        ),\n    ),\n)","Language":"go","Type":"codeblock"}],"PlaceholderId":"__initializing","SuggestedLinkText":"Initialize the API Client","SuggestedLink":"$h/__initializing","SuggestedLinkLevel":3,"LinkLabel":null,"HideFromNavigation":true,"Type":"section"},{"Title":"HttpConfiguration","Nodes":[{"Text":"The following parameters are configurable for the HttpConfiguration:","Type":"paragraph"},{"Level":1,"Text":"Properties","SuggestedLinkText":"Properties","SuggestedLink":"Properties","SuggestedLinkLevel":0,"LinkLabel":null,"HideFromNavigation":false,"Type":"heading"},{"Header":{"Data":["Name","Type","Description"],"Type":"tablerow"},"Rows":[{"Data":["`timeout`","```float64```","Timeout in milliseconds.<br>*Default*: `0`"],"Type":"tablerow"},{"Data":["`transport`","```http.RoundTripper```","Establishes network connection and caches them for reuse.<br>*Default*: `http.DefaultTransport`"],"Type":"tablerow"},{"Data":["`retryConfiguration`","```launchpaddocumentsapi.RetryConfiguration```","Configurations to retry requests.<br>*Default*: `DefaultRetryConfiguration()`"],"Type":"tablerow"}],"Type":"table"},{"Text":"The httpConfiguration can be initialized as follows:","Type":"paragraph"},{"Text":"```go\nhttpConfiguration := CreateHttpConfiguration(\n    launchpaddocumentsapi.WithTimeout(0),\n    launchpaddocumentsapi.WithTransport(http.DefaultTransport),\n    launchpaddocumentsapi.WithRetryConfiguration(DefaultRetryConfiguration()),\n)\n```","Type":"paragraph"}],"PlaceholderId":"__http_configs","SuggestedLinkText":"HttpConfiguration","SuggestedLink":"$h/__http_configs","SuggestedLinkLevel":3,"LinkLabel":null,"HideFromNavigation":true,"Type":"section"},{"Title":"RetryConfiguration","Nodes":[{"Text":"The following parameters are configurable for the RetryConfiguration:","Type":"paragraph"},{"Level":1,"Text":"Properties","SuggestedLinkText":"Properties","SuggestedLink":"Properties","SuggestedLinkLevel":0,"LinkLabel":null,"HideFromNavigation":false,"Type":"heading"},{"Header":{"Data":["Name","Type","Description"],"Type":"tablerow"},"Rows":[{"Data":["`maxRetryAttempts`","```int64```","Maximum number of retries.<br>*Default*: `0`"],"Type":"tablerow"},{"Data":["`retryOnTimeout`","```bool```","Whether to retry on request timeout.<br>*Default*: `true`"],"Type":"tablerow"},{"Data":["`retryInterval`","```time.Duration```","Interval before next retry. Used in calculation of wait time for next request in case of failure.<br>*Default*: `1`"],"Type":"tablerow"},{"Data":["`maximumRetryWaitTime`","```time.Duration```","Overall wait time for the requests getting retried.<br>*Default*: `0`"],"Type":"tablerow"},{"Data":["`backoffFactor`","```int64```","Used in calculation of wait time for next request in case of failure.<br>*Default*: `2`"],"Type":"tablerow"},{"Data":["`httpStatusCodesToRetry`","```[]int64```","Http status codes to retry against.<br>*Default*: `[]int64{408, 413, 429, 500, 502, 503, 504, 521, 522, 524, 408, 413, 429, 500, 502, 503, 504, 521, 522, 524}`"],"Type":"tablerow"},{"Data":["`httpMethodsToRetry`","```[]string```","Http methods to retry against.<br>*Default*: `[]string{\"GET\", \"PUT\", \"GET\", \"PUT\"}`"],"Type":"tablerow"}],"Type":"table"},{"Text":"The retryConfiguration can be initialized as follows:","Type":"paragraph"},{"Text":"```go\nretryConfiguration := CreateRetryConfiguration(\n    launchpaddocumentsapi.WithMaxRetryAttempts(0),\n    launchpaddocumentsapi.WithRetryOnTimeout(true),\n    launchpaddocumentsapi.WithRetryInterval(1),\n    launchpaddocumentsapi.WithMaximumRetryWaitTime(0),\n    launchpaddocumentsapi.WithBackoffFactor(2),\n    launchpaddocumentsapi.WithHttpStatusCodesToRetry([]int64{408, 413, 429, 500, 502, 503, 504, 521, 522, 524, 408, 413, 429, 500, 502, 503, 504, 521, 522, 524}),\n    launchpaddocumentsapi.WithHttpMethodsToRetry([]string{\"GET\", \"PUT\", \"GET\", \"PUT\"}),\n)\n```","Type":"paragraph"}],"PlaceholderId":"__retry_configs","SuggestedLinkText":"RetryConfiguration","SuggestedLink":"$h/__retry_configs","SuggestedLinkLevel":3,"LinkLabel":null,"HideFromNavigation":true,"Type":"section"},{"Title":"Authorization","Nodes":[{"Text":"This API uses the following authentication schemes.\n* [`api_key (Custom Header Signature)`]($h/__auth_CustomHeaderAuthentication)","Type":"paragraph"},{"Title":"api_key (Custom Header Signature)","Nodes":[{"Steps":[{"Nodes":[{"Text":"Documentation for accessing and setting credentials for api_key.","Type":"paragraph"}],"SuggestedLinkLevel":5,"Title":null,"Type":"step"},{"Nodes":[{"Header":{"Data":["Name","Type","Description","Setter","Getter"],"Type":"tablerow"},"Rows":[{"Data":["Authorization","```string```","``` License format is WORLDPAY license='xxxx'```","```WithAuthorization```","```Authorization```"],"Type":"tablerow"}],"Type":"table"}],"SuggestedLinkLevel":5,"Title":"Auth Credentials","Type":"step"},{"Nodes":[{"Text":"**Note:** Required auth credentials can be set using `WithCustomHeaderAuthenticationCredentials()` by providing a credentials instance with `NewCustomHeaderAuthenticationCredentials()` in the configuration initialization and accessed using the `CustomHeaderAuthenticationCredentials()` method in the configuration instance.","Type":"paragraph"}],"SuggestedLinkLevel":5,"Title":null,"Type":"step"},{"Nodes":[{"Steps":[{"Nodes":[{"Text":"You must provide credentials in the client as shown in the following code snippet.","Type":"paragraph"},{"Text":"client := launchpaddocumentsapi.NewClient(\n    launchpaddocumentsapi.CreateConfiguration(\n        launchpaddocumentsapi.WithCustomHeaderAuthenticationCredentials(\n            launchpaddocumentsapi.NewCustomHeaderAuthenticationCredentials(\"Authorization\"),\n        ),\n    ),\n)","Language":"go","Type":"codeblock"}],"SuggestedLinkLevel":6,"Title":"Client Initialization","Type":"step"}],"Type":"steppedguide"}],"SuggestedLinkLevel":5,"Title":"Usage Example","Type":"step"}],"Type":"steppedguide"}],"PlaceholderId":"__auth_CustomHeaderAuthentication","SuggestedLinkText":"api_key (Custom Header Signature)","SuggestedLink":"$h/__auth_CustomHeaderAuthentication","SuggestedLinkLevel":4,"LinkLabel":null,"HideFromNavigation":true,"Type":"section"}],"PlaceholderId":"__authorize","SuggestedLinkText":"Authorization","SuggestedLink":"$h/__authorize","SuggestedLinkLevel":3,"LinkLabel":null,"HideFromNavigation":true,"Type":"section"},{"Title":"Test the SDK","Nodes":[{"Title":"","Nodes":[{"Text":"`Go Testing` is used as the testing framework. To run the unit tests of the SDK, navigate to the root directory of the SDK and run the following command in the terminal:","Type":"paragraph"},{"Text":"```bash\n$ go test\n```","Type":"paragraph"}],"PlaceholderId":null,"SuggestedLinkText":"","SuggestedLink":"$h/Getting%20Started/__getting_started/__how_to_test/","SuggestedLinkLevel":4,"LinkLabel":null,"HideFromNavigation":false,"Type":"section"}],"PlaceholderId":"__how_to_test","SuggestedLinkText":"Test the SDK","SuggestedLink":"$h/__how_to_test","SuggestedLinkLevel":3,"LinkLabel":null,"HideFromNavigation":true,"Type":"section"}],"PlaceholderId":"__getting_started","SuggestedLinkText":"How to Get Started","SuggestedLink":"$h/__getting_started","SuggestedLinkLevel":2,"LinkLabel":null,"HideFromNavigation":false,"Type":"section"},{"Title":"Authentication","Nodes":[{"Text":"Learn how to use API authentication.\n\n","Type":"paragraph"}],"PlaceholderId":null,"SuggestedLinkText":"Authentication","SuggestedLink":"page:introduction/authentication","SuggestedLinkLevel":2,"LinkLabel":null,"HideFromNavigation":false,"Type":"section"},{"Title":"About the API","Nodes":[{"Title":"Tips and Best Practices","Nodes":[{"Text":"These are the tips.\n\n","Type":"paragraph"}],"PlaceholderId":null,"SuggestedLinkText":"Tips and Best Practices","SuggestedLink":"page:introduction/about-the-api/tips","SuggestedLinkLevel":3,"LinkLabel":null,"HideFromNavigation":false,"Type":"section"},{"Title":"Data Types","Nodes":[{"Text":"These are the data types.\n\n","Type":"paragraph"}],"PlaceholderId":null,"SuggestedLinkText":"Data Types","SuggestedLink":"page:introduction/about-the-api/data-types","SuggestedLinkLevel":3,"LinkLabel":null,"HideFromNavigation":false,"Type":"section"}],"PlaceholderId":null,"SuggestedLinkText":"About the API","SuggestedLink":"page:introduction/about-the-api","SuggestedLinkLevel":2,"LinkLabel":null,"HideFromNavigation":false,"Type":"section"}],"PlaceholderId":null,"SuggestedLinkText":"Getting Started","SuggestedLink":"$h/Getting%20Started","SuggestedLinkLevel":1,"LinkLabel":null,"HideFromNavigation":false,"Type":"section"},{"Title":"API Workflows Walkthroughs","Nodes":[{"Title":"This is a Guided Walkthrough File","Nodes":[{"Text":"This is the starter content\n\n","Type":"paragraph"}],"PlaceholderId":null,"SuggestedLinkText":"API Workflow 1","SuggestedLink":"page:walkthroughs/awf-1/walkthrough-1","SuggestedLinkLevel":2,"LinkLabel":null,"HideFromNavigation":false,"Type":"section"},{"Title":"This is a Guided Walkthrough File","Nodes":[{"Text":"This is the starter content\n\n","Type":"paragraph"}],"PlaceholderId":null,"SuggestedLinkText":"API Workflow 2","SuggestedLink":"page:walkthroughs/awf-2/walkthrough-1","SuggestedLinkLevel":2,"LinkLabel":null,"HideFromNavigation":false,"Type":"section"},{"Title":"This is a Guided Walkthrough File","Nodes":[{"Text":"This is the starter content\n\n","Type":"paragraph"}],"PlaceholderId":null,"SuggestedLinkText":"API Workflow 3","SuggestedLink":"page:walkthroughs/awf-3/walkthrough-1","SuggestedLinkLevel":2,"LinkLabel":null,"HideFromNavigation":false,"Type":"section"}],"PlaceholderId":null,"SuggestedLinkText":"API Workflows Walkthroughs","SuggestedLink":"$h/API%20Workflows%20Walkthroughs","SuggestedLinkLevel":1,"LinkLabel":null,"HideFromNavigation":false,"Type":"section"},{"Title":"API Reference","Nodes":[{"Title":"API Reference","Nodes":[{"Title":"List of APIs","Nodes":[{"Text":"* [Manage Documents]($e/Manage%20Documents)","Type":"paragraph"}],"PlaceholderId":null,"SuggestedLinkText":"List of APIs","SuggestedLink":"$h/__list_of_apis","SuggestedLinkLevel":3,"LinkLabel":null,"HideFromNavigation":false,"Type":"section"},{"Title":"Manage Documents","Nodes":[{"Title":"Overview","Nodes":[{"Text":"Resources to store and retrieve contract-specific documents.","Type":"paragraph"}],"PlaceholderId":null,"SuggestedLinkText":"Overview","SuggestedLink":"$h/API%20Reference/__api_reference/Manage%20Documents/Overview","SuggestedLinkLevel":4,"LinkLabel":"endpoint-group-overview","HideFromNavigation":false,"Type":"section"},{"Title":"Get Document","Nodes":[{"Title":"Get Document","Name":"GetDocument","Description":"Returns document-specific contents tied to the given External Reference ID.\n\r\n","ReturnType":"models.Document","ReturnTypeLink":"$m/Document","ResponseText":"","ReturnTypeExample":null,"AuthDescription":"This endpoint requires [api_key]($h/__auth_CustomHeaderAuthentication)","RequiredAuths":[["api_key"]],"AuthModelSchema":{"title":"api_key","type":"object","properties":{"api_key":{"$ref":"ModelSchemas#/AuthRoot/api_key"}},"required":["api_key"]},"MethodSignature":{"Text":"GetDocument(\r\n    ctx context.Context,\r\n    externalRefId uuid.UUID,\r\n    documentId string,\r\n    vCorrelationId *uuid.UUID) (\n    models.ApiResponse[models.Document],\n    error)","Language":"go","Type":"codeblock"},"Parameters":[{"Name":"externalRefId","GenericName":"externalRefId","DataType":"uuid.UUID","Description":"The externalRefId returned from POST /applications call.","Required":true,"LinkTo":"","Constant":false,"ParamType":"Header","DataTypeMarkdown":null,"ContainerName":null,"ContainerKind":null,"Discriminator":null,"ReadOnly":false,"WriteOnly":false,"ContainerTypes":null,"TypeCombinatorTypes":null,"Getter":null,"Setter":null,"Type":"paraminfo"},{"Name":"documentId","GenericName":"documentId","DataType":"string","Description":"A unique document ID returned from the Store Documents POST call.","Required":true,"LinkTo":"","Constant":false,"ParamType":"Header","DataTypeMarkdown":null,"ContainerName":null,"ContainerKind":null,"Discriminator":null,"ReadOnly":false,"WriteOnly":false,"ContainerTypes":null,"TypeCombinatorTypes":null,"Getter":null,"Setter":null,"Type":"paraminfo"},{"Name":"vCorrelationId","GenericName":"v-correlation-id","DataType":"*uuid.UUID","Description":"Unique transaction Id. Will be generated if not provided and returned in response headers.","Required":false,"LinkTo":"","Constant":false,"ParamType":"Header","DataTypeMarkdown":null,"ContainerName":null,"ContainerKind":null,"Discriminator":null,"ReadOnly":false,"WriteOnly":false,"ContainerTypes":null,"TypeCombinatorTypes":null,"Getter":null,"Setter":null,"Type":"paraminfo"}],"RequiredAuthScopes":{},"Errors":[{"Name":"ErrorResponseException","StatusCode":"Default","Description":"Default errors","LinkTo":"$m/ErrorResponse","Type":"errorinfo"}],"StaticUsageExample":null,"UsageExample":{"EndpointGroupName":"Manage Documents","EndpointName":"GetDocument","Index":0,"CallModel":{"additionalQueryParams":null,"additionalFieldParams":null,"args":{"externalRefId":"3fcb1437-4e52-4946-9ae1-e618351b6d16","documentId":"documentId8","v-correlation-id":"3fcb1437-4e52-4946-9ae1-e618351b6d16"}},"CallModelSchema":{"title":"Endpoint Arguments","type":"object","additionalProperties":false,"properties":{"args":{"id":"endpoint_7C26ABBCDB1F9","title":"endpoint_7C26ABBCDB1F9","type":"object","properties":{"externalRefId":{"description":"The externalRefId returned from POST /applications call.","example":"3fcb1437-4e52-4946-9ae1-e618351b6d16","type":"string","format":"uuid"},"documentId":{"description":"A unique document ID returned from the Store Documents POST call.","type":"string"},"v-correlation-id":{"description":"Unique transaction Id. Will be generated if not provided and returned in response headers.","example":"3fcb1437-4e52-4946-9ae1-e618351b6d16","type":"string","format":"uuid"}},"required":["externalRefId","documentId"]}},"required":["args"]},"HttpCallTemplate":"{\"method\":\"GET\",\"url\":\"https://apis.cert.worldpay.com/merchant-boarding/v1/documents{% capture inline_query_capture_876234 %}{% endcapture %}{% if inline_query_capture_876234.size > 0 %}?{% endif %}{{ inline_query_capture_876234 | remove_first:'&' }}\",\"headers\":{% capture header_capture_9023987234 %},\"Accept\":\"application/json\",\"externalRefId\":{{ call[\"args\"][\"externalRefId\"] | unwrap | json: false }},\"documentId\":{{ call[\"args\"][\"documentId\"] | json: false }}{% if call[\"args\"][\"v-correlation-id\"] != nil %},\"v-correlation-id\":{{ call[\"args\"][\"v-correlation-id\"] | unwrap | json: false }}{% endif %}{% if auth[\"api_key\"][\"Authorization\"] != nil %},\"Authorization\":{{ auth[\"api_key\"][\"Authorization\"] | json: false }}{% endif %}{% endcapture %}{{ '{' }}{{ header_capture_9023987234 | remove_first:',' }}},\"body\":{{ '{' }}\"type\":\"none\"}}","Templates":{"GO_GENERIC_LIB":"{% assign time_import = \"false\" %}{% assign utilities_import = \"false\" %}{% assign models_import = \"false\" %}{% assign uuid_import = \"false\" %}{% assign parse_time_method = \"false\" %}{% assign get_file_method = \"false\" %}{% assign api_key_any_req_auth_params = false %}{% assign api_key_any_auth_params = false %}{% capture codesample_template %}{% if showFullCode %}{% if showFullCode %}    {% endif %}client := launchpaddocumentsapi.NewClient(\n{% if showFullCode %}    {% endif %}    launchpaddocumentsapi.CreateConfiguration(\n{% if showFullCode %}    {% endif %}        launchpaddocumentsapi.WithHttpConfiguration(\n{% if showFullCode %}    {% endif %}            launchpaddocumentsapi.CreateHttpConfiguration(\n{% if showFullCode %}    {% endif %}                launchpaddocumentsapi.WithTimeout(0),\n{% if showFullCode %}    {% endif %}            ),\n{% if showFullCode %}    {% endif %}        ),{% assign api_key_any_req_auth_params = false %}{% assign api_key_any_auth_params = false %}{% if auth[\"api_key\"][\"Authorization\"] != nil and auth[\"api_key\"][\"Authorization\"].size > 0 %}{% assign api_key_any_auth_params = true %}{% assign api_key_any_req_auth_params = true %}{% endif %}{% if api_key_any_auth_params %}\n{% if showFullCode %}    {% endif %}        launchpaddocumentsapi.WithCustomHeaderAuthenticationCredentials(\n{% if showFullCode %}    {% endif %}            launchpaddocumentsapi.NewCustomHeaderAuthenticationCredentials({% if auth[\"api_key\"][\"Authorization\"] != nil %}\"{{ auth[\"api_key\"][\"Authorization\"] | replace: \"\\\\\", \"\\\\\\\\\" | replace: '\"', '\\\\\"' | replace: \"\\n\", \"\\\\n\" }}\"{% else %}\"\"{% endif %}),\n{% if showFullCode %}    {% endif %}        ),{% endif %}\n{% if showFullCode %}    {% endif %}    ),\n{% if showFullCode %}    {% endif %})\n{% if showFullCode %}    {% endif %}manageDocumentsController := client.ManageDocumentsController()\n{% endif %}\n{% if showFullCode %}    {% endif %}ctx := context.Background()\n\n{% if showFullCode %}    {% endif %}{% if call[\"args\"][\"externalRefId\"] != nil %}{% assign uuid_import = \"true\" %}externalRefId := uuid.MustParse(\"{{ call[\"args\"][\"externalRefId\"] | replace: \"\\\\\", \"\\\\\\\\\" | replace: '\"', '\\\\\"' | replace: \"\\n\", \"\\\\n\" }}\"){% else %}{% assign uuid_import = \"true\" %}externalRefId := uuid.MustParse(){% endif %}\n\n{% if showFullCode %}    {% endif %}{% if call[\"args\"][\"documentId\"] != nil %}documentId := \"{{ call[\"args\"][\"documentId\"] | replace: \"\\\\\", \"\\\\\\\\\" | replace: '\"', '\\\\\"' | replace: \"\\n\", \"\\\\n\" }}\"{% else %}documentId := \"\"{% endif %}\n\n{% if showFullCode %}    {% endif %}{% if call[\"args\"][\"v-correlation-id\"] != nil %}{% assign uuid_import = \"true\" %}vCorrelationId := uuid.MustParse(\"{{ call[\"args\"][\"v-correlation-id\"] | replace: \"\\\\\", \"\\\\\\\\\" | replace: '\"', '\\\\\"' | replace: \"\\n\", \"\\\\n\" }}\"){% endif %}\n\n{% if showFullCode %}    {% endif %}apiResponse, err := manageDocumentsController.GetDocument(ctx, {% if externalRefId %}nil{% else %}externalRefId{% endif %}, {% if documentId %}nil{% else %}documentId{% endif %}, {% if call[\"args\"][\"v-correlation-id\"] == nil %}nil{% else %}&vCorrelationId{% endif %})\n{% if showFullCode %}    {% endif %}if err != nil {\n{% if showFullCode %}    {% endif %}    log.Fatalln(err)\n{% if showFullCode %}    {% endif %}} else {\n{% if showFullCode %}    {% endif %}    // Printing the result and response\n{% if showFullCode %}    {% endif %}    fmt.Println(apiResponse.Data)\n{% if showFullCode %}    {% endif %}    fmt.Println(apiResponse.Response.StatusCode)\n{% if showFullCode %}    {% endif %}}\n{% endcapture %}{% if showFullCode %}package main\n\nimport (\n    \"fmt\"\n    \"log\"\n    \"context\"\n    \"launchpaddocumentsapi\"\n{% if time_import == \"true\" %}    \"time\"\n{% endif %}{% if utilities_import == \"true\" %}    \"github.com/apimatic/go-core-runtime/utilities\"\n{% endif %}{% if models_import == \"true\" %}    \"launchpaddocumentsapi/models\"\n{% endif %}{% if uuid_import == \"true\" %}    \"github.com/google/uuid\"\n{% endif %})\n\nfunc main() {\n{% if parse_time_method == \"true\" %}{% if showFullCode %}    {% endif %}parseTime := func(layout, value string, errCallback func(error)) time.Time {\n{% if showFullCode %}    {% endif %}    dateTime, err := time.Parse(layout, value)\n{% if showFullCode %}    {% endif %}    if err != nil {\n{% if showFullCode %}    {% endif %}        errCallback(err) \n{% if showFullCode %}    {% endif %}   }\n{% if showFullCode %}    {% endif %}    return dateTime\n{% if showFullCode %}    {% endif %}}\n{% endif %}{% if get_file_method == \"true\" %}\n{% if showFullCode %}    {% endif %}getFile := func(fileData string, errCallback func(error)) models.FileWrapper {\n{% if showFullCode %}    {% endif %}    file, err := models.GetFile(fileData)\n{% if showFullCode %}    {% endif %}    if err != nil {\n{% if showFullCode %}    {% endif %}        errCallback(err) \n{% if showFullCode %}    {% endif %}   }\n{% if showFullCode %}    {% endif %}    return file\n{% if showFullCode %}    {% endif %}}\n{% endif %}{% endif %}{{ codesample_template }}{% if showFullCode %}}\n{% endif %}"},"Globals":{"time_import":false,"utilities_import":false,"models_import":false,"uuid_import":false,"parse_time_method":false,"get_file_method":false},"Type":"compilablecodeblock"},"Response":[{"StatusCode":"200","Name":"response200","Description":"success","Headers":[{"Name":"v-correlation-id","DataType":"uuid.UUID","Description":"Unique transaction Id. Will be generated if not provided and returned in response headers.","Required":true,"LinkTo":"","Constant":false,"Example":"3fcb1437-4e52-4946-9ae1-e618351b6d16","Type":"responseheaderinfo"}],"Content":[{"ContentType":"application/json","DataType":"models.Document","LinkTo":"$m/Document","Example":null,"Examples":null,"Type":"responsecontentinfo"}],"Type":"responseinfo"},{"StatusCode":"0","Name":"response0","Description":"Default errors","Headers":[],"Content":[{"ContentType":"application/json","DataType":"models.ErrorResponseException","LinkTo":"$m/ErrorResponse","Example":{"Text":"{\r\n  \"httpStatusCode\": 400,\r\n  \"httpStatusMessage\": \"BAD_REQUEST\",\r\n  \"errors\": [\r\n    {\r\n      \"errorCode\": \"PARAMETER_VALIDATION_ERROR\",\r\n      \"errorMessage\": \"PartnerId is missing in header.\",\r\n      \"target\": \"partnerId\"\r\n    }\r\n  ]\r\n}","Language":"json","Type":"codeblock"},"Examples":null,"Type":"responsecontentinfo"}],"Type":"responseinfo"}],"ServerName":null,"Id":null,"Type":"endpointreference"}],"PlaceholderId":null,"SuggestedLinkText":"Get Document","SuggestedLink":"$e/Manage%20Documents/GetDocument","SuggestedLinkLevel":4,"LinkLabel":"http-get","HideFromNavigation":false,"Type":"section"},{"Title":"Store Document","Nodes":[{"Title":"Store Document","Name":"StoreDocument","Description":"This is an optional step that allows merchants to submit any additional documents to help with the underwriting process, such as passports and driver's licenses. In the PII collection flow, use this endpoint to store and submit the signed contract.\n\r\n","ReturnType":"models.DocumentResponse","ReturnTypeLink":"$m/DocumentResponse","ResponseText":"","ReturnTypeExample":null,"AuthDescription":"This endpoint requires [api_key]($h/__auth_CustomHeaderAuthentication)","RequiredAuths":[["api_key"]],"AuthModelSchema":{"title":"api_key","type":"object","properties":{"api_key":{"$ref":"ModelSchemas#/AuthRoot/api_key"}},"required":["api_key"]},"MethodSignature":{"Text":"StoreDocument(\r\n    ctx context.Context,\r\n    externalRefId uuid.UUID,\r\n    body models.DocumentRequest,\r\n    contentType *models.ContentTypeEnum,\r\n    vCorrelationId *uuid.UUID) (\n    models.ApiResponse[models.DocumentResponse],\n    error)","Language":"go","Type":"codeblock"},"Parameters":[{"Name":"externalRefId","GenericName":"externalRefId","DataType":"uuid.UUID","Description":"The externalRefId returned from POST /applications call.","Required":true,"LinkTo":"","Constant":false,"ParamType":"Header","DataTypeMarkdown":null,"ContainerName":null,"ContainerKind":null,"Discriminator":null,"ReadOnly":false,"WriteOnly":false,"ContainerTypes":null,"TypeCombinatorTypes":null,"Getter":null,"Setter":null,"Type":"paraminfo"},{"Name":"body","GenericName":"body","DataType":"models.DocumentRequest","Description":"-","Required":true,"LinkTo":"$m/DocumentRequest","Constant":false,"ParamType":"Body","DataTypeMarkdown":null,"ContainerName":null,"ContainerKind":null,"Discriminator":null,"ReadOnly":false,"WriteOnly":false,"ContainerTypes":null,"TypeCombinatorTypes":null,"Getter":null,"Setter":null,"Type":"paraminfo"},{"Name":"contentType","GenericName":"content-Type","DataType":"*models.ContentTypeEnum","Description":"Indicates the media type of the request-body. Accepts application/json.<br>**Default**: `\"application/json\"`","Required":false,"LinkTo":"$m/content-Type","Constant":false,"ParamType":"Header","DataTypeMarkdown":null,"ContainerName":null,"ContainerKind":null,"Discriminator":null,"ReadOnly":false,"WriteOnly":false,"ContainerTypes":null,"TypeCombinatorTypes":null,"Getter":null,"Setter":null,"Type":"paraminfo"},{"Name":"vCorrelationId","GenericName":"v-correlation-id","DataType":"*uuid.UUID","Description":"Unique transaction Id. Will be generated if not provided and returned in response headers.","Required":false,"LinkTo":"","Constant":false,"ParamType":"Header","DataTypeMarkdown":null,"ContainerName":null,"ContainerKind":null,"Discriminator":null,"ReadOnly":false,"WriteOnly":false,"ContainerTypes":null,"TypeCombinatorTypes":null,"Getter":null,"Setter":null,"Type":"paraminfo"}],"RequiredAuthScopes":{},"Errors":[{"Name":"ErrorResponseException","StatusCode":"Default","Description":"Default errors","LinkTo":"$m/ErrorResponse","Type":"errorinfo"}],"StaticUsageExample":null,"UsageExample":{"EndpointGroupName":"Manage Documents","EndpointName":"StoreDocument","Index":1,"CallModel":{"additionalQueryParams":null,"additionalFieldParams":null,"args":{"externalRefId":"3fcb1437-4e52-4946-9ae1-e618351b6d16","body":{},"content-Type":"application/json","v-correlation-id":"3fcb1437-4e52-4946-9ae1-e618351b6d16"}},"CallModelSchema":{"title":"Endpoint Arguments","type":"object","additionalProperties":false,"properties":{"args":{"id":"endpoint_7C26ABBCDB1F9","title":"endpoint_7C26ABBCDB1F9","type":"object","properties":{"externalRefId":{"description":"The externalRefId returned from POST /applications call.","example":"3fcb1437-4e52-4946-9ae1-e618351b6d16","type":"string","format":"uuid"},"body":{"$ref":"ModelSchemas#/Root/DocumentRequest"},"content-Type":{"$ref":"ModelSchemas#/Root/content-Type"},"v-correlation-id":{"description":"Unique transaction Id. Will be generated if not provided and returned in response headers.","example":"3fcb1437-4e52-4946-9ae1-e618351b6d16","type":"string","format":"uuid"}},"required":["externalRefId","body"]}},"required":["args"]},"HttpCallTemplate":"{\"method\":\"POST\",\"url\":\"https://apis.cert.worldpay.com/merchant-boarding/v1/documents{% capture inline_query_capture_876234 %}{% endcapture %}{% if inline_query_capture_876234.size > 0 %}?{% endif %}{{ inline_query_capture_876234 | remove_first:'&' }}\",\"headers\":{% capture header_capture_9023987234 %},\"Accept\":\"application/json\",\"externalRefId\":{{ call[\"args\"][\"externalRefId\"] | unwrap | json: false }}{% if call[\"args\"][\"content-Type\"] != nil %},\"content-Type\":{{ call[\"args\"][\"content-Type\"] | json: false }}{% endif %}{% if call[\"args\"][\"v-correlation-id\"] != nil %},\"v-correlation-id\":{{ call[\"args\"][\"v-correlation-id\"] | unwrap | json: false }}{% endif %}{% if auth[\"api_key\"][\"Authorization\"] != nil %},\"Authorization\":{{ auth[\"api_key\"][\"Authorization\"] | json: false }}{% endif %}{% endcapture %}{{ '{' }}{{ header_capture_9023987234 | remove_first:',' }}},\"body\":{{ '{' }}\"type\":\"json\",\"data\":{% if call[\"args\"][\"body\"] != nil %}{{ call[\"args\"][\"body\"] | json: false }}{% else %}null{% endif %}}}","Templates":{"GO_GENERIC_LIB":"{% assign time_import = \"false\" %}{% assign utilities_import = \"false\" %}{% assign models_import = \"false\" %}{% assign uuid_import = \"false\" %}{% assign parse_time_method = \"false\" %}{% assign get_file_method = \"false\" %}{% assign api_key_any_req_auth_params = false %}{% assign api_key_any_auth_params = false %}{% capture codesample_template %}{% if showFullCode %}{% if showFullCode %}    {% endif %}client := launchpaddocumentsapi.NewClient(\n{% if showFullCode %}    {% endif %}    launchpaddocumentsapi.CreateConfiguration(\n{% if showFullCode %}    {% endif %}        launchpaddocumentsapi.WithHttpConfiguration(\n{% if showFullCode %}    {% endif %}            launchpaddocumentsapi.CreateHttpConfiguration(\n{% if showFullCode %}    {% endif %}                launchpaddocumentsapi.WithTimeout(0),\n{% if showFullCode %}    {% endif %}            ),\n{% if showFullCode %}    {% endif %}        ),{% assign api_key_any_req_auth_params = false %}{% assign api_key_any_auth_params = false %}{% if auth[\"api_key\"][\"Authorization\"] != nil and auth[\"api_key\"][\"Authorization\"].size > 0 %}{% assign api_key_any_auth_params = true %}{% assign api_key_any_req_auth_params = true %}{% endif %}{% if api_key_any_auth_params %}\n{% if showFullCode %}    {% endif %}        launchpaddocumentsapi.WithCustomHeaderAuthenticationCredentials(\n{% if showFullCode %}    {% endif %}            launchpaddocumentsapi.NewCustomHeaderAuthenticationCredentials({% if auth[\"api_key\"][\"Authorization\"] != nil %}\"{{ auth[\"api_key\"][\"Authorization\"] | replace: \"\\\\\", \"\\\\\\\\\" | replace: '\"', '\\\\\"' | replace: \"\\n\", \"\\\\n\" }}\"{% else %}\"\"{% endif %}),\n{% if showFullCode %}    {% endif %}        ),{% endif %}\n{% if showFullCode %}    {% endif %}    ),\n{% if showFullCode %}    {% endif %})\n{% if showFullCode %}    {% endif %}manageDocumentsController := client.ManageDocumentsController()\n{% endif %}\n{% if showFullCode %}    {% endif %}ctx := context.Background()\n\n{% if showFullCode %}    {% endif %}{% if call[\"args\"][\"externalRefId\"] != nil %}{% assign uuid_import = \"true\" %}externalRefId := uuid.MustParse(\"{{ call[\"args\"][\"externalRefId\"] | replace: \"\\\\\", \"\\\\\\\\\" | replace: '\"', '\\\\\"' | replace: \"\\n\", \"\\\\n\" }}\"){% else %}{% assign uuid_import = \"true\" %}externalRefId := uuid.MustParse(){% endif %}\n\n{% if showFullCode %}    {% endif %}{% if call[\"args\"][\"body\"] != nil %}body := {% render 'documentrequest', field: call[\"args\"][\"body\"], indent: '', showFullCode: showFullCode %}{% endif %}\n\n{% if showFullCode %}    {% endif %}{% if call[\"args\"][\"content-Type\"] != nil %}{% assign models_import = \"true\" %}contentType := models.ContentTypeEnum(\"{{ call[\"args\"][\"content-Type\"] | replace: \"\\\\\", \"\\\\\\\\\" | replace: '\"', '\\\\\"' | replace: \"\\n\", \"\\\\n\" }}\"){% endif %}\n\n{% if showFullCode %}    {% endif %}{% if call[\"args\"][\"v-correlation-id\"] != nil %}{% assign uuid_import = \"true\" %}vCorrelationId := uuid.MustParse(\"{{ call[\"args\"][\"v-correlation-id\"] | replace: \"\\\\\", \"\\\\\\\\\" | replace: '\"', '\\\\\"' | replace: \"\\n\", \"\\\\n\" }}\"){% endif %}\n\n{% assign models_import = \"true\" %}{% if showFullCode %}    {% endif %}apiResponse, err := manageDocumentsController.StoreDocument(ctx, {% if externalRefId %}nil{% else %}externalRefId{% endif %}, {% if body %}nil{% else %}body{% endif %}, {% if call[\"args\"][\"content-Type\"] == nil %}nil{% else %}&contentType{% endif %}, {% if call[\"args\"][\"v-correlation-id\"] == nil %}nil{% else %}&vCorrelationId{% endif %})\n{% if showFullCode %}    {% endif %}if err != nil {\n{% if showFullCode %}    {% endif %}    log.Fatalln(err)\n{% if showFullCode %}    {% endif %}} else {\n{% if showFullCode %}    {% endif %}    // Printing the result and response\n{% if showFullCode %}    {% endif %}    fmt.Println(apiResponse.Data)\n{% if showFullCode %}    {% endif %}    fmt.Println(apiResponse.Response.StatusCode)\n{% if showFullCode %}    {% endif %}}\n{% endcapture %}{% if showFullCode %}package main\n\nimport (\n    \"fmt\"\n    \"log\"\n    \"context\"\n    \"launchpaddocumentsapi\"\n{% if time_import == \"true\" %}    \"time\"\n{% endif %}{% if utilities_import == \"true\" %}    \"github.com/apimatic/go-core-runtime/utilities\"\n{% endif %}{% if models_import == \"true\" %}    \"launchpaddocumentsapi/models\"\n{% endif %}{% if uuid_import == \"true\" %}    \"github.com/google/uuid\"\n{% endif %})\n\nfunc main() {\n{% if parse_time_method == \"true\" %}{% if showFullCode %}    {% endif %}parseTime := func(layout, value string, errCallback func(error)) time.Time {\n{% if showFullCode %}    {% endif %}    dateTime, err := time.Parse(layout, value)\n{% if showFullCode %}    {% endif %}    if err != nil {\n{% if showFullCode %}    {% endif %}        errCallback(err) \n{% if showFullCode %}    {% endif %}   }\n{% if showFullCode %}    {% endif %}    return dateTime\n{% if showFullCode %}    {% endif %}}\n{% endif %}{% if get_file_method == \"true\" %}\n{% if showFullCode %}    {% endif %}getFile := func(fileData string, errCallback func(error)) models.FileWrapper {\n{% if showFullCode %}    {% endif %}    file, err := models.GetFile(fileData)\n{% if showFullCode %}    {% endif %}    if err != nil {\n{% if showFullCode %}    {% endif %}        errCallback(err) \n{% if showFullCode %}    {% endif %}   }\n{% if showFullCode %}    {% endif %}    return file\n{% if showFullCode %}    {% endif %}}\n{% endif %}{% endif %}{{ codesample_template }}{% if showFullCode %}}\n{% endif %}"},"Globals":{"time_import":false,"utilities_import":false,"models_import":false,"uuid_import":false,"parse_time_method":false,"get_file_method":false},"Type":"compilablecodeblock"},"Response":[{"StatusCode":"200","Name":"response200","Description":"Success","Headers":[{"Name":"v-correlation-id","DataType":"uuid.UUID","Description":"Unique transaction Id. Will be generated if not provided and returned in response headers.","Required":true,"LinkTo":"","Constant":false,"Example":"3fcb1437-4e52-4946-9ae1-e618351b6d16","Type":"responseheaderinfo"}],"Content":[{"ContentType":"application/json","DataType":"models.DocumentResponse","LinkTo":"$m/DocumentResponse","Example":null,"Examples":null,"Type":"responsecontentinfo"}],"Type":"responseinfo"},{"StatusCode":"0","Name":"response0","Description":"Default errors","Headers":[],"Content":[{"ContentType":"application/json","DataType":"models.ErrorResponseException","LinkTo":"$m/ErrorResponse","Example":{"Text":"{\r\n  \"httpStatusCode\": 400,\r\n  \"httpStatusMessage\": \"BAD_REQUEST\",\r\n  \"errors\": [\r\n    {\r\n      \"errorCode\": \"PARAMETER_VALIDATION_ERROR\",\r\n      \"errorMessage\": \"PartnerId is missing in header.\",\r\n      \"target\": \"partnerId\"\r\n    }\r\n  ]\r\n}","Language":"json","Type":"codeblock"},"Examples":null,"Type":"responsecontentinfo"}],"Type":"responseinfo"}],"ServerName":null,"Id":null,"Type":"endpointreference"}],"PlaceholderId":null,"SuggestedLinkText":"Store Document","SuggestedLink":"$e/Manage%20Documents/StoreDocument","SuggestedLinkLevel":4,"LinkLabel":"http-post","HideFromNavigation":false,"Type":"section"},{"Title":"Get Document Metadata","Nodes":[{"Title":"Get Document Metadata","Name":"GetDocumentMetadata","Description":"Returns a list of documents tied to the given external reference ID.\n\r\n","ReturnType":"models.DocumentListResponse","ReturnTypeLink":"$m/DocumentListResponse","ResponseText":"","ReturnTypeExample":null,"AuthDescription":"This endpoint requires [api_key]($h/__auth_CustomHeaderAuthentication)","RequiredAuths":[["api_key"]],"AuthModelSchema":{"title":"api_key","type":"object","properties":{"api_key":{"$ref":"ModelSchemas#/AuthRoot/api_key"}},"required":["api_key"]},"MethodSignature":{"Text":"GetDocumentMetadata(\r\n    ctx context.Context,\r\n    externalRefId uuid.UUID,\r\n    vCorrelationId *uuid.UUID) (\n    models.ApiResponse[models.DocumentListResponse],\n    error)","Language":"go","Type":"codeblock"},"Parameters":[{"Name":"externalRefId","GenericName":"externalRefId","DataType":"uuid.UUID","Description":"The externalRefId returned from POST /applications call.","Required":true,"LinkTo":"","Constant":false,"ParamType":"Header","DataTypeMarkdown":null,"ContainerName":null,"ContainerKind":null,"Discriminator":null,"ReadOnly":false,"WriteOnly":false,"ContainerTypes":null,"TypeCombinatorTypes":null,"Getter":null,"Setter":null,"Type":"paraminfo"},{"Name":"vCorrelationId","GenericName":"v-correlation-id","DataType":"*uuid.UUID","Description":"Unique transaction Id. Will be generated if not provided and returned in response headers.","Required":false,"LinkTo":"","Constant":false,"ParamType":"Header","DataTypeMarkdown":null,"ContainerName":null,"ContainerKind":null,"Discriminator":null,"ReadOnly":false,"WriteOnly":false,"ContainerTypes":null,"TypeCombinatorTypes":null,"Getter":null,"Setter":null,"Type":"paraminfo"}],"RequiredAuthScopes":{},"Errors":[{"Name":"ErrorResponseException","StatusCode":"Default","Description":"Default errors","LinkTo":"$m/ErrorResponse","Type":"errorinfo"}],"StaticUsageExample":null,"UsageExample":{"EndpointGroupName":"Manage Documents","EndpointName":"GetDocumentMetadata","Index":2,"CallModel":{"additionalQueryParams":null,"additionalFieldParams":null,"args":{"externalRefId":"3fcb1437-4e52-4946-9ae1-e618351b6d16","v-correlation-id":"3fcb1437-4e52-4946-9ae1-e618351b6d16"}},"CallModelSchema":{"title":"Endpoint Arguments","type":"object","additionalProperties":false,"properties":{"args":{"id":"endpoint_7C26ABBCDB1F9","title":"endpoint_7C26ABBCDB1F9","type":"object","properties":{"externalRefId":{"description":"The externalRefId returned from POST /applications call.","example":"3fcb1437-4e52-4946-9ae1-e618351b6d16","type":"string","format":"uuid"},"v-correlation-id":{"description":"Unique transaction Id. Will be generated if not provided and returned in response headers.","example":"3fcb1437-4e52-4946-9ae1-e618351b6d16","type":"string","format":"uuid"}},"required":["externalRefId"]}},"required":["args"]},"HttpCallTemplate":"{\"method\":\"GET\",\"url\":\"https://apis.cert.worldpay.com/merchant-boarding/v1/documents/List{% capture inline_query_capture_876234 %}{% endcapture %}{% if inline_query_capture_876234.size > 0 %}?{% endif %}{{ inline_query_capture_876234 | remove_first:'&' }}\",\"headers\":{% capture header_capture_9023987234 %},\"Accept\":\"application/json\",\"externalRefId\":{{ call[\"args\"][\"externalRefId\"] | unwrap | json: false }}{% if call[\"args\"][\"v-correlation-id\"] != nil %},\"v-correlation-id\":{{ call[\"args\"][\"v-correlation-id\"] | unwrap | json: false }}{% endif %}{% if auth[\"api_key\"][\"Authorization\"] != nil %},\"Authorization\":{{ auth[\"api_key\"][\"Authorization\"] | json: false }}{% endif %}{% endcapture %}{{ '{' }}{{ header_capture_9023987234 | remove_first:',' }}},\"body\":{{ '{' }}\"type\":\"none\"}}","Templates":{"GO_GENERIC_LIB":"{% assign time_import = \"false\" %}{% assign utilities_import = \"false\" %}{% assign models_import = \"false\" %}{% assign uuid_import = \"false\" %}{% assign parse_time_method = \"false\" %}{% assign get_file_method = \"false\" %}{% assign api_key_any_req_auth_params = false %}{% assign api_key_any_auth_params = false %}{% capture codesample_template %}{% if showFullCode %}{% if showFullCode %}    {% endif %}client := launchpaddocumentsapi.NewClient(\n{% if showFullCode %}    {% endif %}    launchpaddocumentsapi.CreateConfiguration(\n{% if showFullCode %}    {% endif %}        launchpaddocumentsapi.WithHttpConfiguration(\n{% if showFullCode %}    {% endif %}            launchpaddocumentsapi.CreateHttpConfiguration(\n{% if showFullCode %}    {% endif %}                launchpaddocumentsapi.WithTimeout(0),\n{% if showFullCode %}    {% endif %}            ),\n{% if showFullCode %}    {% endif %}        ),{% assign api_key_any_req_auth_params = false %}{% assign api_key_any_auth_params = false %}{% if auth[\"api_key\"][\"Authorization\"] != nil and auth[\"api_key\"][\"Authorization\"].size > 0 %}{% assign api_key_any_auth_params = true %}{% assign api_key_any_req_auth_params = true %}{% endif %}{% if api_key_any_auth_params %}\n{% if showFullCode %}    {% endif %}        launchpaddocumentsapi.WithCustomHeaderAuthenticationCredentials(\n{% if showFullCode %}    {% endif %}            launchpaddocumentsapi.NewCustomHeaderAuthenticationCredentials({% if auth[\"api_key\"][\"Authorization\"] != nil %}\"{{ auth[\"api_key\"][\"Authorization\"] | replace: \"\\\\\", \"\\\\\\\\\" | replace: '\"', '\\\\\"' | replace: \"\\n\", \"\\\\n\" }}\"{% else %}\"\"{% endif %}),\n{% if showFullCode %}    {% endif %}        ),{% endif %}\n{% if showFullCode %}    {% endif %}    ),\n{% if showFullCode %}    {% endif %})\n{% if showFullCode %}    {% endif %}manageDocumentsController := client.ManageDocumentsController()\n{% endif %}\n{% if showFullCode %}    {% endif %}ctx := context.Background()\n\n{% if showFullCode %}    {% endif %}{% if call[\"args\"][\"externalRefId\"] != nil %}{% assign uuid_import = \"true\" %}externalRefId := uuid.MustParse(\"{{ call[\"args\"][\"externalRefId\"] | replace: \"\\\\\", \"\\\\\\\\\" | replace: '\"', '\\\\\"' | replace: \"\\n\", \"\\\\n\" }}\"){% else %}{% assign uuid_import = \"true\" %}externalRefId := uuid.MustParse(){% endif %}\n\n{% if showFullCode %}    {% endif %}{% if call[\"args\"][\"v-correlation-id\"] != nil %}{% assign uuid_import = \"true\" %}vCorrelationId := uuid.MustParse(\"{{ call[\"args\"][\"v-correlation-id\"] | replace: \"\\\\\", \"\\\\\\\\\" | replace: '\"', '\\\\\"' | replace: \"\\n\", \"\\\\n\" }}\"){% endif %}\n\n{% if showFullCode %}    {% endif %}apiResponse, err := manageDocumentsController.GetDocumentMetadata(ctx, {% if externalRefId %}nil{% else %}externalRefId{% endif %}, {% if call[\"args\"][\"v-correlation-id\"] == nil %}nil{% else %}&vCorrelationId{% endif %})\n{% if showFullCode %}    {% endif %}if err != nil {\n{% if showFullCode %}    {% endif %}    log.Fatalln(err)\n{% if showFullCode %}    {% endif %}} else {\n{% if showFullCode %}    {% endif %}    // Printing the result and response\n{% if showFullCode %}    {% endif %}    fmt.Println(apiResponse.Data)\n{% if showFullCode %}    {% endif %}    fmt.Println(apiResponse.Response.StatusCode)\n{% if showFullCode %}    {% endif %}}\n{% endcapture %}{% if showFullCode %}package main\n\nimport (\n    \"fmt\"\n    \"log\"\n    \"context\"\n    \"launchpaddocumentsapi\"\n{% if time_import == \"true\" %}    \"time\"\n{% endif %}{% if utilities_import == \"true\" %}    \"github.com/apimatic/go-core-runtime/utilities\"\n{% endif %}{% if models_import == \"true\" %}    \"launchpaddocumentsapi/models\"\n{% endif %}{% if uuid_import == \"true\" %}    \"github.com/google/uuid\"\n{% endif %})\n\nfunc main() {\n{% if parse_time_method == \"true\" %}{% if showFullCode %}    {% endif %}parseTime := func(layout, value string, errCallback func(error)) time.Time {\n{% if showFullCode %}    {% endif %}    dateTime, err := time.Parse(layout, value)\n{% if showFullCode %}    {% endif %}    if err != nil {\n{% if showFullCode %}    {% endif %}        errCallback(err) \n{% if showFullCode %}    {% endif %}   }\n{% if showFullCode %}    {% endif %}    return dateTime\n{% if showFullCode %}    {% endif %}}\n{% endif %}{% if get_file_method == \"true\" %}\n{% if showFullCode %}    {% endif %}getFile := func(fileData string, errCallback func(error)) models.FileWrapper {\n{% if showFullCode %}    {% endif %}    file, err := models.GetFile(fileData)\n{% if showFullCode %}    {% endif %}    if err != nil {\n{% if showFullCode %}    {% endif %}        errCallback(err) \n{% if showFullCode %}    {% endif %}   }\n{% if showFullCode %}    {% endif %}    return file\n{% if showFullCode %}    {% endif %}}\n{% endif %}{% endif %}{{ codesample_template }}{% if showFullCode %}}\n{% endif %}"},"Globals":{"time_import":false,"utilities_import":false,"models_import":false,"uuid_import":false,"parse_time_method":false,"get_file_method":false},"Type":"compilablecodeblock"},"Response":[{"StatusCode":"200","Name":"response200","Description":"Success","Headers":[{"Name":"v-correlation-id","DataType":"uuid.UUID","Description":"Unique transaction Id. Will be generated if not provided and returned in response headers.","Required":true,"LinkTo":"","Constant":false,"Example":"3fcb1437-4e52-4946-9ae1-e618351b6d16","Type":"responseheaderinfo"}],"Content":[{"ContentType":"application/json","DataType":"models.DocumentListResponse","LinkTo":"$m/DocumentListResponse","Example":null,"Examples":null,"Type":"responsecontentinfo"}],"Type":"responseinfo"},{"StatusCode":"0","Name":"response0","Description":"Default errors","Headers":[],"Content":[{"ContentType":"application/json","DataType":"models.ErrorResponseException","LinkTo":"$m/ErrorResponse","Example":{"Text":"{\r\n  \"httpStatusCode\": 400,\r\n  \"httpStatusMessage\": \"BAD_REQUEST\",\r\n  \"errors\": [\r\n    {\r\n      \"errorCode\": \"PARAMETER_VALIDATION_ERROR\",\r\n      \"errorMessage\": \"PartnerId is missing in header.\",\r\n      \"target\": \"partnerId\"\r\n    }\r\n  ]\r\n}","Language":"json","Type":"codeblock"},"Examples":null,"Type":"responsecontentinfo"}],"Type":"responseinfo"}],"ServerName":null,"Id":null,"Type":"endpointreference"}],"PlaceholderId":null,"SuggestedLinkText":"Get Document Metadata","SuggestedLink":"$e/Manage%20Documents/GetDocumentMetadata","SuggestedLinkLevel":4,"LinkLabel":"http-get","HideFromNavigation":false,"Type":"section"}],"PlaceholderId":null,"SuggestedLinkText":"Manage Documents","SuggestedLink":"$e/Manage%20Documents","SuggestedLinkLevel":3,"LinkLabel":null,"HideFromNavigation":false,"Type":"section"}],"PlaceholderId":"__api_reference","SuggestedLinkText":"API Reference","SuggestedLink":"$h/__api_reference","SuggestedLinkLevel":2,"LinkLabel":null,"HideFromNavigation":false,"Type":"section"},{"Title":"Model Reference","Nodes":[{"Title":"Structures","Nodes":[{"Text":"* [Document Request]($m/DocumentRequest)\n* [Document Response]($m/DocumentResponse)\n* [Document]($m/Document)\n* [Document List Response]($m/DocumentListResponse)\n* [Documents Meta Data]($m/DocumentsMetaData)\n* [Error]($m/Error)","Type":"paragraph"},{"Title":"Document Request","Nodes":[{"Fields":[{"Name":"Document","GenericName":"document","DataType":"*models.Document","Description":"-","Required":false,"LinkTo":"$m/Document","Constant":false,"ParamType":null,"DataTypeMarkdown":null,"ContainerName":null,"ContainerKind":null,"Discriminator":null,"ReadOnly":false,"WriteOnly":false,"ContainerTypes":null,"TypeCombinatorTypes":null,"Getter":null,"Setter":null,"Type":"paraminfo"}],"HasGetters":false,"HasSetters":false,"Title":"Document Request","Name":"DocumentRequest","OriginalName":"DocumentRequest","Description":null,"BaseClass":null,"BaseClassLink":null,"ChildClassesLink":null,"LinkTo":"$m/DocumentRequest","StructureType":"Class Name","ContainedTypesName":"Fields","Example":{"Text":"{\r\n  \"document\": {\r\n    \"fileName\": \"fileName0\",\r\n    \"fileExtension\": \"TIF\",\r\n    \"content\": \"content0\",\r\n    \"version\": 90,\r\n    \"uploadedBy\": \"uploadedBy8\"\r\n  }\r\n}","Language":"json","Type":"codeblock"},"Id":null,"Type":"structurereference"}],"PlaceholderId":null,"SuggestedLinkText":"Document Request","SuggestedLink":"$m/DocumentRequest","SuggestedLinkLevel":4,"LinkLabel":null,"HideFromNavigation":false,"Type":"section"},{"Title":"Document Response","Nodes":[{"Fields":[{"Name":"DocumentId","GenericName":"documentId","DataType":"*string","Description":"-","Required":false,"LinkTo":"","Constant":false,"ParamType":null,"DataTypeMarkdown":null,"ContainerName":null,"ContainerKind":null,"Discriminator":null,"ReadOnly":false,"WriteOnly":false,"ContainerTypes":null,"TypeCombinatorTypes":null,"Getter":null,"Setter":null,"Type":"paraminfo"}],"HasGetters":false,"HasSetters":false,"Title":"Document Response","Name":"DocumentResponse","OriginalName":"DocumentResponse","Description":null,"BaseClass":null,"BaseClassLink":null,"ChildClassesLink":null,"LinkTo":"$m/DocumentResponse","StructureType":"Class Name","ContainedTypesName":"Fields","Example":{"Text":"{\r\n  \"documentId\": \"6114\"\r\n}","Language":"json","Type":"codeblock"},"Id":null,"Type":"structurereference"}],"PlaceholderId":null,"SuggestedLinkText":"Document Response","SuggestedLink":"$m/DocumentResponse","SuggestedLinkLevel":4,"LinkLabel":null,"HideFromNavigation":false,"Type":"section"},{"Title":"Document","Nodes":[{"Fields":[{"Name":"FileName","GenericName":"fileName","DataType":"*string","Description":"Document name.<br>**Constraints**: *Maximum Length*: `150`","Required":false,"LinkTo":"","Constant":false,"ParamType":null,"DataTypeMarkdown":null,"ContainerName":null,"ContainerKind":null,"Discriminator":null,"ReadOnly":false,"WriteOnly":false,"ContainerTypes":null,"TypeCombinatorTypes":null,"Getter":null,"Setter":null,"Type":"paraminfo"},{"Name":"FileExtension","GenericName":"fileExtension","DataType":"*models.FileExtensionEnum","Description":"Document type.","Required":false,"LinkTo":"$m/FileExtension","Constant":false,"ParamType":null,"DataTypeMarkdown":null,"ContainerName":null,"ContainerKind":null,"Discriminator":null,"ReadOnly":false,"WriteOnly":false,"ContainerTypes":null,"TypeCombinatorTypes":null,"Getter":null,"Setter":null,"Type":"paraminfo"},{"Name":"Content","GenericName":"content","DataType":"*string","Description":"Base 64 encoded binary string of docuement content. Maxium string length is 12MB.<br>**Constraints**: *Maximum Length*: `12000000`","Required":false,"LinkTo":"","Constant":false,"ParamType":null,"DataTypeMarkdown":null,"ContainerName":null,"ContainerKind":null,"Discriminator":null,"ReadOnly":false,"WriteOnly":false,"ContainerTypes":null,"TypeCombinatorTypes":null,"Getter":null,"Setter":null,"Type":"paraminfo"},{"Name":"Version","GenericName":"version","DataType":"*int","Description":"Version of the document.","Required":false,"LinkTo":"","Constant":false,"ParamType":null,"DataTypeMarkdown":null,"ContainerName":null,"ContainerKind":null,"Discriminator":null,"ReadOnly":false,"WriteOnly":false,"ContainerTypes":null,"TypeCombinatorTypes":null,"Getter":null,"Setter":null,"Type":"paraminfo"},{"Name":"UploadedBy","GenericName":"uploadedBy","DataType":"*string","Description":"Name of the user who uploaded the document. Maximum field length of 8 characters.<br>**Constraints**: *Minimum Length*: `1`, *Maximum Length*: `8`","Required":false,"LinkTo":"","Constant":false,"ParamType":null,"DataTypeMarkdown":null,"ContainerName":null,"ContainerKind":null,"Discriminator":null,"ReadOnly":false,"WriteOnly":false,"ContainerTypes":null,"TypeCombinatorTypes":null,"Getter":null,"Setter":null,"Type":"paraminfo"},{"Name":"DocumentCategory","GenericName":"documentCategory","DataType":"*models.DocumentCategoryEnum","Description":"Document category","Required":false,"LinkTo":"$m/DocumentCategory","Constant":false,"ParamType":null,"DataTypeMarkdown":null,"ContainerName":null,"ContainerKind":null,"Discriminator":null,"ReadOnly":false,"WriteOnly":false,"ContainerTypes":null,"TypeCombinatorTypes":null,"Getter":null,"Setter":null,"Type":"paraminfo"}],"HasGetters":false,"HasSetters":false,"Title":"Document","Name":"Document","OriginalName":"Document","Description":null,"BaseClass":null,"BaseClassLink":null,"ChildClassesLink":null,"LinkTo":"$m/Document","StructureType":"Class Name","ContainedTypesName":"Fields","Example":{"Text":"{\r\n  \"fileName\": \"Timothy Jones Drivers License\",\r\n  \"fileExtension\": \"JPEG\",\r\n  \"content\": \"VGhpcyBpcyBUZXN0\",\r\n  \"version\": 1,\r\n  \"uploadedBy\": \"Timothy\",\r\n  \"documentCategory\": \"DRIVERS LICENSE\"\r\n}","Language":"json","Type":"codeblock"},"Id":null,"Type":"structurereference"}],"PlaceholderId":null,"SuggestedLinkText":"Document","SuggestedLink":"$m/Document","SuggestedLinkLevel":4,"LinkLabel":null,"HideFromNavigation":false,"Type":"section"},{"Title":"Document List Response","Nodes":[{"Fields":[{"Name":"Documents","GenericName":"documents","DataType":"[]models.DocumentsMetaData","Description":"-","Required":false,"LinkTo":"$m/DocumentsMetaData","Constant":false,"ParamType":null,"DataTypeMarkdown":null,"ContainerName":null,"ContainerKind":null,"Discriminator":null,"ReadOnly":false,"WriteOnly":false,"ContainerTypes":null,"TypeCombinatorTypes":null,"Getter":null,"Setter":null,"Type":"paraminfo"}],"HasGetters":false,"HasSetters":false,"Title":"Document List Response","Name":"DocumentListResponse","OriginalName":"DocumentListResponse","Description":null,"BaseClass":null,"BaseClassLink":null,"ChildClassesLink":null,"LinkTo":"$m/DocumentListResponse","StructureType":"Class Name","ContainedTypesName":"Fields","Example":{"Text":"{\r\n  \"documents\": [\r\n    {\r\n      \"documentId\": \"documentId2\",\r\n      \"fileName\": \"fileName8\",\r\n      \"fileExtension\": \"GIF\",\r\n      \"version\": 18,\r\n      \"uploadedBy\": \"uploadedBy0\"\r\n    },\r\n    {\r\n      \"documentId\": \"documentId2\",\r\n      \"fileName\": \"fileName8\",\r\n      \"fileExtension\": \"GIF\",\r\n      \"version\": 18,\r\n      \"uploadedBy\": \"uploadedBy0\"\r\n    }\r\n  ]\r\n}","Language":"json","Type":"codeblock"},"Id":null,"Type":"structurereference"}],"PlaceholderId":null,"SuggestedLinkText":"Document List Response","SuggestedLink":"$m/DocumentListResponse","SuggestedLinkLevel":4,"LinkLabel":null,"HideFromNavigation":false,"Type":"section"},{"Title":"Documents Meta Data","Nodes":[{"Fields":[{"Name":"DocumentId","GenericName":"documentId","DataType":"*string","Description":"Unique ID for the stored document.","Required":false,"LinkTo":"","Constant":false,"ParamType":null,"DataTypeMarkdown":null,"ContainerName":null,"ContainerKind":null,"Discriminator":null,"ReadOnly":false,"WriteOnly":false,"ContainerTypes":null,"TypeCombinatorTypes":null,"Getter":null,"Setter":null,"Type":"paraminfo"},{"Name":"FileName","GenericName":"fileName","DataType":"*string","Description":"Document name<br>**Constraints**: *Maximum Length*: `150`, *Pattern*: ```` ^$|^[0-9A-Za-z_\\-(),.\\s]{1,150}$ ````","Required":false,"LinkTo":"","Constant":false,"ParamType":null,"DataTypeMarkdown":null,"ContainerName":null,"ContainerKind":null,"Discriminator":null,"ReadOnly":false,"WriteOnly":false,"ContainerTypes":null,"TypeCombinatorTypes":null,"Getter":null,"Setter":null,"Type":"paraminfo"},{"Name":"FileExtension","GenericName":"fileExtension","DataType":"*models.FileExtension1Enum","Description":"Document type","Required":false,"LinkTo":"$m/FileExtension1","Constant":false,"ParamType":null,"DataTypeMarkdown":null,"ContainerName":null,"ContainerKind":null,"Discriminator":null,"ReadOnly":false,"WriteOnly":false,"ContainerTypes":null,"TypeCombinatorTypes":null,"Getter":null,"Setter":null,"Type":"paraminfo"},{"Name":"Version","GenericName":"version","DataType":"*int","Description":"Document version","Required":false,"LinkTo":"","Constant":false,"ParamType":null,"DataTypeMarkdown":null,"ContainerName":null,"ContainerKind":null,"Discriminator":null,"ReadOnly":false,"WriteOnly":false,"ContainerTypes":null,"TypeCombinatorTypes":null,"Getter":null,"Setter":null,"Type":"paraminfo"},{"Name":"UploadedBy","GenericName":"uploadedBy","DataType":"*string","Description":"Who uploaded the document? Maximum field length of 8 characters.<br>**Constraints**: *Minimum Length*: `1`, *Maximum Length*: `8`","Required":false,"LinkTo":"","Constant":false,"ParamType":null,"DataTypeMarkdown":null,"ContainerName":null,"ContainerKind":null,"Discriminator":null,"ReadOnly":false,"WriteOnly":false,"ContainerTypes":null,"TypeCombinatorTypes":null,"Getter":null,"Setter":null,"Type":"paraminfo"},{"Name":"DocumentCategory","GenericName":"documentCategory","DataType":"*models.DocumentCategory1Enum","Description":"Document category.","Required":false,"LinkTo":"$m/DocumentCategory1","Constant":false,"ParamType":null,"DataTypeMarkdown":null,"ContainerName":null,"ContainerKind":null,"Discriminator":null,"ReadOnly":false,"WriteOnly":false,"ContainerTypes":null,"TypeCombinatorTypes":null,"Getter":null,"Setter":null,"Type":"paraminfo"}],"HasGetters":false,"HasSetters":false,"Title":"Documents Meta Data","Name":"DocumentsMetaData","OriginalName":"DocumentsMetaData","Description":null,"BaseClass":null,"BaseClassLink":null,"ChildClassesLink":null,"LinkTo":"$m/DocumentsMetaData","StructureType":"Class Name","ContainedTypesName":"Fields","Example":{"Text":"{\r\n  \"documentId\": \"861\",\r\n  \"fileName\": \"Timothy Jones Drivers License\",\r\n  \"fileExtension\": \"JPEG\",\r\n  \"version\": 1,\r\n  \"uploadedBy\": \"Timothy\"\r\n}","Language":"json","Type":"codeblock"},"Id":null,"Type":"structurereference"}],"PlaceholderId":null,"SuggestedLinkText":"Documents Meta Data","SuggestedLink":"$m/DocumentsMetaData","SuggestedLinkLevel":4,"LinkLabel":null,"HideFromNavigation":false,"Type":"section"},{"Title":"Error","Nodes":[{"Fields":[{"Name":"ErrorCode","GenericName":"errorCode","DataType":"*string","Description":"-","Required":false,"LinkTo":"","Constant":false,"ParamType":null,"DataTypeMarkdown":null,"ContainerName":null,"ContainerKind":null,"Discriminator":null,"ReadOnly":false,"WriteOnly":false,"ContainerTypes":null,"TypeCombinatorTypes":null,"Getter":null,"Setter":null,"Type":"paraminfo"},{"Name":"ErrorMessage","GenericName":"errorMessage","DataType":"*string","Description":"-","Required":false,"LinkTo":"","Constant":false,"ParamType":null,"DataTypeMarkdown":null,"ContainerName":null,"ContainerKind":null,"Discriminator":null,"ReadOnly":false,"WriteOnly":false,"ContainerTypes":null,"TypeCombinatorTypes":null,"Getter":null,"Setter":null,"Type":"paraminfo"},{"Name":"Target","GenericName":"target","DataType":"*string","Description":"-","Required":false,"LinkTo":"","Constant":false,"ParamType":null,"DataTypeMarkdown":null,"ContainerName":null,"ContainerKind":null,"Discriminator":null,"ReadOnly":false,"WriteOnly":false,"ContainerTypes":null,"TypeCombinatorTypes":null,"Getter":null,"Setter":null,"Type":"paraminfo"}],"HasGetters":false,"HasSetters":false,"Title":"Error","Name":"Error","OriginalName":"Error","Description":null,"BaseClass":null,"BaseClassLink":null,"ChildClassesLink":null,"LinkTo":"$m/Error","StructureType":"Class Name","ContainedTypesName":"Fields","Example":{"Text":"{\r\n  \"errorCode\": \"ERROR_CODE\",\r\n  \"errorMessage\": \"Error message here.\",\r\n  \"target\": \"Target\"\r\n}","Language":"json","Type":"codeblock"},"Id":null,"Type":"structurereference"}],"PlaceholderId":null,"SuggestedLinkText":"Error","SuggestedLink":"$m/Error","SuggestedLinkLevel":4,"LinkLabel":null,"HideFromNavigation":false,"Type":"section"}],"PlaceholderId":null,"SuggestedLinkText":"Structures","SuggestedLink":"$h/API%20Reference/__model_reference/Structures","SuggestedLinkLevel":3,"LinkLabel":null,"HideFromNavigation":false,"Type":"section"},{"Title":"Enumerations","Nodes":[{"Text":"* [Content-Type]($m/content-Type)\n* [Document Category]($m/DocumentCategory)\n* [Document Category 1]($m/DocumentCategory1)\n* [File Extension]($m/FileExtension)\n* [File Extension 1]($m/FileExtension1)","Type":"paragraph"},{"Title":"Content-Type","Nodes":[{"Elements":[{"Key":"ENUMAPPLICATIONJSON","Value":""}],"Title":"Content-Type","Name":"ContentTypeEnum","OriginalName":"content-Type","Description":null,"BaseClass":null,"BaseClassLink":null,"ChildClassesLink":null,"LinkTo":"$m/content-Type","StructureType":"Class Name","ContainedTypesName":"Fields","Example":null,"Id":null,"Type":"enumreference"}],"PlaceholderId":null,"SuggestedLinkText":"Content-Type","SuggestedLink":"$m/content-Type","SuggestedLinkLevel":4,"LinkLabel":null,"HideFromNavigation":false,"Type":"section"},{"Title":"Document Category","Nodes":[{"Elements":[{"Key":"ENUMDRIVERSLICENSE","Value":""},{"Key":"ENUMTERMINALLEASE","Value":""},{"Key":"PASSPORT","Value":""},{"Key":"UNKNOWN","Value":""},{"Key":"ENUMVOIDEDCHECK","Value":""}],"Title":"Document Category","Name":"DocumentCategoryEnum","OriginalName":"DocumentCategory","Description":"Document category","BaseClass":null,"BaseClassLink":null,"ChildClassesLink":null,"LinkTo":"$m/DocumentCategory","StructureType":"Class Name","ContainedTypesName":"Fields","Example":{"Text":"DRIVERS LICENSE","Language":null,"Type":"codeblock"},"Id":null,"Type":"enumreference"}],"PlaceholderId":null,"SuggestedLinkText":"Document Category","SuggestedLink":"$m/DocumentCategory","SuggestedLinkLevel":4,"LinkLabel":null,"HideFromNavigation":false,"Type":"section"},{"Title":"Document Category 1","Nodes":[{"Elements":[{"Key":"ENUMDRIVERSLICENSE","Value":""},{"Key":"ENUMTERMINALLEASE","Value":""},{"Key":"PASSPORT","Value":""},{"Key":"UNKNOWN","Value":""},{"Key":"ENUMVOIDEDCHECK","Value":""}],"Title":"Document Category 1","Name":"DocumentCategory1Enum","OriginalName":"DocumentCategory1","Description":"Document category.","BaseClass":null,"BaseClassLink":null,"ChildClassesLink":null,"LinkTo":"$m/DocumentCategory1","StructureType":"Class Name","ContainedTypesName":"Fields","Example":null,"Id":null,"Type":"enumreference"}],"PlaceholderId":null,"SuggestedLinkText":"Document Category 1","SuggestedLink":"$m/DocumentCategory1","SuggestedLinkLevel":4,"LinkLabel":null,"HideFromNavigation":false,"Type":"section"},{"Title":"File Extension","Nodes":[{"Elements":[{"Key":"JPEG","Value":""},{"Key":"JPG","Value":""},{"Key":"GIF","Value":""},{"Key":"PDF","Value":""},{"Key":"PNG","Value":""},{"Key":"TIFF","Value":""},{"Key":"TIF","Value":""},{"Key":"BMP","Value":""},{"Key":"DOC","Value":""},{"Key":"TXT","Value":""},{"Key":"DOCX","Value":""},{"Key":"PPT","Value":""},{"Key":"XLS","Value":""},{"Key":"XLSX","Value":""}],"Title":"File Extension","Name":"FileExtensionEnum","OriginalName":"FileExtension","Description":"Document type.","BaseClass":null,"BaseClassLink":null,"ChildClassesLink":null,"LinkTo":"$m/FileExtension","StructureType":"Class Name","ContainedTypesName":"Fields","Example":{"Text":"JPEG","Language":null,"Type":"codeblock"},"Id":null,"Type":"enumreference"}],"PlaceholderId":null,"SuggestedLinkText":"File Extension","SuggestedLink":"$m/FileExtension","SuggestedLinkLevel":4,"LinkLabel":null,"HideFromNavigation":false,"Type":"section"},{"Title":"File Extension 1","Nodes":[{"Elements":[{"Key":"JPEG","Value":""},{"Key":"JPG","Value":""},{"Key":"GIF","Value":""},{"Key":"PDF","Value":""},{"Key":"PNG","Value":""},{"Key":"TIFF","Value":""},{"Key":"TIF","Value":""},{"Key":"BMP","Value":""},{"Key":"DOC","Value":""},{"Key":"TXT","Value":""},{"Key":"DOCX","Value":""},{"Key":"PPT","Value":""},{"Key":"XLS","Value":""},{"Key":"XLSX","Value":""}],"Title":"File Extension 1","Name":"FileExtension1Enum","OriginalName":"FileExtension1","Description":"Document type","BaseClass":null,"BaseClassLink":null,"ChildClassesLink":null,"LinkTo":"$m/FileExtension1","StructureType":"Class Name","ContainedTypesName":"Fields","Example":{"Text":"JPEG","Language":null,"Type":"codeblock"},"Id":null,"Type":"enumreference"}],"PlaceholderId":null,"SuggestedLinkText":"File Extension 1","SuggestedLink":"$m/FileExtension1","SuggestedLinkLevel":4,"LinkLabel":null,"HideFromNavigation":false,"Type":"section"}],"PlaceholderId":null,"SuggestedLinkText":"Enumerations","SuggestedLink":"$h/API%20Reference/__model_reference/Enumerations","SuggestedLinkLevel":3,"LinkLabel":null,"HideFromNavigation":false,"Type":"section"},{"Title":"Exceptions","Nodes":[{"Text":"* [Error Response]($m/ErrorResponse)","Type":"paragraph"},{"Title":"Error Response","Nodes":[{"Fields":[{"Name":"HttpStatusCode","GenericName":"httpStatusCode","DataType":"*int","Description":"-","Required":false,"LinkTo":"","Constant":false,"ParamType":null,"DataTypeMarkdown":null,"ContainerName":null,"ContainerKind":null,"Discriminator":null,"ReadOnly":false,"WriteOnly":false,"ContainerTypes":null,"TypeCombinatorTypes":null,"Getter":null,"Setter":null,"Type":"paraminfo"},{"Name":"HttpStatusMessage","GenericName":"httpStatusMessage","DataType":"*string","Description":"-","Required":false,"LinkTo":"","Constant":false,"ParamType":null,"DataTypeMarkdown":null,"ContainerName":null,"ContainerKind":null,"Discriminator":null,"ReadOnly":false,"WriteOnly":false,"ContainerTypes":null,"TypeCombinatorTypes":null,"Getter":null,"Setter":null,"Type":"paraminfo"},{"Name":"Errors","GenericName":"errors","DataType":"[]models.Error","Description":"-","Required":false,"LinkTo":"$m/Error","Constant":false,"ParamType":null,"DataTypeMarkdown":null,"ContainerName":null,"ContainerKind":null,"Discriminator":null,"ReadOnly":false,"WriteOnly":false,"ContainerTypes":null,"TypeCombinatorTypes":null,"Getter":null,"Setter":null,"Type":"paraminfo"}],"HasGetters":false,"HasSetters":false,"Title":"Error Response","Name":"ErrorResponseException","OriginalName":"ErrorResponse","Description":null,"BaseClass":null,"BaseClassLink":null,"ChildClassesLink":null,"LinkTo":"$m/ErrorResponse","StructureType":"Class Name","ContainedTypesName":"Fields","Example":{"Text":"{\r\n  \"httpStatusCode\": 404,\r\n  \"httpStatusMessage\": \"STATUS-MESSAGE\",\r\n  \"errors\": [\r\n    {\r\n      \"errorCode\": \"errorCode6\",\r\n      \"errorMessage\": \"errorMessage8\",\r\n      \"target\": \"target2\"\r\n    },\r\n    {\r\n      \"errorCode\": \"errorCode6\",\r\n      \"errorMessage\": \"errorMessage8\",\r\n      \"target\": \"target2\"\r\n    },\r\n    {\r\n      \"errorCode\": \"errorCode6\",\r\n      \"errorMessage\": \"errorMessage8\",\r\n      \"target\": \"target2\"\r\n    }\r\n  ]\r\n}","Language":"json","Type":"codeblock"},"Id":null,"Type":"structurereference"}],"PlaceholderId":null,"SuggestedLinkText":"Error Response","SuggestedLink":"$m/ErrorResponse","SuggestedLinkLevel":4,"LinkLabel":null,"HideFromNavigation":false,"Type":"section"}],"PlaceholderId":null,"SuggestedLinkText":"Exceptions","SuggestedLink":"$h/API%20Reference/__model_reference/Exceptions","SuggestedLinkLevel":3,"LinkLabel":null,"HideFromNavigation":false,"Type":"section"}],"PlaceholderId":"__model_reference","SuggestedLinkText":"Model Reference","SuggestedLink":"$h/__model_reference","SuggestedLinkLevel":2,"LinkLabel":null,"HideFromNavigation":false,"Type":"section"}],"PlaceholderId":null,"SuggestedLinkText":"API Reference","SuggestedLink":"$h/API%20Reference","SuggestedLinkLevel":1,"LinkLabel":null,"HideFromNavigation":false,"Type":"section"}],"Type":"document"}