{"WhiteLabel":false,"NavItems":[{"Text":"Getting Started","Link":"$h/Getting%20Started","SubItems":[{"Text":"How to Get Started","Link":"$h/__getting_started","SubItems":[{"Text":"Introduction","Link":"$h/__intro","SubItems":[{"Text":"Authentication","Link":"$h/Getting%20Started/__getting_started/__intro/Authentication","SubItems":[],"Label":null,"Skip":false,"IsExternal":false}],"Label":null,"Skip":true,"IsExternal":false},{"Text":"Building","Link":"$h/__how_to_build","SubItems":[],"Label":null,"Skip":true,"IsExternal":false},{"Text":"Installation","Link":"$h/__how_to_use","SubItems":[],"Label":null,"Skip":true,"IsExternal":false},{"Text":"Environments","Link":"$h/__enviroments","SubItems":[],"Label":null,"Skip":true,"IsExternal":false},{"Text":"Initialize the API Client","Link":"$h/__initializing","SubItems":[],"Label":null,"Skip":true,"IsExternal":false},{"Text":"Authorization","Link":"$h/__authorize","SubItems":[{"Text":"api_key (Custom Header Signature)","Link":"$h/__auth_CustomHeaderAuthentication","SubItems":[],"Label":null,"Skip":true,"IsExternal":false}],"Label":null,"Skip":true,"IsExternal":false},{"Text":"Test the SDK","Link":"$h/__how_to_test","SubItems":[],"Label":null,"Skip":true,"IsExternal":false}],"Label":null,"Skip":false,"IsExternal":false},{"Text":"Authentication","Link":"page:introduction/authentication","SubItems":[],"Label":null,"Skip":false,"IsExternal":false},{"Text":"About the API","Link":"page:introduction/about-the-api","SubItems":[{"Text":"Tips and Best Practices","Link":"page:introduction/about-the-api/tips","SubItems":[],"Label":null,"Skip":false,"IsExternal":false},{"Text":"Data Types","Link":"page:introduction/about-the-api/data-types","SubItems":[],"Label":null,"Skip":false,"IsExternal":false}],"Label":null,"Skip":false,"IsExternal":false}],"Label":null,"Skip":false,"IsExternal":false},{"Text":"API Workflows Walkthroughs","Link":"$h/API%20Workflows%20Walkthroughs","SubItems":[{"Text":"API Workflow 1","Link":"page:walkthroughs/awf-1/walkthrough-1","SubItems":[],"Label":null,"Skip":false,"IsExternal":false},{"Text":"API Workflow 2","Link":"page:walkthroughs/awf-2/walkthrough-1","SubItems":[],"Label":null,"Skip":false,"IsExternal":false},{"Text":"API Workflow 3","Link":"page:walkthroughs/awf-3/walkthrough-1","SubItems":[],"Label":null,"Skip":false,"IsExternal":false}],"Label":null,"Skip":false,"IsExternal":false},{"Text":"API Reference","Link":"$h/API%20Reference","SubItems":[{"Text":"API Reference","Link":"$h/__api_reference","SubItems":[{"Text":"List of APIs","Link":"$h/__list_of_apis","SubItems":[],"Label":null,"Skip":false,"IsExternal":false},{"Text":"Manage Documents","Link":"$e/Manage%20Documents","SubItems":[{"Text":"Overview","Link":"$h/API%20Reference/__api_reference/Manage%20Documents/Overview","SubItems":[{"Text":"Get instance","Link":"$h/API%20Reference/__api_reference/Manage%20Documents/Overview/Get%20instance","SubItems":[],"Label":null,"Skip":true,"IsExternal":false}],"Label":"endpoint-group-overview","Skip":false,"IsExternal":false},{"Text":"Get Document","Link":"$e/Manage%20Documents/GetDocument","SubItems":[],"Label":"http-get","Skip":false,"IsExternal":false},{"Text":"Store Document","Link":"$e/Manage%20Documents/StoreDocument","SubItems":[],"Label":"http-post","Skip":false,"IsExternal":false},{"Text":"Get Document Metadata","Link":"$e/Manage%20Documents/GetDocumentMetadata","SubItems":[],"Label":"http-get","Skip":false,"IsExternal":false}],"Label":null,"Skip":false,"IsExternal":false}],"Label":null,"Skip":false,"IsExternal":false},{"Text":"Model Reference","Link":"$h/__model_reference","SubItems":[{"Text":"Structures","Link":"$h/API%20Reference/__model_reference/Structures","SubItems":[{"Text":"Document Request","Link":"$m/DocumentRequest","SubItems":[],"Label":null,"Skip":false,"IsExternal":false},{"Text":"Document Response","Link":"$m/DocumentResponse","SubItems":[],"Label":null,"Skip":false,"IsExternal":false},{"Text":"Document","Link":"$m/Document","SubItems":[],"Label":null,"Skip":false,"IsExternal":false},{"Text":"Document List Response","Link":"$m/DocumentListResponse","SubItems":[],"Label":null,"Skip":false,"IsExternal":false},{"Text":"Documents Meta Data","Link":"$m/DocumentsMetaData","SubItems":[],"Label":null,"Skip":false,"IsExternal":false},{"Text":"Error","Link":"$m/Error","SubItems":[],"Label":null,"Skip":false,"IsExternal":false}],"Label":null,"Skip":false,"IsExternal":false},{"Text":"Enumerations","Link":"$h/API%20Reference/__model_reference/Enumerations","SubItems":[{"Text":"Content-Type","Link":"$m/content-Type","SubItems":[],"Label":null,"Skip":false,"IsExternal":false},{"Text":"Document Category","Link":"$m/DocumentCategory","SubItems":[],"Label":null,"Skip":false,"IsExternal":false},{"Text":"Document Category 1","Link":"$m/DocumentCategory1","SubItems":[],"Label":null,"Skip":false,"IsExternal":false},{"Text":"File Extension","Link":"$m/FileExtension","SubItems":[],"Label":null,"Skip":false,"IsExternal":false},{"Text":"File Extension 1","Link":"$m/FileExtension1","SubItems":[],"Label":null,"Skip":false,"IsExternal":false}],"Label":null,"Skip":false,"IsExternal":false},{"Text":"Exceptions","Link":"$h/API%20Reference/__model_reference/Exceptions","SubItems":[{"Text":"Error Response","Link":"$m/ErrorResponse","SubItems":[],"Label":null,"Skip":false,"IsExternal":false}],"Label":null,"Skip":false,"IsExternal":false}],"Label":null,"Skip":false,"IsExternal":false}],"Label":null,"Skip":false,"IsExternal":false}],"DataModel":{"showFullCode":false,"skipSslCertVerification":null,"environment":null,"auth":{"api_key":{"Authorization":null}},"call":{"additionalQueryParams":null,"additionalFieldParams":null,"args":{}}},"DataModelSchema":{"type":"object","additionalProperties":false,"properties":{"showFullCode":{"title":"Show Complete File","description":"Show complete file for code, with bootstrap and error handling included.","type":"boolean"}},"required":["showFullCode"]},"ModelSchemas":{"Root":{"DocumentRequest":{"id":"DocumentRequest","title":"DocumentRequest","type":"object","properties":{"document":{"$ref":"ModelSchemas#/Root/Document"}}},"DocumentResponse":{"id":"DocumentResponse","title":"DocumentResponse","type":"object","properties":{"documentId":{"example":"6114","type":"string"}}},"Document":{"id":"Document","title":"Document","type":"object","properties":{"fileName":{"description":"Document name.","example":"Timothy Jones Drivers License","type":"string","maxLength":150},"fileExtension":{"$ref":"ModelSchemas#/Root/FileExtension"},"content":{"description":"Base 64 encoded binary string of docuement content. Maxium string length is 12MB.","example":"VGhpcyBpcyBUZXN0","type":"string","maxLength":12000000},"version":{"description":"Version of the document.","example":1,"type":"integer","format":"int32"},"uploadedBy":{"description":"Name of the user who uploaded the document. Maximum field length of 8 characters.","example":"Timothy","type":"string","minLength":1,"maxLength":8},"documentCategory":{"$ref":"ModelSchemas#/Root/DocumentCategory"}}},"DocumentListResponse":{"id":"DocumentListResponse","title":"DocumentListResponse","type":"object","properties":{"documents":{"description":"","type":"array","items":{"$ref":"ModelSchemas#/Root/DocumentsMetaData"}}}},"DocumentsMetaData":{"id":"DocumentsMetaData","title":"DocumentsMetaData","type":"object","properties":{"documentId":{"description":"Unique ID for the stored document.","example":"861","type":"string"},"fileName":{"description":"Document name","example":"Timothy Jones Drivers License","type":"string","maxLength":150,"pattern":"^$|^[0-9A-Za-z_\\-(),.\\s]{1,150}$"},"fileExtension":{"$ref":"ModelSchemas#/Root/FileExtension1"},"version":{"description":"Document version","example":1,"type":"integer","format":"int32"},"uploadedBy":{"description":"Who uploaded the document? Maximum field length of 8 characters.","example":"Timothy","type":"string","minLength":1,"maxLength":8},"documentCategory":{"$ref":"ModelSchemas#/Root/DocumentCategory1"}}},"ErrorResponse":{"id":"ErrorResponse","title":"ErrorResponse","type":"object","properties":{"httpStatusCode":{"example":404,"type":"integer","format":"int32"},"httpStatusMessage":{"example":"STATUS-MESSAGE","type":"string"},"errors":{"description":"","type":"array","items":{"$ref":"ModelSchemas#/Root/Error"}}}},"Error":{"id":"Error","title":"Error","type":"object","properties":{"errorCode":{"example":"ERROR_CODE","type":"string"},"errorMessage":{"example":"Error message here.","type":"string"},"target":{"example":"Target","type":"string"}}},"content-Type":{"title":"content-Type","x-enum-elements":[{"name":"Enum_applicationjson","description":""}],"type":"string","additionalProperties":false,"enum":["application/json"]},"DocumentCategory":{"title":"DocumentCategory","description":"Document category","example":"DRIVERS LICENSE","x-enum-elements":[{"name":"Enum_DRIVERS LICENSE","description":""},{"name":"Enum_TERMINAL LEASE","description":""},{"name":"PASSPORT","description":""},{"name":"UNKNOWN","description":""},{"name":"Enum_VOIDED CHECK","description":""}],"type":"string","additionalProperties":false,"enum":["DRIVERS LICENSE","TERMINAL LEASE","PASSPORT","UNKNOWN","VOIDED CHECK"]},"DocumentCategory1":{"title":"DocumentCategory1","description":"Document category.","x-enum-elements":[{"name":"Enum_DRIVERS LICENSE","description":""},{"name":"Enum_TERMINAL LEASE","description":""},{"name":"PASSPORT","description":""},{"name":"UNKNOWN","description":""},{"name":"Enum_VOIDED CHECK","description":""}],"type":"string","additionalProperties":false,"enum":["DRIVERS LICENSE","TERMINAL LEASE","PASSPORT","UNKNOWN","VOIDED CHECK"]},"FileExtension":{"title":"FileExtension","description":"Document type.","example":"JPEG","x-enum-elements":[{"name":"JPEG","description":""},{"name":"JPG","description":""},{"name":"GIF","description":""},{"name":"PDF","description":""},{"name":"PNG","description":""},{"name":"TIFF","description":""},{"name":"TIF","description":""},{"name":"BMP","description":""},{"name":"DOC","description":""},{"name":"TXT","description":""},{"name":"DOCX","description":""},{"name":"PPT","description":""},{"name":"XLS","description":""},{"name":"XLSX","description":""}],"type":"string","additionalProperties":false,"enum":["JPEG","JPG","GIF","PDF","PNG","TIFF","TIF","BMP","DOC","TXT","DOCX","PPT","XLS","XLSX"]},"FileExtension1":{"title":"FileExtension1","description":"Document type","example":"JPEG","x-enum-elements":[{"name":"JPEG","description":""},{"name":"JPG","description":""},{"name":"GIF","description":""},{"name":"PDF","description":""},{"name":"PNG","description":""},{"name":"TIFF","description":""},{"name":"TIF","description":""},{"name":"BMP","description":""},{"name":"DOC","description":""},{"name":"TXT","description":""},{"name":"DOCX","description":""},{"name":"PPT","description":""},{"name":"XLS","description":""},{"name":"XLSX","description":""}],"type":"string","additionalProperties":false,"enum":["JPEG","JPG","GIF","PDF","PNG","TIFF","TIF","BMP","DOC","TXT","DOCX","PPT","XLS","XLSX"]}},"AuthRoot":{"api_key":{"title":"Custom Header Signature","description":"Set authorization parameters for api_key","type":"object","additionalProperties":false,"properties":{"Authorization":{"description":"``` License format is WORLDPAY license='xxxx'```","type":"string","format":"password"}},"required":["Authorization"]}}},"PublishedPackage":{"Provider":null,"Name":null,"Version":null,"Link":null,"SourceLink":null,"InstallCommand":null,"InstallHeadingLink":null},"AuthHttpCallTemplate":null,"ApiAuthentication":null,"PartialTemplates":{"CustomHeaderAuthenticationModel_custom_model":"{% assign CustomHeaderAuthenticationModel_custom_model_import = true %}new CustomHeaderAuthenticationModel.Builder(\n{% if showFullCode %}        {% endif %}{{indent}}    {% if field[\"Authorization\"] != nil and field[\"Authorization\"].size > 0 %}{% if field[\"Authorization\"] != nil %}\"{{ field[\"Authorization\"] | replace: \"\\\\\", \"\\\\\\\\\" | replace: '\"', '\\\\\"' | replace: \"\\n\", \"\\\\n\" | replace: \"\\t\", \"    \" | replace: \"\\r\", \"\\\\r\" }}\"{% else %}null{% endif %}{% else %}null{% endif %}\n{% if showFullCode %}        {% endif %}{{indent}})\n{% if showFullCode %}        {% endif %}{{indent}}.build()","documentRequest":"{% assign documentRequest_import = true %}new DocumentRequest.Builder()\n{% if showFullCode %}        {% endif %}{% if field[\"document\"] != nil %}{{indent}}    .document({% if field[\"document\"] != nil %}{% capture newIndent %}{{indent}}    {% endcapture %}{% render 'document', field: field[\"document\"], indent: newIndent, showFullCode: showFullCode %}{% endif %})\n{% if showFullCode %}        {% endif %}{% endif %}{{indent}}    .build()","document":"{% assign document_import = true %}new Document.Builder()\n{% if showFullCode %}        {% endif %}{% if field[\"fileName\"] != nil %}{{indent}}    .fileName({% if field[\"fileName\"] != nil %}\"{{ field[\"fileName\"] | replace: \"\\\\\", \"\\\\\\\\\" | replace: '\"', '\\\\\"' | replace: \"\\n\", \"\\\\n\" | replace: \"\\t\", \"    \" | replace: \"\\r\", \"\\\\r\" }}\"{% endif %})\n{% if showFullCode %}        {% endif %}{% endif %}{% if field[\"fileExtension\"] != nil %}{{indent}}    .fileExtension({% if field[\"fileExtension\"] != nil %}{% assign fileExtensionEnum_import = true %}{% case field[\"fileExtension\"] %}{% when \"JPEG\" %}FileExtensionEnum.JPEG{% when \"JPG\" %}FileExtensionEnum.JPG{% when \"GIF\" %}FileExtensionEnum.GIF{% when \"PDF\" %}FileExtensionEnum.PDF{% when \"PNG\" %}FileExtensionEnum.PNG{% when \"TIFF\" %}FileExtensionEnum.TIFF{% when \"TIF\" %}FileExtensionEnum.TIF{% when \"BMP\" %}FileExtensionEnum.BMP{% when \"DOC\" %}FileExtensionEnum.DOC{% when \"TXT\" %}FileExtensionEnum.TXT{% when \"DOCX\" %}FileExtensionEnum.DOCX{% when \"PPT\" %}FileExtensionEnum.PPT{% when \"XLS\" %}FileExtensionEnum.XLS{% when \"XLSX\" %}FileExtensionEnum.XLSX{% when nil %}null{% else %}envrr{% endcase %}{% endif %})\n{% if showFullCode %}        {% endif %}{% endif %}{% if field[\"content\"] != nil %}{{indent}}    .content({% if field[\"content\"] != nil %}\"{{ field[\"content\"] | replace: \"\\\\\", \"\\\\\\\\\" | replace: '\"', '\\\\\"' | replace: \"\\n\", \"\\\\n\" | replace: \"\\t\", \"    \" | replace: \"\\r\", \"\\\\r\" }}\"{% endif %})\n{% if showFullCode %}        {% endif %}{% endif %}{% if field[\"version\"] != nil %}{{indent}}    .version({% if field[\"version\"] != nil %}{{ field[\"version\"] }}{% endif %})\n{% if showFullCode %}        {% endif %}{% endif %}{% if field[\"uploadedBy\"] != nil %}{{indent}}    .uploadedBy({% if field[\"uploadedBy\"] != nil %}\"{{ field[\"uploadedBy\"] | replace: \"\\\\\", \"\\\\\\\\\" | replace: '\"', '\\\\\"' | replace: \"\\n\", \"\\\\n\" | replace: \"\\t\", \"    \" | replace: \"\\r\", \"\\\\r\" }}\"{% endif %})\n{% if showFullCode %}        {% endif %}{% endif %}{% if field[\"documentCategory\"] != nil %}{{indent}}    .documentCategory({% if field[\"documentCategory\"] != nil %}{% assign documentCategoryEnum_import = true %}{% case field[\"documentCategory\"] %}{% when \"DRIVERS LICENSE\" %}DocumentCategoryEnum.ENUM_DRIVERS_LICENSE{% when \"TERMINAL LEASE\" %}DocumentCategoryEnum.ENUM_TERMINAL_LEASE{% when \"PASSPORT\" %}DocumentCategoryEnum.PASSPORT{% when \"UNKNOWN\" %}DocumentCategoryEnum.UNKNOWN{% when \"VOIDED CHECK\" %}DocumentCategoryEnum.ENUM_VOIDED_CHECK{% when nil %}null{% else %}envrr{% endcase %}{% endif %})\n{% if showFullCode %}        {% endif %}{% endif %}{{indent}}    .build()"},"KnownLinkPrefixes":["page"],"Version":"1.0.0","Title":"Getting Started with Launchpad Documents API","Sections":[{"Title":"Getting Started","Nodes":[{"Title":"How to Get Started","Nodes":[{"Title":"Introduction","Nodes":[{"Text":"The Documents API permits Worldpay partners to manage boarding documents. Please see the Getting Started page for more information. </br> </br> <b>NOTE: This can only be used in conjuction with Merchant Boarding API.</b>\n</br> </br> To contact our certifications team, please email <a href=\"mailto:Certification2@fisglobal.com\">Certification2@fisglobal.com</a>.   </br> To contact the product team, please email <a href=\"mailto:APICustomerIntegration@fisglobal.com\">APICustomerIntegration@fisglobal.com</a>.\n\n","Type":"paragraph"},{"Title":"Authentication","Nodes":[{"Text":"<SecurityDefinitions />\n","Type":"paragraph"}],"PlaceholderId":null,"SuggestedLinkText":"Authentication","SuggestedLink":"$h/Getting%20Started/__getting_started/__intro/Authentication","SuggestedLinkLevel":4,"LinkLabel":null,"HideFromNavigation":false,"Type":"section"}],"PlaceholderId":"__intro","SuggestedLinkText":"Introduction","SuggestedLink":"$h/__intro","SuggestedLinkLevel":3,"LinkLabel":null,"HideFromNavigation":true,"Type":"section"},{"Title":"Building","Nodes":[{"Text":"Supported Java version is **8+**.","Type":"paragraph"},{"Text":"The generated code uses a few Maven dependencies e.g., Jackson, OkHttp,\nand Apache HttpClient. The reference to these dependencies is already\nadded in the pom.xml file will be installed automatically. Therefore,\nyou will need internet access for a successful build.","Type":"paragraph"},{"Text":"* In order to open the client library in Eclipse click on `File -> Import`.","Type":"paragraph"},{"Url":"/static/images/JAVA_ECLIPSE_JRE_LIB/file0.svg","AlterateText":"Importing SDK into Eclipse - Step 1","Type":"image"},{"Text":"* In the import dialog, select `Existing Java Project` and click `Next`.","Type":"paragraph"},{"Url":"/static/images/JAVA_ECLIPSE_JRE_LIB/file1.svg","AlterateText":"Importing SDK into Eclipse - Step 2","Type":"image"},{"Text":"* Browse to locate the folder containing the source code. Select the detected location of the project and click `Finish`.","Type":"paragraph"},{"Url":"/static/images/JAVA_ECLIPSE_JRE_LIB/file2.svg","AlterateText":"Importing SDK into Eclipse - Step 3","Type":"image"},{"Text":"* Upon successful import, the project will be automatically built by Eclipse after automatically resolving the dependencies.","Type":"paragraph"},{"Url":"/static/images/JAVA_ECLIPSE_JRE_LIB/file3.svg","AlterateText":"Importing SDK into Eclipse - Step 4","Type":"image"},{"Text":"* After successfully building the project, the client library needs to be installed as a Maven package in your local cache. Right-click on the project, select `Show in Local Terminal -> Terminal` or use `Ctrl + Alt + T` to open Terminal.","Type":"paragraph"},{"Url":"/static/images/JAVA_ECLIPSE_JRE_LIB/file4.svg","AlterateText":"Importing SDK into Eclipse - Step 5","Type":"image"},{"Text":"* In the terminal dialog, run the following command to install client library.","Type":"paragraph"},{"Text":"mvn install -Dmaven.test.skip=true -Dmaven.javadoc.skip=true","Language":null,"Type":"codeblock"},{"Url":"/static/images/JAVA_ECLIPSE_JRE_LIB/file5.svg","AlterateText":"Importing SDK into Eclipse - Step 6","Type":"image"}],"PlaceholderId":"__how_to_build","SuggestedLinkText":"Building","SuggestedLink":"$h/__how_to_build","SuggestedLinkLevel":3,"LinkLabel":null,"HideFromNavigation":true,"Type":"section"},{"Title":"Installation","Nodes":[{"Text":"The following section explains how to use the LaunchpadDocumentsAPILib library in a new project.","Type":"paragraph"},{"Steps":[{"Nodes":[{"Text":"For starting a new project, click the menu command `File > New > Project`.","Type":"paragraph"},{"Url":"/static/images/JAVA_ECLIPSE_JRE_LIB/file6.svg","AlterateText":"Add a new project in Eclipse","Type":"image"},{"Text":"Next, choose `Maven > Maven Project` and click `Next`.","Type":"paragraph"},{"Url":"/static/images/JAVA_ECLIPSE_JRE_LIB/file7.svg","AlterateText":"Create a new Maven Project - Step 1","Type":"image"},{"Text":"Here, make sure to use the current workspace by choosing `Use default Workspace location`, as shown in the picture below and click `Next`.","Type":"paragraph"},{"Url":"/static/images/JAVA_ECLIPSE_JRE_LIB/file8.svg","AlterateText":"Create a new Maven Project - Step 2","Type":"image"},{"Text":"Following this, select the *quick start* project type to create a simple project with an existing class and a `main` method. To do this, choose `maven-archetype-quickstart` item from the list and click `Next`.","Type":"paragraph"},{"Url":"/static/images/JAVA_ECLIPSE_JRE_LIB/file9.svg","AlterateText":"Create a new Maven Project - Step 3","Type":"image"},{"Text":"In the last step, provide a `Group Id` and `Artifact Id` as shown in the picture below and click `Finish`.","Type":"paragraph"},{"Url":"/static/images/JAVA_ECLIPSE_JRE_LIB/file10.svg","AlterateText":"Create a new Maven Project - Step 4","Type":"image"}],"SuggestedLinkLevel":4,"Title":"Starting a new project","Type":"step"},{"Nodes":[{"Text":"The created Maven project manages its dependencies using its `pom.xml` file. In order to add a dependency on the *LaunchpadDocumentsAPILib* client library, double click on the ``` pom.xml ``` file in the ``` Package Explorer ```. Opening the ``` pom.xml ``` file will render a graphical view on the canvas. Here, switch to the `Dependencies` tab and click the `Add` button as shown in the picture below.","Type":"paragraph"},{"Url":"/static/images/JAVA_ECLIPSE_JRE_LIB/file11.svg","AlterateText":"Adding dependency to the client library - Step 1","Type":"image"},{"Text":"Clicking the `Add` button will open a dialog where you need to specify LaunchpadDocumentsAPILib in `Group Id`, launchpad-documents-apilib in `Artifact Id` and 1.0.1 in the `Version` fields. Once added click `OK`. Save the `pom.xml` file.","Type":"paragraph"},{"Url":"/static/images/JAVA_ECLIPSE_JRE_LIB/file12.svg","AlterateText":"Adding dependency to the client library - Step 2","Type":"image"},{"Url":"/static/images/JAVA_ECLIPSE_JRE_LIB/file13.svg","AlterateText":"Adding sample code","Type":"image"}],"SuggestedLinkLevel":4,"Title":"Add reference of the library project","Type":"step"},{"Nodes":[{"Text":"Once the `SimpleConsoleApp` is created, a file named `App.java` will be visible in the *Package Explorer* with a `main` method. This is the entry point for the execution of the created project.\nHere, you can add code to initialize the client library and instantiate a *Controller* class. Sample code to initialize the client library and using controller methods is given in the subsequent sections.","Type":"paragraph"}],"SuggestedLinkLevel":4,"Title":"Write sample code","Type":"step"}],"Type":"steppedguide"}],"PlaceholderId":"__how_to_use","SuggestedLinkText":"Installation","SuggestedLink":"$h/__how_to_use","SuggestedLinkLevel":3,"LinkLabel":null,"HideFromNavigation":true,"Type":"section"},{"Title":"Environments","Nodes":[],"PlaceholderId":"__enviroments","SuggestedLinkText":"Environments","SuggestedLink":"$h/__enviroments","SuggestedLinkLevel":3,"LinkLabel":null,"HideFromNavigation":true,"Type":"section"},{"Title":"Initialize the API Client","Nodes":[{"Text":"The following parameters are configurable for the API Client:","Type":"paragraph"},{"Header":{"Data":["Parameter","Type","Description"],"Type":"tablerow"},"Rows":[{"Data":["`httpClientConfig`","`Consumer<HttpClientConfiguration.Builder>`","Set up Http Client Configuration instance."],"Type":"tablerow"},{"Data":["`customHeaderAuthenticationCredentials`","[`CustomHeaderAuthenticationCredentials`]($h/__auth_CustomHeaderAuthentication)","The Credentials Setter for Custom Header Signature"],"Type":"tablerow"}],"Type":"table"},{"Text":"The API client can be initialized as follows:","Type":"paragraph"},{"Text":"LaunchpadDocumentsAPIClient client = new LaunchpadDocumentsAPIClient.Builder()\n    .httpClientConfig(configBuilder -> configBuilder\n            .timeout(0))\n    .customHeaderAuthenticationCredentials(new CustomHeaderAuthenticationModel.Builder(\n            \"Authorization\"\n        )\n        .build())\n    .build();\n\n","Language":"java","Type":"codeblock"}],"PlaceholderId":"__initializing","SuggestedLinkText":"Initialize the API Client","SuggestedLink":"$h/__initializing","SuggestedLinkLevel":3,"LinkLabel":null,"HideFromNavigation":true,"Type":"section"},{"Title":"Authorization","Nodes":[{"Text":"This API uses the following authentication schemes.\n* [`api_key (Custom Header Signature)`]($h/__auth_CustomHeaderAuthentication)","Type":"paragraph"},{"Title":"api_key (Custom Header Signature)","Nodes":[{"Steps":[{"Nodes":[{"Text":"Documentation for accessing and setting credentials for api_key.","Type":"paragraph"}],"SuggestedLinkLevel":5,"Title":null,"Type":"step"},{"Nodes":[{"Header":{"Data":["Name","Type","Description","Setter","Getter"],"Type":"tablerow"},"Rows":[{"Data":["Authorization","```String```","``` License format is WORLDPAY license='xxxx'```","```authorization```","```getAuthorization()```"],"Type":"tablerow"}],"Type":"table"}],"SuggestedLinkLevel":5,"Title":"Auth Credentials","Type":"step"},{"Nodes":[{"Text":"**Note:** Auth credentials can be set using `customHeaderAuthenticationCredentials` in the client builder and accessed through `getCustomHeaderAuthenticationCredentials` method in the client instance.","Type":"paragraph"}],"SuggestedLinkLevel":5,"Title":null,"Type":"step"},{"Nodes":[{"Steps":[{"Nodes":[{"Text":"You must provide credentials in the client as shown in the following code snippet.","Type":"paragraph"},{"Text":"LaunchpadDocumentsAPIClient client = new LaunchpadDocumentsAPIClient.Builder()\n    .customHeaderAuthenticationCredentials(new CustomHeaderAuthenticationModel.Builder(\n            \"Authorization\"\n        )\n        .build())\n    .build();","Language":"java","Type":"codeblock"}],"SuggestedLinkLevel":6,"Title":"Client Initialization","Type":"step"}],"Type":"steppedguide"}],"SuggestedLinkLevel":5,"Title":"Usage Example","Type":"step"}],"Type":"steppedguide"}],"PlaceholderId":"__auth_CustomHeaderAuthentication","SuggestedLinkText":"api_key (Custom Header Signature)","SuggestedLink":"$h/__auth_CustomHeaderAuthentication","SuggestedLinkLevel":4,"LinkLabel":null,"HideFromNavigation":true,"Type":"section"}],"PlaceholderId":"__authorize","SuggestedLinkText":"Authorization","SuggestedLink":"$h/__authorize","SuggestedLinkLevel":3,"LinkLabel":null,"HideFromNavigation":true,"Type":"section"},{"Title":"Test the SDK","Nodes":[{"Text":"The generated code and the server can be tested using automatically generated test cases. \nJUnit is used as the testing framework and test runner.","Type":"paragraph"},{"Text":"In Eclipse, for running the tests do the following:","Type":"paragraph"},{"Text":"1. Select the project LaunchpadDocumentsAPILib from the package explorer.\n2. Select `Run -> Run as -> JUnit Test` or use `Alt + Shift + X` followed by `T` to run the Tests.","Type":"paragraph"}],"PlaceholderId":"__how_to_test","SuggestedLinkText":"Test the SDK","SuggestedLink":"$h/__how_to_test","SuggestedLinkLevel":3,"LinkLabel":null,"HideFromNavigation":true,"Type":"section"}],"PlaceholderId":"__getting_started","SuggestedLinkText":"How to Get Started","SuggestedLink":"$h/__getting_started","SuggestedLinkLevel":2,"LinkLabel":null,"HideFromNavigation":false,"Type":"section"},{"Title":"Authentication","Nodes":[{"Text":"Learn how to use API authentication.\n\n","Type":"paragraph"}],"PlaceholderId":null,"SuggestedLinkText":"Authentication","SuggestedLink":"page:introduction/authentication","SuggestedLinkLevel":2,"LinkLabel":null,"HideFromNavigation":false,"Type":"section"},{"Title":"About the API","Nodes":[{"Title":"Tips and Best Practices","Nodes":[{"Text":"These are the tips.\n\n","Type":"paragraph"}],"PlaceholderId":null,"SuggestedLinkText":"Tips and Best Practices","SuggestedLink":"page:introduction/about-the-api/tips","SuggestedLinkLevel":3,"LinkLabel":null,"HideFromNavigation":false,"Type":"section"},{"Title":"Data Types","Nodes":[{"Text":"These are the data types.\n\n","Type":"paragraph"}],"PlaceholderId":null,"SuggestedLinkText":"Data Types","SuggestedLink":"page:introduction/about-the-api/data-types","SuggestedLinkLevel":3,"LinkLabel":null,"HideFromNavigation":false,"Type":"section"}],"PlaceholderId":null,"SuggestedLinkText":"About the API","SuggestedLink":"page:introduction/about-the-api","SuggestedLinkLevel":2,"LinkLabel":null,"HideFromNavigation":false,"Type":"section"}],"PlaceholderId":null,"SuggestedLinkText":"Getting Started","SuggestedLink":"$h/Getting%20Started","SuggestedLinkLevel":1,"LinkLabel":null,"HideFromNavigation":false,"Type":"section"},{"Title":"API Workflows Walkthroughs","Nodes":[{"Title":"This is a Guided Walkthrough File","Nodes":[{"Text":"This is the starter content\n\n","Type":"paragraph"}],"PlaceholderId":null,"SuggestedLinkText":"API Workflow 1","SuggestedLink":"page:walkthroughs/awf-1/walkthrough-1","SuggestedLinkLevel":2,"LinkLabel":null,"HideFromNavigation":false,"Type":"section"},{"Title":"This is a Guided Walkthrough File","Nodes":[{"Text":"This is the starter content\n\n","Type":"paragraph"}],"PlaceholderId":null,"SuggestedLinkText":"API Workflow 2","SuggestedLink":"page:walkthroughs/awf-2/walkthrough-1","SuggestedLinkLevel":2,"LinkLabel":null,"HideFromNavigation":false,"Type":"section"},{"Title":"This is a Guided Walkthrough File","Nodes":[{"Text":"This is the starter content\n\n","Type":"paragraph"}],"PlaceholderId":null,"SuggestedLinkText":"API Workflow 3","SuggestedLink":"page:walkthroughs/awf-3/walkthrough-1","SuggestedLinkLevel":2,"LinkLabel":null,"HideFromNavigation":false,"Type":"section"}],"PlaceholderId":null,"SuggestedLinkText":"API Workflows Walkthroughs","SuggestedLink":"$h/API%20Workflows%20Walkthroughs","SuggestedLinkLevel":1,"LinkLabel":null,"HideFromNavigation":false,"Type":"section"},{"Title":"API Reference","Nodes":[{"Title":"API Reference","Nodes":[{"Title":"List of APIs","Nodes":[{"Text":"* [Manage Documents]($e/Manage%20Documents)","Type":"paragraph"}],"PlaceholderId":null,"SuggestedLinkText":"List of APIs","SuggestedLink":"$h/__list_of_apis","SuggestedLinkLevel":3,"LinkLabel":null,"HideFromNavigation":false,"Type":"section"},{"Title":"Manage Documents","Nodes":[{"Title":"Overview","Nodes":[{"Text":"Resources to store and retrieve contract-specific documents.","Type":"paragraph"},{"Title":"Get instance","Nodes":[{"Text":"An instance of the `ManageDocumentsController` class can be accessed from the API Client.","Type":"paragraph"},{"Text":"ManageDocumentsController manageDocumentsController = client.getManageDocumentsController();","Language":null,"Type":"codeblock"}],"PlaceholderId":null,"SuggestedLinkText":"Get instance","SuggestedLink":"$h/API%20Reference/__api_reference/Manage%20Documents/Overview/Get%20instance","SuggestedLinkLevel":5,"LinkLabel":null,"HideFromNavigation":true,"Type":"section"}],"PlaceholderId":null,"SuggestedLinkText":"Overview","SuggestedLink":"$h/API%20Reference/__api_reference/Manage%20Documents/Overview","SuggestedLinkLevel":4,"LinkLabel":"endpoint-group-overview","HideFromNavigation":false,"Type":"section"},{"Title":"Get Document","Nodes":[{"Title":"Get Document","Name":"getDocumentAsync","Description":"Returns document-specific contents tied to the given External Reference ID.\n\r\n","ReturnType":"Document","ReturnTypeLink":"$m/Document","ResponseText":"","ReturnTypeExample":null,"AuthDescription":"This endpoint requires [api_key]($h/__auth_CustomHeaderAuthentication)","RequiredAuths":[["api_key"]],"AuthModelSchema":{"title":"api_key","type":"object","properties":{"api_key":{"$ref":"ModelSchemas#/AuthRoot/api_key"}},"required":["api_key"]},"MethodSignature":{"Text":"CompletableFuture<Document> getDocumentAsync(\r\n    final UUID externalRefId,\r\n    final String documentId,\r\n    final UUID vCorrelationId)","Language":"java","Type":"codeblock"},"Parameters":[{"Name":"externalRefId","GenericName":"externalRefId","DataType":"UUID","Description":"The externalRefId returned from POST /applications call.","Required":true,"LinkTo":"","Constant":false,"ParamType":"Header","DataTypeMarkdown":null,"ContainerName":null,"ContainerKind":null,"Discriminator":null,"ReadOnly":false,"WriteOnly":false,"ContainerTypes":null,"TypeCombinatorTypes":null,"Getter":null,"Setter":null,"Type":"paraminfo"},{"Name":"documentId","GenericName":"documentId","DataType":"String","Description":"A unique document ID returned from the Store Documents POST call.","Required":true,"LinkTo":"","Constant":false,"ParamType":"Header","DataTypeMarkdown":null,"ContainerName":null,"ContainerKind":null,"Discriminator":null,"ReadOnly":false,"WriteOnly":false,"ContainerTypes":null,"TypeCombinatorTypes":null,"Getter":null,"Setter":null,"Type":"paraminfo"},{"Name":"vCorrelationId","GenericName":"v-correlation-id","DataType":"UUID","Description":"Unique transaction Id. Will be generated if not provided and returned in response headers.","Required":false,"LinkTo":"","Constant":false,"ParamType":"Header","DataTypeMarkdown":null,"ContainerName":null,"ContainerKind":null,"Discriminator":null,"ReadOnly":false,"WriteOnly":false,"ContainerTypes":null,"TypeCombinatorTypes":null,"Getter":null,"Setter":null,"Type":"paraminfo"}],"RequiredAuthScopes":{},"Errors":[{"Name":"ErrorResponseException","StatusCode":"Default","Description":"Default errors","LinkTo":"$m/ErrorResponse","Type":"errorinfo"}],"StaticUsageExample":null,"UsageExample":{"EndpointGroupName":"Manage Documents","EndpointName":"GetDocument","Index":0,"CallModel":{"additionalQueryParams":null,"additionalFieldParams":null,"args":{"externalRefId":"3fcb1437-4e52-4946-9ae1-e618351b6d16","documentId":"documentId8","v-correlation-id":"3fcb1437-4e52-4946-9ae1-e618351b6d16"}},"CallModelSchema":{"title":"Endpoint Arguments","type":"object","additionalProperties":false,"properties":{"args":{"id":"endpoint_7C26ABBCDB1F9","title":"endpoint_7C26ABBCDB1F9","type":"object","properties":{"externalRefId":{"description":"The externalRefId returned from POST /applications call.","example":"3fcb1437-4e52-4946-9ae1-e618351b6d16","type":"string","format":"uuid"},"documentId":{"description":"A unique document ID returned from the Store Documents POST call.","type":"string"},"v-correlation-id":{"description":"Unique transaction Id. Will be generated if not provided and returned in response headers.","example":"3fcb1437-4e52-4946-9ae1-e618351b6d16","type":"string","format":"uuid"}},"required":["externalRefId","documentId"]}},"required":["args"]},"HttpCallTemplate":"{\"method\":\"GET\",\"url\":\"https://apis.cert.worldpay.com/merchant-boarding/v1/documents{% capture inline_query_capture_876234 %}{% endcapture %}{% if inline_query_capture_876234.size > 0 %}?{% endif %}{{ inline_query_capture_876234 | remove_first:'&' }}\",\"headers\":{% capture header_capture_9023987234 %},\"Accept\":\"application/json\",\"externalRefId\":{{ call[\"args\"][\"externalRefId\"] | unwrap | json: false }},\"documentId\":{{ call[\"args\"][\"documentId\"] | json: false }}{% if call[\"args\"][\"v-correlation-id\"] != nil %},\"v-correlation-id\":{{ call[\"args\"][\"v-correlation-id\"] | unwrap | json: false }}{% endif %}{% if auth[\"api_key\"][\"Authorization\"] != nil %},\"Authorization\":{{ auth[\"api_key\"][\"Authorization\"] | json: false }}{% endif %}{% endcapture %}{{ '{' }}{{ header_capture_9023987234 | remove_first:',' }}},\"body\":{{ '{' }}\"type\":\"none\"}}","Templates":{"JAVA_ECLIPSE_JRE_LIB":"{% assign uUID_import = false %}{% assign CustomHeaderAuthenticationModel_custom_model_import = false %}{% assign CustomHeaderAuthenticationModel_custom_model_import_lhs = false %}{% assign api_key_any_req_auth_params = false %}{% assign api_key_any_auth_params = false %}{% capture manageDocuments_getDocument %}{% if showFullCode %}{% if showFullCode %}        {% endif %}LaunchpadDocumentsAPIClient client = new LaunchpadDocumentsAPIClient.Builder()\n{% if showFullCode %}        {% endif %}    .httpClientConfig(configBuilder -> configBuilder\n{% if showFullCode %}        {% endif %}            .timeout(0)){% assign api_key_any_req_auth_params = false %}{% assign api_key_any_auth_params = false %}{% if auth[\"api_key\"][\"Authorization\"] != nil and auth[\"api_key\"][\"Authorization\"].size > 0 %}{% assign api_key_any_auth_params = true %}{% assign api_key_any_req_auth_params = true %}{% endif %}{% if api_key_any_auth_params %}\n{% if showFullCode %}        {% endif %}    .customHeaderAuthenticationCredentials({% if auth[\"api_key\"] != nil %}{% capture newIndent %}{{indent}}        {% endcapture %}{% render 'CustomHeaderAuthenticationModel_custom_model', field: auth[\"api_key\"], indent: newIndent, showFullCode: showFullCode %}{% endif %}){% endif %}\n{% if showFullCode %}        {% endif %}    .build();\n\n{% if showFullCode %}        {% endif %}ManageDocumentsController manageDocumentsController = client.getManageDocumentsController();\r\n\n{% endif %}{% if showFullCode %}        {% endif %}{% if call[\"args\"][\"externalRefId\"] != nil %}{% assign uUID_import = true %}{% assign uUID_import_lhs = true %}UUID externalRefId = UUID.fromString(\"{{ call[\"args\"][\"externalRefId\"] | replace: \"\\\\\", \"\\\\\\\\\" | replace: '\"', '\\\\\"' | replace: \"\\n\", \"\\\\n\" | replace: \"\\t\", \"    \" | replace: \"\\r\", \"\\\\r\" }}\");\n{% if showFullCode %}        {% endif %}{% else %}{% assign uUID_import = true %}{% assign uUID_import_lhs = true %}UUID externalRefId = null;\n{% if showFullCode %}        {% endif %}{% endif %}{% if call[\"args\"][\"documentId\"] != nil %}{% assign string_import_lhs = true %}String documentId = \"{{ call[\"args\"][\"documentId\"] | replace: \"\\\\\", \"\\\\\\\\\" | replace: '\"', '\\\\\"' | replace: \"\\n\", \"\\\\n\" | replace: \"\\t\", \"    \" | replace: \"\\r\", \"\\\\r\" }}\";\n{% if showFullCode %}        {% endif %}{% else %}{% assign string_import_lhs = true %}String documentId = null;\n{% if showFullCode %}        {% endif %}{% endif %}{% if call[\"args\"][\"v-correlation-id\"] != nil %}{% assign uUID_import = true %}{% assign uUID_import_lhs = true %}UUID vCorrelationId = UUID.fromString(\"{{ call[\"args\"][\"v-correlation-id\"] | replace: \"\\\\\", \"\\\\\\\\\" | replace: '\"', '\\\\\"' | replace: \"\\n\", \"\\\\n\" | replace: \"\\t\", \"    \" | replace: \"\\r\", \"\\\\r\" }}\");\n{% if showFullCode %}        {% endif %}{% endif %}\r\n{% if showFullCode %}        {% endif %}manageDocumentsController.getDocumentAsync({% if externalRefId %}null{% else %}externalRefId{% endif %}, {% if documentId %}null{% else %}documentId{% endif %}, {% if call[\"args\"][\"v-correlation-id\"] == nil %}null{% else %}vCorrelationId{% endif %}).thenAccept(result -> {\n{% if showFullCode %}        {% endif %}    // TODO success callback handler\n{% if showFullCode %}        {% endif %}    System.out.println(result);\n{% if showFullCode %}        {% endif %}}).exceptionally(exception -> {\n{% if showFullCode %}        {% endif %}    // TODO failure callback handler\n{% if showFullCode %}        {% endif %}    exception.printStackTrace();\n{% if showFullCode %}        {% endif %}    return null;\n{% if showFullCode %}        {% endif %}});{% if showFullCode %}\n    }\n}{% endif %}\r\n{% endcapture %}{% if showFullCode %}package com.example;\n\n{% if true %}import com.worldpay.cert.apis.LaunchpadDocumentsAPIClient;\n{% endif %}{% if CustomHeaderAuthenticationModel_custom_model_import or CustomHeaderAuthenticationModel_custom_model_import_lhs %}import com.worldpay.cert.apis.authentication.CustomHeaderAuthenticationModel;\n{% endif %}{% if true %}import com.worldpay.cert.apis.controllers.ManageDocumentsController;\n{% endif %}{% if uUID_import %}import java.util.UUID;\n{% endif %}\n{% assign curly = '{' %}public class Program {\n\n    public static void main(String[] args){% if false %} throws IOException{% endif %} {{ curly }}\n{% endif %}{{manageDocuments_getDocument}}"},"Globals":{"uUID_import":false,"CustomHeaderAuthenticationModel_custom_model_import":false,"CustomHeaderAuthenticationModel_custom_model_import_lhs":false},"Type":"compilablecodeblock"},"Response":[{"StatusCode":"200","Name":"response200","Description":"success","Headers":[{"Name":"v-correlation-id","DataType":"UUID","Description":"Unique transaction Id. Will be generated if not provided and returned in response headers.","Required":true,"LinkTo":"","Constant":false,"Example":"3fcb1437-4e52-4946-9ae1-e618351b6d16","Type":"responseheaderinfo"}],"Content":[{"ContentType":"application/json","DataType":"Document","LinkTo":"$m/Document","Example":null,"Examples":null,"Type":"responsecontentinfo"}],"Type":"responseinfo"},{"StatusCode":"0","Name":"response0","Description":"Default errors","Headers":[],"Content":[{"ContentType":"application/json","DataType":"ErrorResponseException","LinkTo":"$m/ErrorResponse","Example":{"Text":"{\r\n  \"httpStatusCode\": 400,\r\n  \"httpStatusMessage\": \"BAD_REQUEST\",\r\n  \"errors\": [\r\n    {\r\n      \"errorCode\": \"PARAMETER_VALIDATION_ERROR\",\r\n      \"errorMessage\": \"PartnerId is missing in header.\",\r\n      \"target\": \"partnerId\"\r\n    }\r\n  ]\r\n}","Language":"json","Type":"codeblock"},"Examples":null,"Type":"responsecontentinfo"}],"Type":"responseinfo"}],"ServerName":null,"Id":null,"Type":"endpointreference"}],"PlaceholderId":null,"SuggestedLinkText":"Get Document","SuggestedLink":"$e/Manage%20Documents/GetDocument","SuggestedLinkLevel":4,"LinkLabel":"http-get","HideFromNavigation":false,"Type":"section"},{"Title":"Store Document","Nodes":[{"Title":"Store Document","Name":"storeDocumentAsync","Description":"This is an optional step that allows merchants to submit any additional documents to help with the underwriting process, such as passports and driver's licenses. In the PII collection flow, use this endpoint to store and submit the signed contract.\n\r\n","ReturnType":"DocumentResponse","ReturnTypeLink":"$m/DocumentResponse","ResponseText":"","ReturnTypeExample":null,"AuthDescription":"This endpoint requires [api_key]($h/__auth_CustomHeaderAuthentication)","RequiredAuths":[["api_key"]],"AuthModelSchema":{"title":"api_key","type":"object","properties":{"api_key":{"$ref":"ModelSchemas#/AuthRoot/api_key"}},"required":["api_key"]},"MethodSignature":{"Text":"CompletableFuture<DocumentResponse> storeDocumentAsync(\r\n    final UUID externalRefId,\r\n    final DocumentRequest body,\r\n    final ContentTypeEnum contentType,\r\n    final UUID vCorrelationId)","Language":"java","Type":"codeblock"},"Parameters":[{"Name":"externalRefId","GenericName":"externalRefId","DataType":"UUID","Description":"The externalRefId returned from POST /applications call.","Required":true,"LinkTo":"","Constant":false,"ParamType":"Header","DataTypeMarkdown":null,"ContainerName":null,"ContainerKind":null,"Discriminator":null,"ReadOnly":false,"WriteOnly":false,"ContainerTypes":null,"TypeCombinatorTypes":null,"Getter":null,"Setter":null,"Type":"paraminfo"},{"Name":"body","GenericName":"body","DataType":"DocumentRequest","Description":"-","Required":true,"LinkTo":"$m/DocumentRequest","Constant":false,"ParamType":"Body","DataTypeMarkdown":null,"ContainerName":null,"ContainerKind":null,"Discriminator":null,"ReadOnly":false,"WriteOnly":false,"ContainerTypes":null,"TypeCombinatorTypes":null,"Getter":null,"Setter":null,"Type":"paraminfo"},{"Name":"contentType","GenericName":"content-Type","DataType":"ContentTypeEnum","Description":"Indicates the media type of the request-body. Accepts application/json.<br>**Default**: `ContentTypeEnum.ENUM_APPLICATIONJSON`","Required":false,"LinkTo":"$m/content-Type","Constant":false,"ParamType":"Header","DataTypeMarkdown":null,"ContainerName":null,"ContainerKind":null,"Discriminator":null,"ReadOnly":false,"WriteOnly":false,"ContainerTypes":null,"TypeCombinatorTypes":null,"Getter":null,"Setter":null,"Type":"paraminfo"},{"Name":"vCorrelationId","GenericName":"v-correlation-id","DataType":"UUID","Description":"Unique transaction Id. Will be generated if not provided and returned in response headers.","Required":false,"LinkTo":"","Constant":false,"ParamType":"Header","DataTypeMarkdown":null,"ContainerName":null,"ContainerKind":null,"Discriminator":null,"ReadOnly":false,"WriteOnly":false,"ContainerTypes":null,"TypeCombinatorTypes":null,"Getter":null,"Setter":null,"Type":"paraminfo"}],"RequiredAuthScopes":{},"Errors":[{"Name":"ErrorResponseException","StatusCode":"Default","Description":"Default errors","LinkTo":"$m/ErrorResponse","Type":"errorinfo"}],"StaticUsageExample":null,"UsageExample":{"EndpointGroupName":"Manage Documents","EndpointName":"StoreDocument","Index":1,"CallModel":{"additionalQueryParams":null,"additionalFieldParams":null,"args":{"externalRefId":"3fcb1437-4e52-4946-9ae1-e618351b6d16","body":{},"content-Type":"application/json","v-correlation-id":"3fcb1437-4e52-4946-9ae1-e618351b6d16"}},"CallModelSchema":{"title":"Endpoint Arguments","type":"object","additionalProperties":false,"properties":{"args":{"id":"endpoint_7C26ABBCDB1F9","title":"endpoint_7C26ABBCDB1F9","type":"object","properties":{"externalRefId":{"description":"The externalRefId returned from POST /applications call.","example":"3fcb1437-4e52-4946-9ae1-e618351b6d16","type":"string","format":"uuid"},"body":{"$ref":"ModelSchemas#/Root/DocumentRequest"},"content-Type":{"$ref":"ModelSchemas#/Root/content-Type"},"v-correlation-id":{"description":"Unique transaction Id. Will be generated if not provided and returned in response headers.","example":"3fcb1437-4e52-4946-9ae1-e618351b6d16","type":"string","format":"uuid"}},"required":["externalRefId","body"]}},"required":["args"]},"HttpCallTemplate":"{\"method\":\"POST\",\"url\":\"https://apis.cert.worldpay.com/merchant-boarding/v1/documents{% capture inline_query_capture_876234 %}{% endcapture %}{% if inline_query_capture_876234.size > 0 %}?{% endif %}{{ inline_query_capture_876234 | remove_first:'&' }}\",\"headers\":{% capture header_capture_9023987234 %},\"Accept\":\"application/json\",\"externalRefId\":{{ call[\"args\"][\"externalRefId\"] | unwrap | json: false }}{% if call[\"args\"][\"content-Type\"] != nil %},\"content-Type\":{{ call[\"args\"][\"content-Type\"] | json: false }}{% endif %}{% if call[\"args\"][\"v-correlation-id\"] != nil %},\"v-correlation-id\":{{ call[\"args\"][\"v-correlation-id\"] | unwrap | json: false }}{% endif %}{% if auth[\"api_key\"][\"Authorization\"] != nil %},\"Authorization\":{{ auth[\"api_key\"][\"Authorization\"] | json: false }}{% endif %}{% endcapture %}{{ '{' }}{{ header_capture_9023987234 | remove_first:',' }}},\"body\":{{ '{' }}\"type\":\"json\",\"data\":{% if call[\"args\"][\"body\"] != nil %}{{ call[\"args\"][\"body\"] | json: false }}{% else %}null{% endif %}}}","Templates":{"JAVA_ECLIPSE_JRE_LIB":"{% assign uUID_import = false %}{% assign documentRequest_import = false %}{% assign documentRequest_import_lhs = false %}{% assign document_import = false %}{% assign document_import_lhs = false %}{% assign fileExtensionEnum_import = false %}{% assign documentCategoryEnum_import = false %}{% assign contentTypeEnum_import = false %}{% assign CustomHeaderAuthenticationModel_custom_model_import = false %}{% assign CustomHeaderAuthenticationModel_custom_model_import_lhs = false %}{% assign api_key_any_req_auth_params = false %}{% assign api_key_any_auth_params = false %}{% capture manageDocuments_storeDocument %}{% if showFullCode %}{% if showFullCode %}        {% endif %}LaunchpadDocumentsAPIClient client = new LaunchpadDocumentsAPIClient.Builder()\n{% if showFullCode %}        {% endif %}    .httpClientConfig(configBuilder -> configBuilder\n{% if showFullCode %}        {% endif %}            .timeout(0)){% assign api_key_any_req_auth_params = false %}{% assign api_key_any_auth_params = false %}{% if auth[\"api_key\"][\"Authorization\"] != nil and auth[\"api_key\"][\"Authorization\"].size > 0 %}{% assign api_key_any_auth_params = true %}{% assign api_key_any_req_auth_params = true %}{% endif %}{% if api_key_any_auth_params %}\n{% if showFullCode %}        {% endif %}    .customHeaderAuthenticationCredentials({% if auth[\"api_key\"] != nil %}{% capture newIndent %}{{indent}}        {% endcapture %}{% render 'CustomHeaderAuthenticationModel_custom_model', field: auth[\"api_key\"], indent: newIndent, showFullCode: showFullCode %}{% endif %}){% endif %}\n{% if showFullCode %}        {% endif %}    .build();\n\n{% if showFullCode %}        {% endif %}ManageDocumentsController manageDocumentsController = client.getManageDocumentsController();\r\n\n{% endif %}{% if showFullCode %}        {% endif %}{% if call[\"args\"][\"externalRefId\"] != nil %}{% assign uUID_import = true %}{% assign uUID_import_lhs = true %}UUID externalRefId = UUID.fromString(\"{{ call[\"args\"][\"externalRefId\"] | replace: \"\\\\\", \"\\\\\\\\\" | replace: '\"', '\\\\\"' | replace: \"\\n\", \"\\\\n\" | replace: \"\\t\", \"    \" | replace: \"\\r\", \"\\\\r\" }}\");\n{% if showFullCode %}        {% endif %}{% else %}{% assign uUID_import = true %}{% assign uUID_import_lhs = true %}UUID externalRefId = null;\n{% if showFullCode %}        {% endif %}{% endif %}{% if call[\"args\"][\"body\"] != nil %}{% assign documentRequest_import_lhs = true %}DocumentRequest body = {% render 'documentRequest', field: call[\"args\"][\"body\"], indent: '', showFullCode: showFullCode %};\n\n{% if showFullCode %}        {% endif %}{% else %}{% assign documentRequest_import_lhs = true %}DocumentRequest body = null;\n\n{% if showFullCode %}        {% endif %}{% endif %}{% if call[\"args\"][\"content-Type\"] != nil %}{% assign contentTypeEnum_import = true %}{% assign contentTypeEnum_import_lhs = true %}ContentTypeEnum contentType = {% case call[\"args\"][\"content-Type\"] %}{% when \"application/json\" %}ContentTypeEnum.ENUM_APPLICATIONJSON{% when nil %}null{% else %}envrr{% endcase %};\n{% if showFullCode %}        {% endif %}{% endif %}{% if call[\"args\"][\"v-correlation-id\"] != nil %}{% assign uUID_import = true %}{% assign uUID_import_lhs = true %}UUID vCorrelationId = UUID.fromString(\"{{ call[\"args\"][\"v-correlation-id\"] | replace: \"\\\\\", \"\\\\\\\\\" | replace: '\"', '\\\\\"' | replace: \"\\n\", \"\\\\n\" | replace: \"\\t\", \"    \" | replace: \"\\r\", \"\\\\r\" }}\");\n{% if showFullCode %}        {% endif %}{% endif %}\r\n{% if showFullCode %}        {% endif %}manageDocumentsController.storeDocumentAsync({% if externalRefId %}null{% else %}externalRefId{% endif %}, {% if body %}null{% else %}body{% endif %}, {% if call[\"args\"][\"content-Type\"] == nil %}null{% else %}contentType{% endif %}, {% if call[\"args\"][\"v-correlation-id\"] == nil %}null{% else %}vCorrelationId{% endif %}).thenAccept(result -> {\n{% if showFullCode %}        {% endif %}    // TODO success callback handler\n{% if showFullCode %}        {% endif %}    System.out.println(result);\n{% if showFullCode %}        {% endif %}}).exceptionally(exception -> {\n{% if showFullCode %}        {% endif %}    // TODO failure callback handler\n{% if showFullCode %}        {% endif %}    exception.printStackTrace();\n{% if showFullCode %}        {% endif %}    return null;\n{% if showFullCode %}        {% endif %}});{% if showFullCode %}\n    }\n}{% endif %}\r\n{% endcapture %}{% if showFullCode %}package com.example;\n\n{% if true %}import com.worldpay.cert.apis.LaunchpadDocumentsAPIClient;\n{% endif %}{% if CustomHeaderAuthenticationModel_custom_model_import or CustomHeaderAuthenticationModel_custom_model_import_lhs %}import com.worldpay.cert.apis.authentication.CustomHeaderAuthenticationModel;\n{% endif %}{% if true %}import com.worldpay.cert.apis.controllers.ManageDocumentsController;\n{% endif %}{% if contentTypeEnum_import %}import com.worldpay.cert.apis.models.ContentTypeEnum;\n{% endif %}{% if document_import or document_import_lhs %}import com.worldpay.cert.apis.models.Document;\n{% endif %}{% if documentCategoryEnum_import %}import com.worldpay.cert.apis.models.DocumentCategoryEnum;\n{% endif %}{% if documentRequest_import or documentRequest_import_lhs %}import com.worldpay.cert.apis.models.DocumentRequest;\n{% endif %}{% if fileExtensionEnum_import %}import com.worldpay.cert.apis.models.FileExtensionEnum;\n{% endif %}{% if uUID_import %}import java.util.UUID;\n{% endif %}\n{% assign curly = '{' %}public class Program {\n\n    public static void main(String[] args){% if false %} throws IOException{% endif %} {{ curly }}\n{% endif %}{{manageDocuments_storeDocument}}"},"Globals":{"uUID_import":false,"documentRequest_import":false,"documentRequest_import_lhs":false,"document_import":false,"document_import_lhs":false,"fileExtensionEnum_import":false,"documentCategoryEnum_import":false,"contentTypeEnum_import":false,"CustomHeaderAuthenticationModel_custom_model_import":false,"CustomHeaderAuthenticationModel_custom_model_import_lhs":false},"Type":"compilablecodeblock"},"Response":[{"StatusCode":"200","Name":"response200","Description":"Success","Headers":[{"Name":"v-correlation-id","DataType":"UUID","Description":"Unique transaction Id. Will be generated if not provided and returned in response headers.","Required":true,"LinkTo":"","Constant":false,"Example":"3fcb1437-4e52-4946-9ae1-e618351b6d16","Type":"responseheaderinfo"}],"Content":[{"ContentType":"application/json","DataType":"DocumentResponse","LinkTo":"$m/DocumentResponse","Example":null,"Examples":null,"Type":"responsecontentinfo"}],"Type":"responseinfo"},{"StatusCode":"0","Name":"response0","Description":"Default errors","Headers":[],"Content":[{"ContentType":"application/json","DataType":"ErrorResponseException","LinkTo":"$m/ErrorResponse","Example":{"Text":"{\r\n  \"httpStatusCode\": 400,\r\n  \"httpStatusMessage\": \"BAD_REQUEST\",\r\n  \"errors\": [\r\n    {\r\n      \"errorCode\": \"PARAMETER_VALIDATION_ERROR\",\r\n      \"errorMessage\": \"PartnerId is missing in header.\",\r\n      \"target\": \"partnerId\"\r\n    }\r\n  ]\r\n}","Language":"json","Type":"codeblock"},"Examples":null,"Type":"responsecontentinfo"}],"Type":"responseinfo"}],"ServerName":null,"Id":null,"Type":"endpointreference"}],"PlaceholderId":null,"SuggestedLinkText":"Store Document","SuggestedLink":"$e/Manage%20Documents/StoreDocument","SuggestedLinkLevel":4,"LinkLabel":"http-post","HideFromNavigation":false,"Type":"section"},{"Title":"Get Document Metadata","Nodes":[{"Title":"Get Document Metadata","Name":"getDocumentMetadataAsync","Description":"Returns a list of documents tied to the given external reference ID.\n\r\n","ReturnType":"DocumentListResponse","ReturnTypeLink":"$m/DocumentListResponse","ResponseText":"","ReturnTypeExample":null,"AuthDescription":"This endpoint requires [api_key]($h/__auth_CustomHeaderAuthentication)","RequiredAuths":[["api_key"]],"AuthModelSchema":{"title":"api_key","type":"object","properties":{"api_key":{"$ref":"ModelSchemas#/AuthRoot/api_key"}},"required":["api_key"]},"MethodSignature":{"Text":"CompletableFuture<DocumentListResponse> getDocumentMetadataAsync(\r\n    final UUID externalRefId,\r\n    final UUID vCorrelationId)","Language":"java","Type":"codeblock"},"Parameters":[{"Name":"externalRefId","GenericName":"externalRefId","DataType":"UUID","Description":"The externalRefId returned from POST /applications call.","Required":true,"LinkTo":"","Constant":false,"ParamType":"Header","DataTypeMarkdown":null,"ContainerName":null,"ContainerKind":null,"Discriminator":null,"ReadOnly":false,"WriteOnly":false,"ContainerTypes":null,"TypeCombinatorTypes":null,"Getter":null,"Setter":null,"Type":"paraminfo"},{"Name":"vCorrelationId","GenericName":"v-correlation-id","DataType":"UUID","Description":"Unique transaction Id. Will be generated if not provided and returned in response headers.","Required":false,"LinkTo":"","Constant":false,"ParamType":"Header","DataTypeMarkdown":null,"ContainerName":null,"ContainerKind":null,"Discriminator":null,"ReadOnly":false,"WriteOnly":false,"ContainerTypes":null,"TypeCombinatorTypes":null,"Getter":null,"Setter":null,"Type":"paraminfo"}],"RequiredAuthScopes":{},"Errors":[{"Name":"ErrorResponseException","StatusCode":"Default","Description":"Default errors","LinkTo":"$m/ErrorResponse","Type":"errorinfo"}],"StaticUsageExample":null,"UsageExample":{"EndpointGroupName":"Manage Documents","EndpointName":"GetDocumentMetadata","Index":2,"CallModel":{"additionalQueryParams":null,"additionalFieldParams":null,"args":{"externalRefId":"3fcb1437-4e52-4946-9ae1-e618351b6d16","v-correlation-id":"3fcb1437-4e52-4946-9ae1-e618351b6d16"}},"CallModelSchema":{"title":"Endpoint Arguments","type":"object","additionalProperties":false,"properties":{"args":{"id":"endpoint_7C26ABBCDB1F9","title":"endpoint_7C26ABBCDB1F9","type":"object","properties":{"externalRefId":{"description":"The externalRefId returned from POST /applications call.","example":"3fcb1437-4e52-4946-9ae1-e618351b6d16","type":"string","format":"uuid"},"v-correlation-id":{"description":"Unique transaction Id. Will be generated if not provided and returned in response headers.","example":"3fcb1437-4e52-4946-9ae1-e618351b6d16","type":"string","format":"uuid"}},"required":["externalRefId"]}},"required":["args"]},"HttpCallTemplate":"{\"method\":\"GET\",\"url\":\"https://apis.cert.worldpay.com/merchant-boarding/v1/documents/List{% capture inline_query_capture_876234 %}{% endcapture %}{% if inline_query_capture_876234.size > 0 %}?{% endif %}{{ inline_query_capture_876234 | remove_first:'&' }}\",\"headers\":{% capture header_capture_9023987234 %},\"Accept\":\"application/json\",\"externalRefId\":{{ call[\"args\"][\"externalRefId\"] | unwrap | json: false }}{% if call[\"args\"][\"v-correlation-id\"] != nil %},\"v-correlation-id\":{{ call[\"args\"][\"v-correlation-id\"] | unwrap | json: false }}{% endif %}{% if auth[\"api_key\"][\"Authorization\"] != nil %},\"Authorization\":{{ auth[\"api_key\"][\"Authorization\"] | json: false }}{% endif %}{% endcapture %}{{ '{' }}{{ header_capture_9023987234 | remove_first:',' }}},\"body\":{{ '{' }}\"type\":\"none\"}}","Templates":{"JAVA_ECLIPSE_JRE_LIB":"{% assign uUID_import = false %}{% assign CustomHeaderAuthenticationModel_custom_model_import = false %}{% assign CustomHeaderAuthenticationModel_custom_model_import_lhs = false %}{% assign api_key_any_req_auth_params = false %}{% assign api_key_any_auth_params = false %}{% capture manageDocuments_getDocumentMetadata %}{% if showFullCode %}{% if showFullCode %}        {% endif %}LaunchpadDocumentsAPIClient client = new LaunchpadDocumentsAPIClient.Builder()\n{% if showFullCode %}        {% endif %}    .httpClientConfig(configBuilder -> configBuilder\n{% if showFullCode %}        {% endif %}            .timeout(0)){% assign api_key_any_req_auth_params = false %}{% assign api_key_any_auth_params = false %}{% if auth[\"api_key\"][\"Authorization\"] != nil and auth[\"api_key\"][\"Authorization\"].size > 0 %}{% assign api_key_any_auth_params = true %}{% assign api_key_any_req_auth_params = true %}{% endif %}{% if api_key_any_auth_params %}\n{% if showFullCode %}        {% endif %}    .customHeaderAuthenticationCredentials({% if auth[\"api_key\"] != nil %}{% capture newIndent %}{{indent}}        {% endcapture %}{% render 'CustomHeaderAuthenticationModel_custom_model', field: auth[\"api_key\"], indent: newIndent, showFullCode: showFullCode %}{% endif %}){% endif %}\n{% if showFullCode %}        {% endif %}    .build();\n\n{% if showFullCode %}        {% endif %}ManageDocumentsController manageDocumentsController = client.getManageDocumentsController();\r\n\n{% endif %}{% if showFullCode %}        {% endif %}{% if call[\"args\"][\"externalRefId\"] != nil %}{% assign uUID_import = true %}{% assign uUID_import_lhs = true %}UUID externalRefId = UUID.fromString(\"{{ call[\"args\"][\"externalRefId\"] | replace: \"\\\\\", \"\\\\\\\\\" | replace: '\"', '\\\\\"' | replace: \"\\n\", \"\\\\n\" | replace: \"\\t\", \"    \" | replace: \"\\r\", \"\\\\r\" }}\");\n{% if showFullCode %}        {% endif %}{% else %}{% assign uUID_import = true %}{% assign uUID_import_lhs = true %}UUID externalRefId = null;\n{% if showFullCode %}        {% endif %}{% endif %}{% if call[\"args\"][\"v-correlation-id\"] != nil %}{% assign uUID_import = true %}{% assign uUID_import_lhs = true %}UUID vCorrelationId = UUID.fromString(\"{{ call[\"args\"][\"v-correlation-id\"] | replace: \"\\\\\", \"\\\\\\\\\" | replace: '\"', '\\\\\"' | replace: \"\\n\", \"\\\\n\" | replace: \"\\t\", \"    \" | replace: \"\\r\", \"\\\\r\" }}\");\n{% if showFullCode %}        {% endif %}{% endif %}\r\n{% if showFullCode %}        {% endif %}manageDocumentsController.getDocumentMetadataAsync({% if externalRefId %}null{% else %}externalRefId{% endif %}, {% if call[\"args\"][\"v-correlation-id\"] == nil %}null{% else %}vCorrelationId{% endif %}).thenAccept(result -> {\n{% if showFullCode %}        {% endif %}    // TODO success callback handler\n{% if showFullCode %}        {% endif %}    System.out.println(result);\n{% if showFullCode %}        {% endif %}}).exceptionally(exception -> {\n{% if showFullCode %}        {% endif %}    // TODO failure callback handler\n{% if showFullCode %}        {% endif %}    exception.printStackTrace();\n{% if showFullCode %}        {% endif %}    return null;\n{% if showFullCode %}        {% endif %}});{% if showFullCode %}\n    }\n}{% endif %}\r\n{% endcapture %}{% if showFullCode %}package com.example;\n\n{% if true %}import com.worldpay.cert.apis.LaunchpadDocumentsAPIClient;\n{% endif %}{% if CustomHeaderAuthenticationModel_custom_model_import or CustomHeaderAuthenticationModel_custom_model_import_lhs %}import com.worldpay.cert.apis.authentication.CustomHeaderAuthenticationModel;\n{% endif %}{% if true %}import com.worldpay.cert.apis.controllers.ManageDocumentsController;\n{% endif %}{% if uUID_import %}import java.util.UUID;\n{% endif %}\n{% assign curly = '{' %}public class Program {\n\n    public static void main(String[] args){% if false %} throws IOException{% endif %} {{ curly }}\n{% endif %}{{manageDocuments_getDocumentMetadata}}"},"Globals":{"uUID_import":false,"CustomHeaderAuthenticationModel_custom_model_import":false,"CustomHeaderAuthenticationModel_custom_model_import_lhs":false},"Type":"compilablecodeblock"},"Response":[{"StatusCode":"200","Name":"response200","Description":"Success","Headers":[{"Name":"v-correlation-id","DataType":"UUID","Description":"Unique transaction Id. Will be generated if not provided and returned in response headers.","Required":true,"LinkTo":"","Constant":false,"Example":"3fcb1437-4e52-4946-9ae1-e618351b6d16","Type":"responseheaderinfo"}],"Content":[{"ContentType":"application/json","DataType":"DocumentListResponse","LinkTo":"$m/DocumentListResponse","Example":null,"Examples":null,"Type":"responsecontentinfo"}],"Type":"responseinfo"},{"StatusCode":"0","Name":"response0","Description":"Default errors","Headers":[],"Content":[{"ContentType":"application/json","DataType":"ErrorResponseException","LinkTo":"$m/ErrorResponse","Example":{"Text":"{\r\n  \"httpStatusCode\": 400,\r\n  \"httpStatusMessage\": \"BAD_REQUEST\",\r\n  \"errors\": [\r\n    {\r\n      \"errorCode\": \"PARAMETER_VALIDATION_ERROR\",\r\n      \"errorMessage\": \"PartnerId is missing in header.\",\r\n      \"target\": \"partnerId\"\r\n    }\r\n  ]\r\n}","Language":"json","Type":"codeblock"},"Examples":null,"Type":"responsecontentinfo"}],"Type":"responseinfo"}],"ServerName":null,"Id":null,"Type":"endpointreference"}],"PlaceholderId":null,"SuggestedLinkText":"Get Document Metadata","SuggestedLink":"$e/Manage%20Documents/GetDocumentMetadata","SuggestedLinkLevel":4,"LinkLabel":"http-get","HideFromNavigation":false,"Type":"section"}],"PlaceholderId":null,"SuggestedLinkText":"Manage Documents","SuggestedLink":"$e/Manage%20Documents","SuggestedLinkLevel":3,"LinkLabel":null,"HideFromNavigation":false,"Type":"section"}],"PlaceholderId":"__api_reference","SuggestedLinkText":"API Reference","SuggestedLink":"$h/__api_reference","SuggestedLinkLevel":2,"LinkLabel":null,"HideFromNavigation":false,"Type":"section"},{"Title":"Model Reference","Nodes":[{"Title":"Structures","Nodes":[{"Text":"* [Document Request]($m/DocumentRequest)\n* [Document Response]($m/DocumentResponse)\n* [Document]($m/Document)\n* [Document List Response]($m/DocumentListResponse)\n* [Documents Meta Data]($m/DocumentsMetaData)\n* [Error]($m/Error)","Type":"paragraph"},{"Title":"Document Request","Nodes":[{"Fields":[{"Name":"Document","GenericName":"document","DataType":"Document","Description":"-","Required":false,"LinkTo":"$m/Document","Constant":false,"ParamType":null,"DataTypeMarkdown":null,"ContainerName":null,"ContainerKind":null,"Discriminator":null,"ReadOnly":false,"WriteOnly":false,"ContainerTypes":null,"TypeCombinatorTypes":null,"Getter":"Document getDocument()","Setter":"setDocument(Document document)","Type":"paraminfo"}],"HasGetters":true,"HasSetters":true,"Title":"Document Request","Name":"DocumentRequest","OriginalName":"DocumentRequest","Description":null,"BaseClass":null,"BaseClassLink":null,"ChildClassesLink":null,"LinkTo":"$m/DocumentRequest","StructureType":"Class Name","ContainedTypesName":"Fields","Example":{"Text":"{\r\n  \"document\": {\r\n    \"fileName\": \"fileName0\",\r\n    \"fileExtension\": \"TIF\",\r\n    \"content\": \"content0\",\r\n    \"version\": 90,\r\n    \"uploadedBy\": \"uploadedBy8\"\r\n  }\r\n}","Language":"json","Type":"codeblock"},"Id":null,"Type":"structurereference"}],"PlaceholderId":null,"SuggestedLinkText":"Document Request","SuggestedLink":"$m/DocumentRequest","SuggestedLinkLevel":4,"LinkLabel":null,"HideFromNavigation":false,"Type":"section"},{"Title":"Document Response","Nodes":[{"Fields":[{"Name":"DocumentId","GenericName":"documentId","DataType":"String","Description":"-","Required":false,"LinkTo":"","Constant":false,"ParamType":null,"DataTypeMarkdown":null,"ContainerName":null,"ContainerKind":null,"Discriminator":null,"ReadOnly":false,"WriteOnly":false,"ContainerTypes":null,"TypeCombinatorTypes":null,"Getter":"String getDocumentId()","Setter":"setDocumentId(String documentId)","Type":"paraminfo"}],"HasGetters":true,"HasSetters":true,"Title":"Document Response","Name":"DocumentResponse","OriginalName":"DocumentResponse","Description":null,"BaseClass":null,"BaseClassLink":null,"ChildClassesLink":null,"LinkTo":"$m/DocumentResponse","StructureType":"Class Name","ContainedTypesName":"Fields","Example":{"Text":"{\r\n  \"documentId\": \"6114\"\r\n}","Language":"json","Type":"codeblock"},"Id":null,"Type":"structurereference"}],"PlaceholderId":null,"SuggestedLinkText":"Document Response","SuggestedLink":"$m/DocumentResponse","SuggestedLinkLevel":4,"LinkLabel":null,"HideFromNavigation":false,"Type":"section"},{"Title":"Document","Nodes":[{"Fields":[{"Name":"FileName","GenericName":"fileName","DataType":"String","Description":"Document name.<br>**Constraints**: *Maximum Length*: `150`","Required":false,"LinkTo":"","Constant":false,"ParamType":null,"DataTypeMarkdown":null,"ContainerName":null,"ContainerKind":null,"Discriminator":null,"ReadOnly":false,"WriteOnly":false,"ContainerTypes":null,"TypeCombinatorTypes":null,"Getter":"String getFileName()","Setter":"setFileName(String fileName)","Type":"paraminfo"},{"Name":"FileExtension","GenericName":"fileExtension","DataType":"FileExtensionEnum","Description":"Document type.","Required":false,"LinkTo":"$m/FileExtension","Constant":false,"ParamType":null,"DataTypeMarkdown":null,"ContainerName":null,"ContainerKind":null,"Discriminator":null,"ReadOnly":false,"WriteOnly":false,"ContainerTypes":null,"TypeCombinatorTypes":null,"Getter":"FileExtensionEnum getFileExtension()","Setter":"setFileExtension(FileExtensionEnum fileExtension)","Type":"paraminfo"},{"Name":"Content","GenericName":"content","DataType":"String","Description":"Base 64 encoded binary string of docuement content. Maxium string length is 12MB.<br>**Constraints**: *Maximum Length*: `12000000`","Required":false,"LinkTo":"","Constant":false,"ParamType":null,"DataTypeMarkdown":null,"ContainerName":null,"ContainerKind":null,"Discriminator":null,"ReadOnly":false,"WriteOnly":false,"ContainerTypes":null,"TypeCombinatorTypes":null,"Getter":"String getContent()","Setter":"setContent(String content)","Type":"paraminfo"},{"Name":"Version","GenericName":"version","DataType":"Integer","Description":"Version of the document.","Required":false,"LinkTo":"","Constant":false,"ParamType":null,"DataTypeMarkdown":null,"ContainerName":null,"ContainerKind":null,"Discriminator":null,"ReadOnly":false,"WriteOnly":false,"ContainerTypes":null,"TypeCombinatorTypes":null,"Getter":"Integer getVersion()","Setter":"setVersion(Integer version)","Type":"paraminfo"},{"Name":"UploadedBy","GenericName":"uploadedBy","DataType":"String","Description":"Name of the user who uploaded the document. Maximum field length of 8 characters.<br>**Constraints**: *Minimum Length*: `1`, *Maximum Length*: `8`","Required":false,"LinkTo":"","Constant":false,"ParamType":null,"DataTypeMarkdown":null,"ContainerName":null,"ContainerKind":null,"Discriminator":null,"ReadOnly":false,"WriteOnly":false,"ContainerTypes":null,"TypeCombinatorTypes":null,"Getter":"String getUploadedBy()","Setter":"setUploadedBy(String uploadedBy)","Type":"paraminfo"},{"Name":"DocumentCategory","GenericName":"documentCategory","DataType":"DocumentCategoryEnum","Description":"Document category","Required":false,"LinkTo":"$m/DocumentCategory","Constant":false,"ParamType":null,"DataTypeMarkdown":null,"ContainerName":null,"ContainerKind":null,"Discriminator":null,"ReadOnly":false,"WriteOnly":false,"ContainerTypes":null,"TypeCombinatorTypes":null,"Getter":"DocumentCategoryEnum getDocumentCategory()","Setter":"setDocumentCategory(DocumentCategoryEnum documentCategory)","Type":"paraminfo"}],"HasGetters":true,"HasSetters":true,"Title":"Document","Name":"Document","OriginalName":"Document","Description":null,"BaseClass":null,"BaseClassLink":null,"ChildClassesLink":null,"LinkTo":"$m/Document","StructureType":"Class Name","ContainedTypesName":"Fields","Example":{"Text":"{\r\n  \"fileName\": \"Timothy Jones Drivers License\",\r\n  \"fileExtension\": \"JPEG\",\r\n  \"content\": \"VGhpcyBpcyBUZXN0\",\r\n  \"version\": 1,\r\n  \"uploadedBy\": \"Timothy\",\r\n  \"documentCategory\": \"DRIVERS LICENSE\"\r\n}","Language":"json","Type":"codeblock"},"Id":null,"Type":"structurereference"}],"PlaceholderId":null,"SuggestedLinkText":"Document","SuggestedLink":"$m/Document","SuggestedLinkLevel":4,"LinkLabel":null,"HideFromNavigation":false,"Type":"section"},{"Title":"Document List Response","Nodes":[{"Fields":[{"Name":"Documents","GenericName":"documents","DataType":"List<DocumentsMetaData>","Description":"-","Required":false,"LinkTo":"$m/DocumentsMetaData","Constant":false,"ParamType":null,"DataTypeMarkdown":null,"ContainerName":null,"ContainerKind":null,"Discriminator":null,"ReadOnly":false,"WriteOnly":false,"ContainerTypes":null,"TypeCombinatorTypes":null,"Getter":"List<DocumentsMetaData> getDocuments()","Setter":"setDocuments(List<DocumentsMetaData> documents)","Type":"paraminfo"}],"HasGetters":true,"HasSetters":true,"Title":"Document List Response","Name":"DocumentListResponse","OriginalName":"DocumentListResponse","Description":null,"BaseClass":null,"BaseClassLink":null,"ChildClassesLink":null,"LinkTo":"$m/DocumentListResponse","StructureType":"Class Name","ContainedTypesName":"Fields","Example":{"Text":"{\r\n  \"documents\": [\r\n    {\r\n      \"documentId\": \"documentId2\",\r\n      \"fileName\": \"fileName8\",\r\n      \"fileExtension\": \"GIF\",\r\n      \"version\": 18,\r\n      \"uploadedBy\": \"uploadedBy0\"\r\n    },\r\n    {\r\n      \"documentId\": \"documentId2\",\r\n      \"fileName\": \"fileName8\",\r\n      \"fileExtension\": \"GIF\",\r\n      \"version\": 18,\r\n      \"uploadedBy\": \"uploadedBy0\"\r\n    }\r\n  ]\r\n}","Language":"json","Type":"codeblock"},"Id":null,"Type":"structurereference"}],"PlaceholderId":null,"SuggestedLinkText":"Document List Response","SuggestedLink":"$m/DocumentListResponse","SuggestedLinkLevel":4,"LinkLabel":null,"HideFromNavigation":false,"Type":"section"},{"Title":"Documents Meta Data","Nodes":[{"Fields":[{"Name":"DocumentId","GenericName":"documentId","DataType":"String","Description":"Unique ID for the stored document.","Required":false,"LinkTo":"","Constant":false,"ParamType":null,"DataTypeMarkdown":null,"ContainerName":null,"ContainerKind":null,"Discriminator":null,"ReadOnly":false,"WriteOnly":false,"ContainerTypes":null,"TypeCombinatorTypes":null,"Getter":"String getDocumentId()","Setter":"setDocumentId(String documentId)","Type":"paraminfo"},{"Name":"FileName","GenericName":"fileName","DataType":"String","Description":"Document name<br>**Constraints**: *Maximum Length*: `150`, *Pattern*: ```` ^$|^[0-9A-Za-z_\\-(),.\\s]{1,150}$ ````","Required":false,"LinkTo":"","Constant":false,"ParamType":null,"DataTypeMarkdown":null,"ContainerName":null,"ContainerKind":null,"Discriminator":null,"ReadOnly":false,"WriteOnly":false,"ContainerTypes":null,"TypeCombinatorTypes":null,"Getter":"String getFileName()","Setter":"setFileName(String fileName)","Type":"paraminfo"},{"Name":"FileExtension","GenericName":"fileExtension","DataType":"FileExtension1Enum","Description":"Document type","Required":false,"LinkTo":"$m/FileExtension1","Constant":false,"ParamType":null,"DataTypeMarkdown":null,"ContainerName":null,"ContainerKind":null,"Discriminator":null,"ReadOnly":false,"WriteOnly":false,"ContainerTypes":null,"TypeCombinatorTypes":null,"Getter":"FileExtension1Enum getFileExtension()","Setter":"setFileExtension(FileExtension1Enum fileExtension)","Type":"paraminfo"},{"Name":"Version","GenericName":"version","DataType":"Integer","Description":"Document version","Required":false,"LinkTo":"","Constant":false,"ParamType":null,"DataTypeMarkdown":null,"ContainerName":null,"ContainerKind":null,"Discriminator":null,"ReadOnly":false,"WriteOnly":false,"ContainerTypes":null,"TypeCombinatorTypes":null,"Getter":"Integer getVersion()","Setter":"setVersion(Integer version)","Type":"paraminfo"},{"Name":"UploadedBy","GenericName":"uploadedBy","DataType":"String","Description":"Who uploaded the document? Maximum field length of 8 characters.<br>**Constraints**: *Minimum Length*: `1`, *Maximum Length*: `8`","Required":false,"LinkTo":"","Constant":false,"ParamType":null,"DataTypeMarkdown":null,"ContainerName":null,"ContainerKind":null,"Discriminator":null,"ReadOnly":false,"WriteOnly":false,"ContainerTypes":null,"TypeCombinatorTypes":null,"Getter":"String getUploadedBy()","Setter":"setUploadedBy(String uploadedBy)","Type":"paraminfo"},{"Name":"DocumentCategory","GenericName":"documentCategory","DataType":"DocumentCategory1Enum","Description":"Document category.","Required":false,"LinkTo":"$m/DocumentCategory1","Constant":false,"ParamType":null,"DataTypeMarkdown":null,"ContainerName":null,"ContainerKind":null,"Discriminator":null,"ReadOnly":false,"WriteOnly":false,"ContainerTypes":null,"TypeCombinatorTypes":null,"Getter":"DocumentCategory1Enum getDocumentCategory()","Setter":"setDocumentCategory(DocumentCategory1Enum documentCategory)","Type":"paraminfo"}],"HasGetters":true,"HasSetters":true,"Title":"Documents Meta Data","Name":"DocumentsMetaData","OriginalName":"DocumentsMetaData","Description":null,"BaseClass":null,"BaseClassLink":null,"ChildClassesLink":null,"LinkTo":"$m/DocumentsMetaData","StructureType":"Class Name","ContainedTypesName":"Fields","Example":{"Text":"{\r\n  \"documentId\": \"861\",\r\n  \"fileName\": \"Timothy Jones Drivers License\",\r\n  \"fileExtension\": \"JPEG\",\r\n  \"version\": 1,\r\n  \"uploadedBy\": \"Timothy\"\r\n}","Language":"json","Type":"codeblock"},"Id":null,"Type":"structurereference"}],"PlaceholderId":null,"SuggestedLinkText":"Documents Meta Data","SuggestedLink":"$m/DocumentsMetaData","SuggestedLinkLevel":4,"LinkLabel":null,"HideFromNavigation":false,"Type":"section"},{"Title":"Error","Nodes":[{"Fields":[{"Name":"ErrorCode","GenericName":"errorCode","DataType":"String","Description":"-","Required":false,"LinkTo":"","Constant":false,"ParamType":null,"DataTypeMarkdown":null,"ContainerName":null,"ContainerKind":null,"Discriminator":null,"ReadOnly":false,"WriteOnly":false,"ContainerTypes":null,"TypeCombinatorTypes":null,"Getter":"String getErrorCode()","Setter":"setErrorCode(String errorCode)","Type":"paraminfo"},{"Name":"ErrorMessage","GenericName":"errorMessage","DataType":"String","Description":"-","Required":false,"LinkTo":"","Constant":false,"ParamType":null,"DataTypeMarkdown":null,"ContainerName":null,"ContainerKind":null,"Discriminator":null,"ReadOnly":false,"WriteOnly":false,"ContainerTypes":null,"TypeCombinatorTypes":null,"Getter":"String getErrorMessage()","Setter":"setErrorMessage(String errorMessage)","Type":"paraminfo"},{"Name":"Target","GenericName":"target","DataType":"String","Description":"-","Required":false,"LinkTo":"","Constant":false,"ParamType":null,"DataTypeMarkdown":null,"ContainerName":null,"ContainerKind":null,"Discriminator":null,"ReadOnly":false,"WriteOnly":false,"ContainerTypes":null,"TypeCombinatorTypes":null,"Getter":"String getTarget()","Setter":"setTarget(String target)","Type":"paraminfo"}],"HasGetters":true,"HasSetters":true,"Title":"Error","Name":"Error","OriginalName":"Error","Description":null,"BaseClass":null,"BaseClassLink":null,"ChildClassesLink":null,"LinkTo":"$m/Error","StructureType":"Class Name","ContainedTypesName":"Fields","Example":{"Text":"{\r\n  \"errorCode\": \"ERROR_CODE\",\r\n  \"errorMessage\": \"Error message here.\",\r\n  \"target\": \"Target\"\r\n}","Language":"json","Type":"codeblock"},"Id":null,"Type":"structurereference"}],"PlaceholderId":null,"SuggestedLinkText":"Error","SuggestedLink":"$m/Error","SuggestedLinkLevel":4,"LinkLabel":null,"HideFromNavigation":false,"Type":"section"}],"PlaceholderId":null,"SuggestedLinkText":"Structures","SuggestedLink":"$h/API%20Reference/__model_reference/Structures","SuggestedLinkLevel":3,"LinkLabel":null,"HideFromNavigation":false,"Type":"section"},{"Title":"Enumerations","Nodes":[{"Text":"* [Content-Type]($m/content-Type)\n* [Document Category]($m/DocumentCategory)\n* [Document Category 1]($m/DocumentCategory1)\n* [File Extension]($m/FileExtension)\n* [File Extension 1]($m/FileExtension1)","Type":"paragraph"},{"Title":"Content-Type","Nodes":[{"Elements":[{"Key":"EnumApplicationjson","Value":""}],"Title":"Content-Type","Name":"ContentTypeEnum","OriginalName":"content-Type","Description":null,"BaseClass":null,"BaseClassLink":null,"ChildClassesLink":null,"LinkTo":"$m/content-Type","StructureType":"Enum Type Name","ContainedTypesName":"Enum Constants","Example":null,"Id":null,"Type":"enumreference"}],"PlaceholderId":null,"SuggestedLinkText":"Content-Type","SuggestedLink":"$m/content-Type","SuggestedLinkLevel":4,"LinkLabel":null,"HideFromNavigation":false,"Type":"section"},{"Title":"Document Category","Nodes":[{"Elements":[{"Key":"EnumDRIVERSLICENSE","Value":""},{"Key":"EnumTERMINALLEASE","Value":""},{"Key":"PASSPORT","Value":""},{"Key":"UNKNOWN","Value":""},{"Key":"EnumVOIDEDCHECK","Value":""}],"Title":"Document Category","Name":"DocumentCategoryEnum","OriginalName":"DocumentCategory","Description":"Document category","BaseClass":null,"BaseClassLink":null,"ChildClassesLink":null,"LinkTo":"$m/DocumentCategory","StructureType":"Enum Type Name","ContainedTypesName":"Enum Constants","Example":{"Text":"DRIVERS LICENSE","Language":null,"Type":"codeblock"},"Id":null,"Type":"enumreference"}],"PlaceholderId":null,"SuggestedLinkText":"Document Category","SuggestedLink":"$m/DocumentCategory","SuggestedLinkLevel":4,"LinkLabel":null,"HideFromNavigation":false,"Type":"section"},{"Title":"Document Category 1","Nodes":[{"Elements":[{"Key":"EnumDRIVERSLICENSE","Value":""},{"Key":"EnumTERMINALLEASE","Value":""},{"Key":"PASSPORT","Value":""},{"Key":"UNKNOWN","Value":""},{"Key":"EnumVOIDEDCHECK","Value":""}],"Title":"Document Category 1","Name":"DocumentCategory1Enum","OriginalName":"DocumentCategory1","Description":"Document category.","BaseClass":null,"BaseClassLink":null,"ChildClassesLink":null,"LinkTo":"$m/DocumentCategory1","StructureType":"Enum Type Name","ContainedTypesName":"Enum Constants","Example":null,"Id":null,"Type":"enumreference"}],"PlaceholderId":null,"SuggestedLinkText":"Document Category 1","SuggestedLink":"$m/DocumentCategory1","SuggestedLinkLevel":4,"LinkLabel":null,"HideFromNavigation":false,"Type":"section"},{"Title":"File Extension","Nodes":[{"Elements":[{"Key":"JPEG","Value":""},{"Key":"JPG","Value":""},{"Key":"GIF","Value":""},{"Key":"PDF","Value":""},{"Key":"PNG","Value":""},{"Key":"TIFF","Value":""},{"Key":"TIF","Value":""},{"Key":"BMP","Value":""},{"Key":"DOC","Value":""},{"Key":"TXT","Value":""},{"Key":"DOCX","Value":""},{"Key":"PPT","Value":""},{"Key":"XLS","Value":""},{"Key":"XLSX","Value":""}],"Title":"File Extension","Name":"FileExtensionEnum","OriginalName":"FileExtension","Description":"Document type.","BaseClass":null,"BaseClassLink":null,"ChildClassesLink":null,"LinkTo":"$m/FileExtension","StructureType":"Enum Type Name","ContainedTypesName":"Enum Constants","Example":{"Text":"JPEG","Language":null,"Type":"codeblock"},"Id":null,"Type":"enumreference"}],"PlaceholderId":null,"SuggestedLinkText":"File Extension","SuggestedLink":"$m/FileExtension","SuggestedLinkLevel":4,"LinkLabel":null,"HideFromNavigation":false,"Type":"section"},{"Title":"File Extension 1","Nodes":[{"Elements":[{"Key":"JPEG","Value":""},{"Key":"JPG","Value":""},{"Key":"GIF","Value":""},{"Key":"PDF","Value":""},{"Key":"PNG","Value":""},{"Key":"TIFF","Value":""},{"Key":"TIF","Value":""},{"Key":"BMP","Value":""},{"Key":"DOC","Value":""},{"Key":"TXT","Value":""},{"Key":"DOCX","Value":""},{"Key":"PPT","Value":""},{"Key":"XLS","Value":""},{"Key":"XLSX","Value":""}],"Title":"File Extension 1","Name":"FileExtension1Enum","OriginalName":"FileExtension1","Description":"Document type","BaseClass":null,"BaseClassLink":null,"ChildClassesLink":null,"LinkTo":"$m/FileExtension1","StructureType":"Enum Type Name","ContainedTypesName":"Enum Constants","Example":{"Text":"JPEG","Language":null,"Type":"codeblock"},"Id":null,"Type":"enumreference"}],"PlaceholderId":null,"SuggestedLinkText":"File Extension 1","SuggestedLink":"$m/FileExtension1","SuggestedLinkLevel":4,"LinkLabel":null,"HideFromNavigation":false,"Type":"section"}],"PlaceholderId":null,"SuggestedLinkText":"Enumerations","SuggestedLink":"$h/API%20Reference/__model_reference/Enumerations","SuggestedLinkLevel":3,"LinkLabel":null,"HideFromNavigation":false,"Type":"section"},{"Title":"Exceptions","Nodes":[{"Text":"* [Error Response]($m/ErrorResponse)","Type":"paragraph"},{"Title":"Error Response","Nodes":[{"Fields":[{"Name":"HttpStatusCode","GenericName":"httpStatusCode","DataType":"Integer","Description":"-","Required":false,"LinkTo":"","Constant":false,"ParamType":null,"DataTypeMarkdown":null,"ContainerName":null,"ContainerKind":null,"Discriminator":null,"ReadOnly":false,"WriteOnly":false,"ContainerTypes":null,"TypeCombinatorTypes":null,"Getter":"Integer getHttpStatusCode()","Setter":"setHttpStatusCode(Integer httpStatusCode)","Type":"paraminfo"},{"Name":"HttpStatusMessage","GenericName":"httpStatusMessage","DataType":"String","Description":"-","Required":false,"LinkTo":"","Constant":false,"ParamType":null,"DataTypeMarkdown":null,"ContainerName":null,"ContainerKind":null,"Discriminator":null,"ReadOnly":false,"WriteOnly":false,"ContainerTypes":null,"TypeCombinatorTypes":null,"Getter":"String getHttpStatusMessage()","Setter":"setHttpStatusMessage(String httpStatusMessage)","Type":"paraminfo"},{"Name":"Errors","GenericName":"errors","DataType":"List<Error>","Description":"-","Required":false,"LinkTo":"$m/Error","Constant":false,"ParamType":null,"DataTypeMarkdown":null,"ContainerName":null,"ContainerKind":null,"Discriminator":null,"ReadOnly":false,"WriteOnly":false,"ContainerTypes":null,"TypeCombinatorTypes":null,"Getter":"List<Error> getErrors()","Setter":"setErrors(List<Error> errors)","Type":"paraminfo"}],"HasGetters":true,"HasSetters":true,"Title":"Error Response","Name":"ErrorResponseException","OriginalName":"ErrorResponse","Description":null,"BaseClass":null,"BaseClassLink":null,"ChildClassesLink":null,"LinkTo":"$m/ErrorResponse","StructureType":"Class Name","ContainedTypesName":"Fields","Example":{"Text":"{\r\n  \"httpStatusCode\": 404,\r\n  \"httpStatusMessage\": \"STATUS-MESSAGE\",\r\n  \"errors\": [\r\n    {\r\n      \"errorCode\": \"errorCode6\",\r\n      \"errorMessage\": \"errorMessage8\",\r\n      \"target\": \"target2\"\r\n    },\r\n    {\r\n      \"errorCode\": \"errorCode6\",\r\n      \"errorMessage\": \"errorMessage8\",\r\n      \"target\": \"target2\"\r\n    },\r\n    {\r\n      \"errorCode\": \"errorCode6\",\r\n      \"errorMessage\": \"errorMessage8\",\r\n      \"target\": \"target2\"\r\n    }\r\n  ]\r\n}","Language":"json","Type":"codeblock"},"Id":null,"Type":"structurereference"}],"PlaceholderId":null,"SuggestedLinkText":"Error Response","SuggestedLink":"$m/ErrorResponse","SuggestedLinkLevel":4,"LinkLabel":null,"HideFromNavigation":false,"Type":"section"}],"PlaceholderId":null,"SuggestedLinkText":"Exceptions","SuggestedLink":"$h/API%20Reference/__model_reference/Exceptions","SuggestedLinkLevel":3,"LinkLabel":null,"HideFromNavigation":false,"Type":"section"}],"PlaceholderId":"__model_reference","SuggestedLinkText":"Model Reference","SuggestedLink":"$h/__model_reference","SuggestedLinkLevel":2,"LinkLabel":null,"HideFromNavigation":false,"Type":"section"}],"PlaceholderId":null,"SuggestedLinkText":"API Reference","SuggestedLink":"$h/API%20Reference","SuggestedLinkLevel":1,"LinkLabel":null,"HideFromNavigation":false,"Type":"section"}],"Type":"document"}