{"WhiteLabel":false,"NavItems":[{"Text":"Getting Started","Link":"$h/Getting%20Started","SubItems":[{"Text":"How to Get Started","Link":"$h/__getting_started","SubItems":[{"Text":"Introduction","Link":"$h/__intro","SubItems":[{"Text":"Authentication","Link":"$h/Getting%20Started/__getting_started/__intro/Authentication","SubItems":[],"Label":null,"Skip":false,"IsExternal":false}],"Label":null,"Skip":true,"IsExternal":false},{"Text":"Building","Link":"$h/__how_to_build","SubItems":[{"Text":"Requirements","Link":"Requirements","SubItems":[],"Label":null,"Skip":false,"IsExternal":false},{"Text":"Verify Successful Installation","Link":"Verify Successful Installation","SubItems":[],"Label":null,"Skip":false,"IsExternal":false},{"Text":"Install Dependencies","Link":"Install Dependencies","SubItems":[],"Label":null,"Skip":false,"IsExternal":false}],"Label":null,"Skip":true,"IsExternal":false},{"Text":"Installation","Link":"$h/__how_to_use","SubItems":[],"Label":null,"Skip":true,"IsExternal":false},{"Text":"Environments","Link":"$h/__enviroments","SubItems":[],"Label":null,"Skip":true,"IsExternal":false},{"Text":"Initialize the API Client","Link":"$h/__initializing","SubItems":[{"Text":"HttpClientOptions","Link":"HttpClientOptions","SubItems":[],"Label":null,"Skip":false,"IsExternal":false},{"Text":"RetryConfiguration","Link":"RetryConfiguration","SubItems":[],"Label":null,"Skip":false,"IsExternal":false}],"Label":null,"Skip":true,"IsExternal":false},{"Text":"Authorization","Link":"$h/__authorize","SubItems":[{"Text":"api_key (Custom Header Signature)","Link":"$h/__auth_CustomHeaderAuthentication","SubItems":[],"Label":null,"Skip":true,"IsExternal":false}],"Label":null,"Skip":true,"IsExternal":false},{"Text":"Test the SDK","Link":"$h/__how_to_test","SubItems":[],"Label":null,"Skip":true,"IsExternal":false}],"Label":null,"Skip":false,"IsExternal":false},{"Text":"Authentication","Link":"page:introduction/authentication","SubItems":[],"Label":null,"Skip":false,"IsExternal":false},{"Text":"About the API","Link":"page:introduction/about-the-api","SubItems":[{"Text":"Tips and Best Practices","Link":"page:introduction/about-the-api/tips","SubItems":[],"Label":null,"Skip":false,"IsExternal":false},{"Text":"Data Types","Link":"page:introduction/about-the-api/data-types","SubItems":[],"Label":null,"Skip":false,"IsExternal":false}],"Label":null,"Skip":false,"IsExternal":false}],"Label":null,"Skip":false,"IsExternal":false},{"Text":"API Workflows Walkthroughs","Link":"$h/API%20Workflows%20Walkthroughs","SubItems":[{"Text":"API Workflow 1","Link":"page:walkthroughs/awf-1/walkthrough-1","SubItems":[],"Label":null,"Skip":false,"IsExternal":false},{"Text":"API Workflow 2","Link":"page:walkthroughs/awf-2/walkthrough-1","SubItems":[],"Label":null,"Skip":false,"IsExternal":false},{"Text":"API Workflow 3","Link":"page:walkthroughs/awf-3/walkthrough-1","SubItems":[],"Label":null,"Skip":false,"IsExternal":false}],"Label":null,"Skip":false,"IsExternal":false},{"Text":"API Reference","Link":"$h/API%20Reference","SubItems":[{"Text":"API Reference","Link":"$h/__api_reference","SubItems":[{"Text":"List of APIs","Link":"$h/__list_of_apis","SubItems":[],"Label":null,"Skip":false,"IsExternal":false},{"Text":"Manage Documents","Link":"$e/Manage%20Documents","SubItems":[{"Text":"Overview","Link":"$h/API%20Reference/__api_reference/Manage%20Documents/Overview","SubItems":[],"Label":"endpoint-group-overview","Skip":false,"IsExternal":false},{"Text":"Get Document","Link":"$e/Manage%20Documents/GetDocument","SubItems":[],"Label":"http-get","Skip":false,"IsExternal":false},{"Text":"Store Document","Link":"$e/Manage%20Documents/StoreDocument","SubItems":[],"Label":"http-post","Skip":false,"IsExternal":false},{"Text":"Get Document Metadata","Link":"$e/Manage%20Documents/GetDocumentMetadata","SubItems":[],"Label":"http-get","Skip":false,"IsExternal":false}],"Label":null,"Skip":false,"IsExternal":false}],"Label":null,"Skip":false,"IsExternal":false},{"Text":"Model Reference","Link":"$h/__model_reference","SubItems":[{"Text":"Structures","Link":"$h/API%20Reference/__model_reference/Structures","SubItems":[{"Text":"Document Request","Link":"$m/DocumentRequest","SubItems":[],"Label":null,"Skip":false,"IsExternal":false},{"Text":"Document Response","Link":"$m/DocumentResponse","SubItems":[],"Label":null,"Skip":false,"IsExternal":false},{"Text":"Document","Link":"$m/Document","SubItems":[],"Label":null,"Skip":false,"IsExternal":false},{"Text":"Document List Response","Link":"$m/DocumentListResponse","SubItems":[],"Label":null,"Skip":false,"IsExternal":false},{"Text":"Documents Meta Data","Link":"$m/DocumentsMetaData","SubItems":[],"Label":null,"Skip":false,"IsExternal":false},{"Text":"Error","Link":"$m/Error","SubItems":[],"Label":null,"Skip":false,"IsExternal":false}],"Label":null,"Skip":false,"IsExternal":false},{"Text":"Enumerations","Link":"$h/API%20Reference/__model_reference/Enumerations","SubItems":[{"Text":"Content-Type","Link":"$m/content-Type","SubItems":[],"Label":null,"Skip":false,"IsExternal":false},{"Text":"Document Category","Link":"$m/DocumentCategory","SubItems":[],"Label":null,"Skip":false,"IsExternal":false},{"Text":"Document Category 1","Link":"$m/DocumentCategory1","SubItems":[],"Label":null,"Skip":false,"IsExternal":false},{"Text":"File Extension","Link":"$m/FileExtension","SubItems":[],"Label":null,"Skip":false,"IsExternal":false},{"Text":"File Extension 1","Link":"$m/FileExtension1","SubItems":[],"Label":null,"Skip":false,"IsExternal":false}],"Label":null,"Skip":false,"IsExternal":false},{"Text":"Exceptions","Link":"$h/API%20Reference/__model_reference/Exceptions","SubItems":[{"Text":"Error Response","Link":"$m/ErrorResponse","SubItems":[],"Label":null,"Skip":false,"IsExternal":false}],"Label":null,"Skip":false,"IsExternal":false}],"Label":null,"Skip":false,"IsExternal":false}],"Label":null,"Skip":false,"IsExternal":false}],"DataModel":{"showFullCode":false,"skipSslCertVerification":null,"environment":null,"auth":{"api_key":{"Authorization":null}},"call":{"additionalQueryParams":null,"additionalFieldParams":null,"args":{}}},"DataModelSchema":{"type":"object","additionalProperties":false,"properties":{"showFullCode":{"title":"Show Complete File","description":"Show complete file for code, with bootstrap and error handling included.","type":"boolean"}},"required":["showFullCode"]},"ModelSchemas":{"Root":{"DocumentRequest":{"id":"DocumentRequest","title":"DocumentRequest","type":"object","properties":{"document":{"$ref":"ModelSchemas#/Root/Document"}}},"DocumentResponse":{"id":"DocumentResponse","title":"DocumentResponse","type":"object","properties":{"documentId":{"example":"6114","type":"string"}}},"Document":{"id":"Document","title":"Document","type":"object","properties":{"fileName":{"description":"Document name.","example":"Timothy Jones Drivers License","type":"string","maxLength":150},"fileExtension":{"$ref":"ModelSchemas#/Root/FileExtension"},"content":{"description":"Base 64 encoded binary string of docuement content. Maxium string length is 12MB.","example":"VGhpcyBpcyBUZXN0","type":"string","maxLength":12000000},"version":{"description":"Version of the document.","example":1,"type":"integer","format":"int32"},"uploadedBy":{"description":"Name of the user who uploaded the document. Maximum field length of 8 characters.","example":"Timothy","type":"string","minLength":1,"maxLength":8},"documentCategory":{"$ref":"ModelSchemas#/Root/DocumentCategory"}}},"DocumentListResponse":{"id":"DocumentListResponse","title":"DocumentListResponse","type":"object","properties":{"documents":{"description":"","type":"array","items":{"$ref":"ModelSchemas#/Root/DocumentsMetaData"}}}},"DocumentsMetaData":{"id":"DocumentsMetaData","title":"DocumentsMetaData","type":"object","properties":{"documentId":{"description":"Unique ID for the stored document.","example":"861","type":"string"},"fileName":{"description":"Document name","example":"Timothy Jones Drivers License","type":"string","maxLength":150,"pattern":"^$|^[0-9A-Za-z_\\-(),.\\s]{1,150}$"},"fileExtension":{"$ref":"ModelSchemas#/Root/FileExtension1"},"version":{"description":"Document version","example":1,"type":"integer","format":"int32"},"uploadedBy":{"description":"Who uploaded the document? Maximum field length of 8 characters.","example":"Timothy","type":"string","minLength":1,"maxLength":8},"documentCategory":{"$ref":"ModelSchemas#/Root/DocumentCategory1"}}},"ErrorResponse":{"id":"ErrorResponse","title":"ErrorResponse","type":"object","properties":{"httpStatusCode":{"example":404,"type":"integer","format":"int32"},"httpStatusMessage":{"example":"STATUS-MESSAGE","type":"string"},"errors":{"description":"","type":"array","items":{"$ref":"ModelSchemas#/Root/Error"}}}},"Error":{"id":"Error","title":"Error","type":"object","properties":{"errorCode":{"example":"ERROR_CODE","type":"string"},"errorMessage":{"example":"Error message here.","type":"string"},"target":{"example":"Target","type":"string"}}},"content-Type":{"title":"content-Type","x-enum-elements":[{"name":"Enum_applicationjson","description":""}],"type":"string","additionalProperties":false,"enum":["application/json"]},"DocumentCategory":{"title":"DocumentCategory","description":"Document category","example":"DRIVERS LICENSE","x-enum-elements":[{"name":"Enum_DRIVERS LICENSE","description":""},{"name":"Enum_TERMINAL LEASE","description":""},{"name":"PASSPORT","description":""},{"name":"UNKNOWN","description":""},{"name":"Enum_VOIDED CHECK","description":""}],"type":"string","additionalProperties":false,"enum":["DRIVERS LICENSE","TERMINAL LEASE","PASSPORT","UNKNOWN","VOIDED CHECK"]},"DocumentCategory1":{"title":"DocumentCategory1","description":"Document category.","x-enum-elements":[{"name":"Enum_DRIVERS LICENSE","description":""},{"name":"Enum_TERMINAL LEASE","description":""},{"name":"PASSPORT","description":""},{"name":"UNKNOWN","description":""},{"name":"Enum_VOIDED CHECK","description":""}],"type":"string","additionalProperties":false,"enum":["DRIVERS LICENSE","TERMINAL LEASE","PASSPORT","UNKNOWN","VOIDED CHECK"]},"FileExtension":{"title":"FileExtension","description":"Document type.","example":"JPEG","x-enum-elements":[{"name":"JPEG","description":""},{"name":"JPG","description":""},{"name":"GIF","description":""},{"name":"PDF","description":""},{"name":"PNG","description":""},{"name":"TIFF","description":""},{"name":"TIF","description":""},{"name":"BMP","description":""},{"name":"DOC","description":""},{"name":"TXT","description":""},{"name":"DOCX","description":""},{"name":"PPT","description":""},{"name":"XLS","description":""},{"name":"XLSX","description":""}],"type":"string","additionalProperties":false,"enum":["JPEG","JPG","GIF","PDF","PNG","TIFF","TIF","BMP","DOC","TXT","DOCX","PPT","XLS","XLSX"]},"FileExtension1":{"title":"FileExtension1","description":"Document type","example":"JPEG","x-enum-elements":[{"name":"JPEG","description":""},{"name":"JPG","description":""},{"name":"GIF","description":""},{"name":"PDF","description":""},{"name":"PNG","description":""},{"name":"TIFF","description":""},{"name":"TIF","description":""},{"name":"BMP","description":""},{"name":"DOC","description":""},{"name":"TXT","description":""},{"name":"DOCX","description":""},{"name":"PPT","description":""},{"name":"XLS","description":""},{"name":"XLSX","description":""}],"type":"string","additionalProperties":false,"enum":["JPEG","JPG","GIF","PDF","PNG","TIFF","TIF","BMP","DOC","TXT","DOCX","PPT","XLS","XLSX"]}},"AuthRoot":{"api_key":{"title":"Custom Header Signature","description":"Set authorization parameters for api_key","type":"object","additionalProperties":false,"properties":{"Authorization":{"description":"``` License format is WORLDPAY license='xxxx'```","type":"string","format":"password"}},"required":["Authorization"]}}},"PublishedPackage":{"Provider":null,"Name":null,"Version":null,"Link":null,"SourceLink":null,"InstallCommand":null,"InstallHeadingLink":null},"AuthHttpCallTemplate":null,"ApiAuthentication":null,"PartialTemplates":{"documentRequest":"{% assign documentRequest_import = true %}{% assign open_curly = '{' %}{% assign close_curly = '}' %}{{ open_curly }}{% capture constructor_params %}{% endcapture %}{% capture constructor_params %}{% endcapture %}{% if field[\"document\"] != nil %}{% capture constructor_params %}{{constructor_params}}<#>\n{{indent}}  {% if field[\"document\"] != nil %}{% capture newIndent %}{{indent}}  {% endcapture %}document: {% render 'document', field: field[\"document\"], indent: newIndent, showFullCode: showFullCode %}{% endif %}{% endcapture %}{% endif %}{% assign constructor_param_array = constructor_params | split: '<#>' %}{% for this in constructor_param_array %}{% if this != nil and this != '' %}{{this}},{% if forloop.last %}\n{{indent}}{% endif %}{% endif %}{% endfor %}{{ close_curly }}","document":"{% assign document_import = true %}{% assign open_curly = '{' %}{% assign close_curly = '}' %}{{ open_curly }}{% capture constructor_params %}{% endcapture %}{% capture constructor_params %}{% endcapture %}{% if field[\"fileName\"] != nil %}{% capture constructor_params %}{{constructor_params}}<#>\n{{indent}}  {% if field[\"fileName\"] != nil %}fileName: {% if field[\"fileName\"] != nil %}'{{ field[\"fileName\"] | replace: \"\\\\\", \"\\\\\\\\\" | replace: \"'\", \"\\\\'\" | replace: \"\\n\", \"\\\\n\" }}'{% else %}null{% endif %}{% endif %}{% endcapture %}{% endif %}{% if field[\"fileExtension\"] != nil %}{% capture constructor_params %}{{constructor_params}}<#>\n{{indent}}  {% if field[\"fileExtension\"] != nil %}{% assign fileExtension_import = true %}fileExtension: {% case field[\"fileExtension\"] %}{% when 'JPEG' %}FileExtensionEnum.JPEG{% when 'JPG' %}FileExtensionEnum.JPG{% when 'GIF' %}FileExtensionEnum.GIF{% when 'PDF' %}FileExtensionEnum.PDF{% when 'PNG' %}FileExtensionEnum.PNG{% when 'TIFF' %}FileExtensionEnum.TIFF{% when 'TIF' %}FileExtensionEnum.TIF{% when 'BMP' %}FileExtensionEnum.BMP{% when 'DOC' %}FileExtensionEnum.DOC{% when 'TXT' %}FileExtensionEnum.TXT{% when 'DOCX' %}FileExtensionEnum.DOCX{% when 'PPT' %}FileExtensionEnum.PPT{% when 'XLS' %}FileExtensionEnum.XLS{% when 'XLSX' %}FileExtensionEnum.XLSX{% else %}envrr{% endcase %}{% endif %}{% endcapture %}{% endif %}{% if field[\"content\"] != nil %}{% capture constructor_params %}{{constructor_params}}<#>\n{{indent}}  {% if field[\"content\"] != nil %}content: {% if field[\"content\"] != nil %}'{{ field[\"content\"] | replace: \"\\\\\", \"\\\\\\\\\" | replace: \"'\", \"\\\\'\" | replace: \"\\n\", \"\\\\n\" }}'{% else %}null{% endif %}{% endif %}{% endcapture %}{% endif %}{% if field[\"version\"] != nil %}{% capture constructor_params %}{{constructor_params}}<#>\n{{indent}}  {% if field[\"version\"] != nil %}version: {% if field[\"version\"] != nil %}{{ field[\"version\"] }}{% else %}null{% endif %}{% endif %}{% endcapture %}{% endif %}{% if field[\"uploadedBy\"] != nil %}{% capture constructor_params %}{{constructor_params}}<#>\n{{indent}}  {% if field[\"uploadedBy\"] != nil %}uploadedBy: {% if field[\"uploadedBy\"] != nil %}'{{ field[\"uploadedBy\"] | replace: \"\\\\\", \"\\\\\\\\\" | replace: \"'\", \"\\\\'\" | replace: \"\\n\", \"\\\\n\" }}'{% else %}null{% endif %}{% endif %}{% endcapture %}{% endif %}{% if field[\"documentCategory\"] != nil %}{% capture constructor_params %}{{constructor_params}}<#>\n{{indent}}  {% if field[\"documentCategory\"] != nil %}{% assign documentCategory_import = true %}documentCategory: {% case field[\"documentCategory\"] %}{% when 'DRIVERS LICENSE' %}DocumentCategoryEnum.EnumDRIVERSLICENSE{% when 'TERMINAL LEASE' %}DocumentCategoryEnum.EnumTERMINALLEASE{% when 'PASSPORT' %}DocumentCategoryEnum.PASSPORT{% when 'UNKNOWN' %}DocumentCategoryEnum.UNKNOWN{% when 'VOIDED CHECK' %}DocumentCategoryEnum.EnumVOIDEDCHECK{% else %}envrr{% endcase %}{% endif %}{% endcapture %}{% endif %}{% assign constructor_param_array = constructor_params | split: '<#>' %}{% for this in constructor_param_array %}{% if this != nil and this != '' %}{{this}},{% if forloop.last %}\n{{indent}}{% endif %}{% endif %}{% endfor %}{{ close_curly }}"},"KnownLinkPrefixes":["page"],"Version":"1.0.0","Title":"Getting Started with Launchpad Documents API","Sections":[{"Title":"Getting Started","Nodes":[{"Title":"How to Get Started","Nodes":[{"Title":"Introduction","Nodes":[{"Text":"The Documents API permits Worldpay partners to manage boarding documents. Please see the Getting Started page for more information. </br> </br> <b>NOTE: This can only be used in conjuction with Merchant Boarding API.</b>\n</br> </br> To contact our certifications team, please email <a href=\"mailto:Certification2@fisglobal.com\">Certification2@fisglobal.com</a>.   </br> To contact the product team, please email <a href=\"mailto:APICustomerIntegration@fisglobal.com\">APICustomerIntegration@fisglobal.com</a>.\n\n","Type":"paragraph"},{"Title":"Authentication","Nodes":[{"Text":"<SecurityDefinitions />\n","Type":"paragraph"}],"PlaceholderId":null,"SuggestedLinkText":"Authentication","SuggestedLink":"$h/Getting%20Started/__getting_started/__intro/Authentication","SuggestedLinkLevel":4,"LinkLabel":null,"HideFromNavigation":false,"Type":"section"}],"PlaceholderId":"__intro","SuggestedLinkText":"Introduction","SuggestedLink":"$h/__intro","SuggestedLinkLevel":3,"LinkLabel":null,"HideFromNavigation":true,"Type":"section"},{"Title":"Building","Nodes":[{"Level":1,"Text":"Requirements","SuggestedLinkText":"Requirements","SuggestedLink":"Requirements","SuggestedLinkLevel":0,"LinkLabel":null,"HideFromNavigation":false,"Type":"heading"},{"Text":"The SDK relies on **Node.js** and **npm** (to resolve dependencies). It also requires **Typescript version 3.9+**. You can download and install Node.js and [npm](https://www.npmjs.com/) from [the official Node.js website](https://nodejs.org/en/download/).","Type":"paragraph"},{"Text":"> **NOTE:** npm is installed by default when Node.js is installed.","Type":"paragraph"},{"Level":1,"Text":"Verify Successful Installation","SuggestedLinkText":"Verify Successful Installation","SuggestedLink":"Verify Successful Installation","SuggestedLinkLevel":0,"LinkLabel":null,"HideFromNavigation":false,"Type":"heading"},{"Text":"Run the following commands in the command prompt or shell of your choice to check if Node.js and npm are successfully installed:","Type":"paragraph"},{"Text":"* Node.js: `node --version`","Type":"paragraph"},{"Text":"* npm: `npm --version`","Type":"paragraph"},{"Url":"/static/images/TS_GENERIC_LIB/file0.svg","AlterateText":"Version Check","Type":"image"},{"Level":1,"Text":"Install Dependencies","SuggestedLinkText":"Install Dependencies","SuggestedLink":"Install Dependencies","SuggestedLinkLevel":0,"LinkLabel":null,"HideFromNavigation":false,"Type":"heading"},{"Text":"- To resolve all dependencies, go to the **SDK root directory** and run the following command with npm:","Type":"paragraph"},{"Text":"```bash\r\nnpm install\r\n```","Type":"paragraph"},{"Text":"- This will install all dependencies in the **node_modules** folder.","Type":"paragraph"},{"Url":"/static/images/TS_GENERIC_LIB/file1.svg","AlterateText":"Resolve Dependencies","Type":"image"}],"PlaceholderId":"__how_to_build","SuggestedLinkText":"Building","SuggestedLink":"$h/__how_to_build","SuggestedLinkLevel":3,"LinkLabel":null,"HideFromNavigation":true,"Type":"section"},{"Title":"Installation","Nodes":[{"Text":"The following section explains how to use the generated library in a new project.","Type":"paragraph"},{"Steps":[{"Nodes":[{"Text":"- Open an IDE/text editor for JavaScript like Visual Studio Code. The basic workflow presented here is also applicable if you prefer using a different editor or IDE.","Type":"paragraph"},{"Text":"- Click on **File** and select **Open Folder**. Select an empty folder of your project, the folder will become visible in the sidebar on the left.","Type":"paragraph"},{"Url":"/static/images/TS_GENERIC_LIB/file2.svg","AlterateText":"Open Folder","Type":"image"},{"Text":"- To initialize the Node project, click on **Terminal** and select **New Terminal**. Execute the following command in the terminal:","Type":"paragraph"},{"Text":"```bash\r\nnpm init --y\r\n```","Type":"paragraph"},{"Url":"/static/images/TS_GENERIC_LIB/file3.svg","AlterateText":"Initialize the Node Project","Type":"image"}],"SuggestedLinkLevel":4,"Title":"Initialize the Node Project","Type":"step"},{"Nodes":[{"Text":"- The created project manages its dependencies using its `package.json` file. In order to add a dependency on the *Launchpad Documents APILib* client library, double click on the ``` package.json ``` file in the bar on the left and add the dependency to the package in it.","Type":"paragraph"},{"Url":"/static/images/TS_GENERIC_LIB/file4.svg","AlterateText":"Add LaunchpadDocumentsApilib Dependency","Type":"image"},{"Text":"- To install the package in the project, run the following command in the terminal:","Type":"paragraph"},{"Text":"```bash\r\nnpm install\r\n```","Type":"paragraph"},{"Url":"/static/images/TS_GENERIC_LIB/file5.svg","AlterateText":"Install LaunchpadDocumentsApilib Dependency","Type":"image"}],"SuggestedLinkLevel":4,"Title":"Add Dependencies to the Client Library","Type":"step"}],"Type":"steppedguide"}],"PlaceholderId":"__how_to_use","SuggestedLinkText":"Installation","SuggestedLink":"$h/__how_to_use","SuggestedLinkLevel":3,"LinkLabel":null,"HideFromNavigation":true,"Type":"section"},{"Title":"Environments","Nodes":[],"PlaceholderId":"__enviroments","SuggestedLinkText":"Environments","SuggestedLink":"$h/__enviroments","SuggestedLinkLevel":3,"LinkLabel":null,"HideFromNavigation":true,"Type":"section"},{"Title":"Initialize the API Client","Nodes":[{"Text":"The following parameters are configurable for the API Client:","Type":"paragraph"},{"Header":{"Data":["Parameter","Type","Description"],"Type":"tablerow"},"Rows":[{"Data":["`timeout`","`number`","Timeout for API calls.<br>*Default*: `0`"],"Type":"tablerow"},{"Data":["`httpClientOptions`","`Partial<HttpClientOptions>`","Stable configurable http client options."],"Type":"tablerow"},{"Data":["`unstableHttpClientOptions`","`any`","Unstable configurable http client options."],"Type":"tablerow"},{"Data":["`customHeaderAuthenticationCredentials`","[`CustomHeaderAuthenticationCredentials`]($h/__auth_CustomHeaderAuthentication)","The credential object for customHeaderAuthentication"],"Type":"tablerow"}],"Type":"table"},{"Level":1,"Text":"HttpClientOptions","SuggestedLinkText":"HttpClientOptions","SuggestedLink":"HttpClientOptions","SuggestedLinkLevel":0,"LinkLabel":null,"HideFromNavigation":false,"Type":"heading"},{"Header":{"Data":["Parameter","Type","Description"],"Type":"tablerow"},"Rows":[{"Data":["`timeout`","`number`","Timeout in milliseconds."],"Type":"tablerow"},{"Data":["`httpAgent`","`any`","Custom http agent to be used when performing http requests."],"Type":"tablerow"},{"Data":["`httpsAgent`","`any`","Custom https agent to be used when performing http requests."],"Type":"tablerow"},{"Data":["`retryConfig`","`Partial<RetryConfiguration>`","Configurations to retry requests."],"Type":"tablerow"}],"Type":"table"},{"Level":1,"Text":"RetryConfiguration","SuggestedLinkText":"RetryConfiguration","SuggestedLink":"RetryConfiguration","SuggestedLinkLevel":0,"LinkLabel":null,"HideFromNavigation":false,"Type":"heading"},{"Header":{"Data":["Parameter","Type","Description"],"Type":"tablerow"},"Rows":[{"Data":["`maxNumberOfRetries`","`number`","Maximum number of retries. <br> *Default*: `0`"],"Type":"tablerow"},{"Data":["`retryOnTimeout`","`boolean`","Whether to retry on request timeout. <br> *Default*: `true`"],"Type":"tablerow"},{"Data":["`retryInterval`","`number`","Interval before next retry. Used in calculation of wait time for next request in case of failure. <br> *Default*: `1`"],"Type":"tablerow"},{"Data":["`maximumRetryWaitTime`","`number`","Overall wait time for the requests getting retried. <br> *Default*: `0`"],"Type":"tablerow"},{"Data":["`backoffFactor`","`number`","Used in calculation of wait time for next request in case of failure. <br> *Default*: `2`"],"Type":"tablerow"},{"Data":["`httpStatusCodesToRetry`","`number[]`","Http status codes to retry against. <br> *Default*: `[408, 413, 429, 500, 502, 503, 504, 521, 522, 524, 408, 413, 429, 500, 502, 503, 504, 521, 522, 524]`"],"Type":"tablerow"},{"Data":["`httpMethodsToRetry`","`HttpMethod[]`","Http methods to retry against. <br> *Default*: `['GET', 'PUT', 'GET', 'PUT']`"],"Type":"tablerow"}],"Type":"table"},{"Text":"The API client can be initialized as follows:","Type":"paragraph"},{"Text":"const client = new Client({\n  customHeaderAuthenticationCredentials: {\n    'Authorization': 'Authorization'\n  },\n  timeout: 0,\r\n});","Language":"ts","Type":"codeblock"}],"PlaceholderId":"__initializing","SuggestedLinkText":"Initialize the API Client","SuggestedLink":"$h/__initializing","SuggestedLinkLevel":3,"LinkLabel":null,"HideFromNavigation":true,"Type":"section"},{"Title":"Authorization","Nodes":[{"Text":"This API uses the following authentication schemes.\n* [`api_key (Custom Header Signature)`]($h/__auth_CustomHeaderAuthentication)","Type":"paragraph"},{"Title":"api_key (Custom Header Signature)","Nodes":[{"Steps":[{"Nodes":[{"Text":"Documentation for accessing and setting credentials for api_key.","Type":"paragraph"}],"SuggestedLinkLevel":5,"Title":null,"Type":"step"},{"Nodes":[{"Header":{"Data":["Name","Type","Description","Setter","Getter"],"Type":"tablerow"},"Rows":[{"Data":["Authorization","```string```","``` License format is WORLDPAY license='xxxx'```","```authorization```",null],"Type":"tablerow"}],"Type":"table"}],"SuggestedLinkLevel":5,"Title":"Auth Credentials","Type":"step"},{"Nodes":[{"Text":"**Note:** Auth credentials can be set using `customHeaderAuthenticationCredentials` object in the client.","Type":"paragraph"}],"SuggestedLinkLevel":5,"Title":null,"Type":"step"},{"Nodes":[{"Steps":[{"Nodes":[{"Text":"You must provide credentials in the client as shown in the following code snippet.","Type":"paragraph"},{"Text":"const client = new Client({\n  customHeaderAuthenticationCredentials: {\n    'Authorization': 'Authorization'\n  },\r\n});","Language":"ts","Type":"codeblock"}],"SuggestedLinkLevel":6,"Title":"Client Initialization","Type":"step"}],"Type":"steppedguide"}],"SuggestedLinkLevel":5,"Title":"Usage Example","Type":"step"}],"Type":"steppedguide"}],"PlaceholderId":"__auth_CustomHeaderAuthentication","SuggestedLinkText":"api_key (Custom Header Signature)","SuggestedLink":"$h/__auth_CustomHeaderAuthentication","SuggestedLinkLevel":4,"LinkLabel":null,"HideFromNavigation":true,"Type":"section"}],"PlaceholderId":"__authorize","SuggestedLinkText":"Authorization","SuggestedLink":"$h/__authorize","SuggestedLinkLevel":3,"LinkLabel":null,"HideFromNavigation":true,"Type":"section"},{"Title":"Test the SDK","Nodes":[{"Text":"To validate the functionality of this SDK, you can execute all tests located in the `test` directory. This SDK utilizes `Jest` as both the testing framework and test runner.","Type":"paragraph"},{"Text":"To run the tests, navigate to the root directory of the SDK and execute the following command:","Type":"paragraph"},{"Text":"```bash\nnpm run test\n```\n","Type":"paragraph"},{"Text":"Or you can also run tests with coverage report:","Type":"paragraph"},{"Text":"```bash\nnpm run test:coverage\n```\n","Type":"paragraph"}],"PlaceholderId":"__how_to_test","SuggestedLinkText":"Test the SDK","SuggestedLink":"$h/__how_to_test","SuggestedLinkLevel":3,"LinkLabel":null,"HideFromNavigation":true,"Type":"section"}],"PlaceholderId":"__getting_started","SuggestedLinkText":"How to Get Started","SuggestedLink":"$h/__getting_started","SuggestedLinkLevel":2,"LinkLabel":null,"HideFromNavigation":false,"Type":"section"},{"Title":"Authentication","Nodes":[{"Text":"Learn how to use API authentication.\n\n","Type":"paragraph"}],"PlaceholderId":null,"SuggestedLinkText":"Authentication","SuggestedLink":"page:introduction/authentication","SuggestedLinkLevel":2,"LinkLabel":null,"HideFromNavigation":false,"Type":"section"},{"Title":"About the API","Nodes":[{"Title":"Tips and Best Practices","Nodes":[{"Text":"These are the tips.\n\n","Type":"paragraph"}],"PlaceholderId":null,"SuggestedLinkText":"Tips and Best Practices","SuggestedLink":"page:introduction/about-the-api/tips","SuggestedLinkLevel":3,"LinkLabel":null,"HideFromNavigation":false,"Type":"section"},{"Title":"Data Types","Nodes":[{"Text":"These are the data types.\n\n","Type":"paragraph"}],"PlaceholderId":null,"SuggestedLinkText":"Data Types","SuggestedLink":"page:introduction/about-the-api/data-types","SuggestedLinkLevel":3,"LinkLabel":null,"HideFromNavigation":false,"Type":"section"}],"PlaceholderId":null,"SuggestedLinkText":"About the API","SuggestedLink":"page:introduction/about-the-api","SuggestedLinkLevel":2,"LinkLabel":null,"HideFromNavigation":false,"Type":"section"}],"PlaceholderId":null,"SuggestedLinkText":"Getting Started","SuggestedLink":"$h/Getting%20Started","SuggestedLinkLevel":1,"LinkLabel":null,"HideFromNavigation":false,"Type":"section"},{"Title":"API Workflows Walkthroughs","Nodes":[{"Title":"This is a Guided Walkthrough File","Nodes":[{"Text":"This is the starter content\n\n","Type":"paragraph"}],"PlaceholderId":null,"SuggestedLinkText":"API Workflow 1","SuggestedLink":"page:walkthroughs/awf-1/walkthrough-1","SuggestedLinkLevel":2,"LinkLabel":null,"HideFromNavigation":false,"Type":"section"},{"Title":"This is a Guided Walkthrough File","Nodes":[{"Text":"This is the starter content\n\n","Type":"paragraph"}],"PlaceholderId":null,"SuggestedLinkText":"API Workflow 2","SuggestedLink":"page:walkthroughs/awf-2/walkthrough-1","SuggestedLinkLevel":2,"LinkLabel":null,"HideFromNavigation":false,"Type":"section"},{"Title":"This is a Guided Walkthrough File","Nodes":[{"Text":"This is the starter content\n\n","Type":"paragraph"}],"PlaceholderId":null,"SuggestedLinkText":"API Workflow 3","SuggestedLink":"page:walkthroughs/awf-3/walkthrough-1","SuggestedLinkLevel":2,"LinkLabel":null,"HideFromNavigation":false,"Type":"section"}],"PlaceholderId":null,"SuggestedLinkText":"API Workflows Walkthroughs","SuggestedLink":"$h/API%20Workflows%20Walkthroughs","SuggestedLinkLevel":1,"LinkLabel":null,"HideFromNavigation":false,"Type":"section"},{"Title":"API Reference","Nodes":[{"Title":"API Reference","Nodes":[{"Title":"List of APIs","Nodes":[{"Text":"* [Manage Documents]($e/Manage%20Documents)","Type":"paragraph"}],"PlaceholderId":null,"SuggestedLinkText":"List of APIs","SuggestedLink":"$h/__list_of_apis","SuggestedLinkLevel":3,"LinkLabel":null,"HideFromNavigation":false,"Type":"section"},{"Title":"Manage Documents","Nodes":[{"Title":"Overview","Nodes":[{"Text":"Resources to store and retrieve contract-specific documents.","Type":"paragraph"}],"PlaceholderId":null,"SuggestedLinkText":"Overview","SuggestedLink":"$h/API%20Reference/__api_reference/Manage%20Documents/Overview","SuggestedLinkLevel":4,"LinkLabel":"endpoint-group-overview","HideFromNavigation":false,"Type":"section"},{"Title":"Get Document","Nodes":[{"Title":"Get Document","Name":"getDocument","Description":"Returns document-specific contents tied to the given External Reference ID.\n\r\n","ReturnType":"Document","ReturnTypeLink":"$m/Document","ResponseText":"","ReturnTypeExample":null,"AuthDescription":"This endpoint requires [api_key]($h/__auth_CustomHeaderAuthentication)","RequiredAuths":[["api_key"]],"AuthModelSchema":{"title":"api_key","type":"object","properties":{"api_key":{"$ref":"ModelSchemas#/AuthRoot/api_key"}},"required":["api_key"]},"MethodSignature":{"Text":"async getDocument(\n  externalRefId: string,\r\n  documentId: string,\r\n  vCorrelationId?: string,\r\n  requestOptions?: RequestOptions\n): Promise<ApiResponse<Document>>","Language":"ts","Type":"codeblock"},"Parameters":[{"Name":"externalRefId","GenericName":"externalRefId","DataType":"string","Description":"The externalRefId returned from POST /applications call.","Required":true,"LinkTo":"","Constant":false,"ParamType":"Header","DataTypeMarkdown":null,"ContainerName":null,"ContainerKind":null,"Discriminator":null,"ReadOnly":false,"WriteOnly":false,"ContainerTypes":null,"TypeCombinatorTypes":null,"Getter":null,"Setter":null,"Type":"paraminfo"},{"Name":"documentId","GenericName":"documentId","DataType":"string","Description":"A unique document ID returned from the Store Documents POST call.","Required":true,"LinkTo":"","Constant":false,"ParamType":"Header","DataTypeMarkdown":null,"ContainerName":null,"ContainerKind":null,"Discriminator":null,"ReadOnly":false,"WriteOnly":false,"ContainerTypes":null,"TypeCombinatorTypes":null,"Getter":null,"Setter":null,"Type":"paraminfo"},{"Name":"vCorrelationId","GenericName":"v-correlation-id","DataType":"string | undefined","Description":"Unique transaction Id. Will be generated if not provided and returned in response headers.","Required":false,"LinkTo":"","Constant":false,"ParamType":"Header","DataTypeMarkdown":null,"ContainerName":null,"ContainerKind":null,"Discriminator":null,"ReadOnly":false,"WriteOnly":false,"ContainerTypes":null,"TypeCombinatorTypes":null,"Getter":null,"Setter":null,"Type":"paraminfo"},{"Name":"requestOptions","GenericName":null,"DataType":"RequestOptions | undefined","Description":"Pass additional request options.","Required":false,"LinkTo":null,"Constant":false,"ParamType":null,"DataTypeMarkdown":null,"ContainerName":null,"ContainerKind":null,"Discriminator":null,"ReadOnly":false,"WriteOnly":false,"ContainerTypes":null,"TypeCombinatorTypes":null,"Getter":null,"Setter":null,"Type":"paraminfo"}],"RequiredAuthScopes":{},"Errors":[{"Name":"ErrorResponseError","StatusCode":"Default","Description":"Default errors","LinkTo":"$m/ErrorResponse","Type":"errorinfo"}],"StaticUsageExample":null,"UsageExample":{"EndpointGroupName":"Manage Documents","EndpointName":"GetDocument","Index":0,"CallModel":{"additionalQueryParams":null,"additionalFieldParams":null,"args":{"externalRefId":"3fcb1437-4e52-4946-9ae1-e618351b6d16","documentId":"documentId8","v-correlation-id":"3fcb1437-4e52-4946-9ae1-e618351b6d16"}},"CallModelSchema":{"title":"Endpoint Arguments","type":"object","additionalProperties":false,"properties":{"args":{"id":"endpoint_7C26ABBCDB1F9","title":"endpoint_7C26ABBCDB1F9","type":"object","properties":{"externalRefId":{"description":"The externalRefId returned from POST /applications call.","example":"3fcb1437-4e52-4946-9ae1-e618351b6d16","type":"string","format":"uuid"},"documentId":{"description":"A unique document ID returned from the Store Documents POST call.","type":"string"},"v-correlation-id":{"description":"Unique transaction Id. Will be generated if not provided and returned in response headers.","example":"3fcb1437-4e52-4946-9ae1-e618351b6d16","type":"string","format":"uuid"}},"required":["externalRefId","documentId"]}},"required":["args"]},"HttpCallTemplate":"{\"method\":\"GET\",\"url\":\"https://apis.cert.worldpay.com/merchant-boarding/v1/documents{% capture inline_query_capture_876234 %}{% endcapture %}{% if inline_query_capture_876234.size > 0 %}?{% endif %}{{ inline_query_capture_876234 | remove_first:'&' }}\",\"headers\":{% capture header_capture_9023987234 %},\"Accept\":\"application/json\",\"externalRefId\":{{ call[\"args\"][\"externalRefId\"] | unwrap | json: false }},\"documentId\":{{ call[\"args\"][\"documentId\"] | json: false }}{% if call[\"args\"][\"v-correlation-id\"] != nil %},\"v-correlation-id\":{{ call[\"args\"][\"v-correlation-id\"] | unwrap | json: false }}{% endif %}{% if auth[\"api_key\"][\"Authorization\"] != nil %},\"Authorization\":{{ auth[\"api_key\"][\"Authorization\"] | json: false }}{% endif %}{% endcapture %}{{ '{' }}{{ header_capture_9023987234 | remove_first:',' }}},\"body\":{{ '{' }}\"type\":\"none\"}}","Templates":{"TS_GENERIC_LIB":"{% assign api_key_any_req_auth_params = false %}{% assign api_key_any_auth_params = false %}{% capture manageDocuments_getDocument %}{% if showFullCode %}{% assign open_curly = '{' %}{% assign close_curly = '}' %}const client = new Client({% assign open_curly = '{' %}{% assign close_curly = '}' %}{{ open_curly }}{% capture client_params %}{% endcapture %}{% capture client_params %}{{client_params}}<#>\n  timeout: 0{% endcapture %}{% assign api_key_any_req_auth_params = false %}{% assign api_key_any_auth_params = false %}{% if auth[\"api_key\"][\"Authorization\"] != nil and auth[\"api_key\"][\"Authorization\"].size > 0 %}{% assign api_key_any_auth_params = true %}{% assign api_key_any_req_auth_params = true %}{% endif %}{% if api_key_any_auth_params %}\n  customHeaderAuthenticationCredentials: {{ open_curly }}{% assign open_curly = '{' %}{% assign close_curly = '}' %}{% capture api_key_auth_params %}{% endcapture %}{% capture indent %}  {% endcapture %}{% if auth[\"api_key\"][\"Authorization\"] != nil and auth[\"api_key\"][\"Authorization\"].size > 0 %}{% capture api_key_auth_params %}{{api_key_auth_params}}<#>  {% if auth[\"api_key\"][\"Authorization\"] != nil %}'Authorization': {% if auth[\"api_key\"][\"Authorization\"] != nil %}'{{ auth[\"api_key\"][\"Authorization\"] | replace: \"\\\\\", \"\\\\\\\\\" | replace: \"'\", \"\\\\'\" | replace: \"\\n\", \"\\\\n\" }}'{% else %}null{% endif %}{% else %}'Authorization': ''{% endif %}{% endcapture %}{% endif %}{% assign api_key_auth_params_array = api_key_auth_params | split: '<#>' %}{% for this in api_key_auth_params_array %}{% if this != nil and this != '' %}\n  {{this}}{% if forloop.last %}\n{% else %},{% endif %}{% endif %}{% endfor %}  {{ close_curly }},{% endif %}{% assign client_param_array = client_params | split: '<#>' %}{% for this in client_param_array %}{% if this != nil and this != '' %}{{this}},{% endif %}{% endfor %}\r\n{{ close_curly }});\r\n\nconst manageDocumentsController = new ManageDocumentsController(client);\n\r\n{% endif %}{% if call[\"args\"][\"externalRefId\"] != nil %}const externalRefId = {% if call[\"args\"][\"externalRefId\"] != nil %}'{{ call[\"args\"][\"externalRefId\"] | replace: \"\\\\\", \"\\\\\\\\\" | replace: \"'\", \"\\\\'\" | replace: \"\\n\", \"\\\\n\" }}'{% else %}null{% endif %};\n\n{% else %}const externalRefId = '';\n\n{% endif %}{% if call[\"args\"][\"documentId\"] != nil %}const documentId = {% if call[\"args\"][\"documentId\"] != nil %}'{{ call[\"args\"][\"documentId\"] | replace: \"\\\\\", \"\\\\\\\\\" | replace: \"'\", \"\\\\'\" | replace: \"\\n\", \"\\\\n\" }}'{% else %}null{% endif %};\n\n{% else %}const documentId = '';\n\n{% endif %}{% if call[\"args\"][\"v-correlation-id\"] != nil %}const vCorrelationId = {% if call[\"args\"][\"v-correlation-id\"] != nil %}'{{ call[\"args\"][\"v-correlation-id\"] | replace: \"\\\\\", \"\\\\\\\\\" | replace: \"'\", \"\\\\'\" | replace: \"\\n\", \"\\\\n\" }}'{% else %}null{% endif %};\n\n{% endif %}try {\r\n  const { result, ...httpResponse } = {% capture endpoint_params %}{% endcapture %}{% capture endpoint_params %}{% if endpoint_params.size == 0 %}externalRefId{% else %}{{endpoint_params}}<$>externalRefId{% endif %}{% endcapture %}{% capture endpoint_params %}{% if endpoint_params.size == 0 %}documentId{% else %}{{endpoint_params}}<$>documentId{% endif %}{% endcapture %}{% if call[\"args\"][\"v-correlation-id\"] != nil %}{% capture endpoint_params %}{% if endpoint_params.size == 0 %}vCorrelationId{% else %}{{endpoint_params}}<$>vCorrelationId{% endif %}{% endcapture %}{% else %}{% capture endpoint_params %}{% if endpoint_params.size == 0 %}undefined{% else %}{{endpoint_params}}<$>undefined{% endif %}{% endcapture %}{% endif %}{% assign endpoint_params_array = endpoint_params | split: '<$>' %}{% capture endpoint_params_array_stringified %}{% endcapture %}{% assign found_different = false %}{% for item in endpoint_params_array reversed %}{% if item != 'undefined' or found_different %}{% capture endpoint_params_array_stringified %}{% if endpoint_params_array_stringified.size == 0 %}{{item}}{% else %}{{item}}<$>{{endpoint_params_array_stringified}}{% endif %}{% endcapture %}{% assign found_different = true %}{% endif %}{% endfor %}{% assign endpoint_params_array = endpoint_params_array_stringified | split: '<$>' %}await manageDocumentsController.getDocument({% for item in endpoint_params_array %}{% if endpoint_params_array.size > 1 %}\n  {% endif %}{{item}}{% if forloop.last %}{% if endpoint_params_array.size > 1 %}\n{% endif %}{% else %},{% endif %}{% endfor %});\n  // Get more response info...\n  // const { statusCode, headers } = httpResponse;\n} catch (error) {\n  if (error instanceof ApiError) {\n    const errors = error.result;\n    // const { statusCode, headers } = error;\n  }\n}\r\n{% endcapture %}{% if showFullCode %}{% assign open_curly = '{' %}{% assign close_curly = '}' %}{% capture import_params %}{% endcapture %}{% capture import_statement %}{% endcapture %}{% if true %}{% capture import_params %}{{import_params}},ApiError{% endcapture %}{% endif %}{% if true %}{% capture import_params %}{{import_params}},Client{% endcapture %}{% endif %}{% if true %}{% capture import_params %}{{import_params}},ManageDocumentsController{% endcapture %}{% endif %}{% assign import_param_array = import_params | split: ',' %}{% capture import_statement %}{% for this in import_param_array %}{% if this != nil and this != '' %}{% if forloop.index0 == 1 %}import {{ open_curly }} {% endif %}{{this}}{% if forloop.last %} {{ close_curly }} from 'launchpad-documents-apilib';\n\n{% else %}, {% endif %}{% endif %}{% endfor %}{% endcapture %}{% if import_param_array contains 'FileWrapper' %}import fs from 'fs';\n{% endif %}{% if import_statement.size < 81 %}{{ import_statement }}{% else %}{% for this in import_param_array %}{% if this != nil and this != '' %}{% if forloop.index0 == 1 %}import {{ open_curly }}{% endif %}\n  {{this}}{% if forloop.last %},\n{{ close_curly }} from 'launchpad-documents-apilib';\n\n{% else %},{% endif %}{% endif %}{% endfor %}{% endif %}{% endif %}{{manageDocuments_getDocument}}"},"Globals":{},"Type":"compilablecodeblock"},"Response":[{"StatusCode":"200","Name":"response200","Description":"success","Headers":[{"Name":"v-correlation-id","DataType":"string","Description":"Unique transaction Id. Will be generated if not provided and returned in response headers.","Required":true,"LinkTo":"","Constant":false,"Example":"3fcb1437-4e52-4946-9ae1-e618351b6d16","Type":"responseheaderinfo"}],"Content":[{"ContentType":"application/json","DataType":"Document","LinkTo":"$m/Document","Example":null,"Examples":null,"Type":"responsecontentinfo"}],"Type":"responseinfo"},{"StatusCode":"0","Name":"response0","Description":"Default errors","Headers":[],"Content":[{"ContentType":"application/json","DataType":"ErrorResponseError","LinkTo":"$m/ErrorResponse","Example":{"Text":"{\r\n  \"httpStatusCode\": 400,\r\n  \"httpStatusMessage\": \"BAD_REQUEST\",\r\n  \"errors\": [\r\n    {\r\n      \"errorCode\": \"PARAMETER_VALIDATION_ERROR\",\r\n      \"errorMessage\": \"PartnerId is missing in header.\",\r\n      \"target\": \"partnerId\"\r\n    }\r\n  ]\r\n}","Language":"json","Type":"codeblock"},"Examples":null,"Type":"responsecontentinfo"}],"Type":"responseinfo"}],"ServerName":null,"Id":null,"Type":"endpointreference"}],"PlaceholderId":null,"SuggestedLinkText":"Get Document","SuggestedLink":"$e/Manage%20Documents/GetDocument","SuggestedLinkLevel":4,"LinkLabel":"http-get","HideFromNavigation":false,"Type":"section"},{"Title":"Store Document","Nodes":[{"Title":"Store Document","Name":"storeDocument","Description":"This is an optional step that allows merchants to submit any additional documents to help with the underwriting process, such as passports and driver's licenses. In the PII collection flow, use this endpoint to store and submit the signed contract.\n\r\n","ReturnType":"DocumentResponse","ReturnTypeLink":"$m/DocumentResponse","ResponseText":"","ReturnTypeExample":null,"AuthDescription":"This endpoint requires [api_key]($h/__auth_CustomHeaderAuthentication)","RequiredAuths":[["api_key"]],"AuthModelSchema":{"title":"api_key","type":"object","properties":{"api_key":{"$ref":"ModelSchemas#/AuthRoot/api_key"}},"required":["api_key"]},"MethodSignature":{"Text":"async storeDocument(\n  externalRefId: string,\r\n  body: DocumentRequest,\r\n  contentType?: ContentTypeEnum,\r\n  vCorrelationId?: string,\r\n  requestOptions?: RequestOptions\n): Promise<ApiResponse<DocumentResponse>>","Language":"ts","Type":"codeblock"},"Parameters":[{"Name":"externalRefId","GenericName":"externalRefId","DataType":"string","Description":"The externalRefId returned from POST /applications call.","Required":true,"LinkTo":"","Constant":false,"ParamType":"Header","DataTypeMarkdown":null,"ContainerName":null,"ContainerKind":null,"Discriminator":null,"ReadOnly":false,"WriteOnly":false,"ContainerTypes":null,"TypeCombinatorTypes":null,"Getter":null,"Setter":null,"Type":"paraminfo"},{"Name":"body","GenericName":"body","DataType":"DocumentRequest","Description":"-","Required":true,"LinkTo":"$m/DocumentRequest","Constant":false,"ParamType":"Body","DataTypeMarkdown":null,"ContainerName":null,"ContainerKind":null,"Discriminator":null,"ReadOnly":false,"WriteOnly":false,"ContainerTypes":null,"TypeCombinatorTypes":null,"Getter":null,"Setter":null,"Type":"paraminfo"},{"Name":"contentType","GenericName":"content-Type","DataType":"ContentTypeEnum | undefined","Description":"Indicates the media type of the request-body. Accepts application/json.<br>**Default**: `ContentTypeEnum.EnumApplicationjson`","Required":false,"LinkTo":"$m/content-Type","Constant":false,"ParamType":"Header","DataTypeMarkdown":null,"ContainerName":null,"ContainerKind":null,"Discriminator":null,"ReadOnly":false,"WriteOnly":false,"ContainerTypes":null,"TypeCombinatorTypes":null,"Getter":null,"Setter":null,"Type":"paraminfo"},{"Name":"vCorrelationId","GenericName":"v-correlation-id","DataType":"string | undefined","Description":"Unique transaction Id. Will be generated if not provided and returned in response headers.","Required":false,"LinkTo":"","Constant":false,"ParamType":"Header","DataTypeMarkdown":null,"ContainerName":null,"ContainerKind":null,"Discriminator":null,"ReadOnly":false,"WriteOnly":false,"ContainerTypes":null,"TypeCombinatorTypes":null,"Getter":null,"Setter":null,"Type":"paraminfo"},{"Name":"requestOptions","GenericName":null,"DataType":"RequestOptions | undefined","Description":"Pass additional request options.","Required":false,"LinkTo":null,"Constant":false,"ParamType":null,"DataTypeMarkdown":null,"ContainerName":null,"ContainerKind":null,"Discriminator":null,"ReadOnly":false,"WriteOnly":false,"ContainerTypes":null,"TypeCombinatorTypes":null,"Getter":null,"Setter":null,"Type":"paraminfo"}],"RequiredAuthScopes":{},"Errors":[{"Name":"ErrorResponseError","StatusCode":"Default","Description":"Default errors","LinkTo":"$m/ErrorResponse","Type":"errorinfo"}],"StaticUsageExample":null,"UsageExample":{"EndpointGroupName":"Manage Documents","EndpointName":"StoreDocument","Index":1,"CallModel":{"additionalQueryParams":null,"additionalFieldParams":null,"args":{"externalRefId":"3fcb1437-4e52-4946-9ae1-e618351b6d16","body":{},"content-Type":"application/json","v-correlation-id":"3fcb1437-4e52-4946-9ae1-e618351b6d16"}},"CallModelSchema":{"title":"Endpoint Arguments","type":"object","additionalProperties":false,"properties":{"args":{"id":"endpoint_7C26ABBCDB1F9","title":"endpoint_7C26ABBCDB1F9","type":"object","properties":{"externalRefId":{"description":"The externalRefId returned from POST /applications call.","example":"3fcb1437-4e52-4946-9ae1-e618351b6d16","type":"string","format":"uuid"},"body":{"$ref":"ModelSchemas#/Root/DocumentRequest"},"content-Type":{"$ref":"ModelSchemas#/Root/content-Type"},"v-correlation-id":{"description":"Unique transaction Id. Will be generated if not provided and returned in response headers.","example":"3fcb1437-4e52-4946-9ae1-e618351b6d16","type":"string","format":"uuid"}},"required":["externalRefId","body"]}},"required":["args"]},"HttpCallTemplate":"{\"method\":\"POST\",\"url\":\"https://apis.cert.worldpay.com/merchant-boarding/v1/documents{% capture inline_query_capture_876234 %}{% endcapture %}{% if inline_query_capture_876234.size > 0 %}?{% endif %}{{ inline_query_capture_876234 | remove_first:'&' }}\",\"headers\":{% capture header_capture_9023987234 %},\"Accept\":\"application/json\",\"externalRefId\":{{ call[\"args\"][\"externalRefId\"] | unwrap | json: false }}{% if call[\"args\"][\"content-Type\"] != nil %},\"content-Type\":{{ call[\"args\"][\"content-Type\"] | json: false }}{% endif %}{% if call[\"args\"][\"v-correlation-id\"] != nil %},\"v-correlation-id\":{{ call[\"args\"][\"v-correlation-id\"] | unwrap | json: false }}{% endif %}{% if auth[\"api_key\"][\"Authorization\"] != nil %},\"Authorization\":{{ auth[\"api_key\"][\"Authorization\"] | json: false }}{% endif %}{% endcapture %}{{ '{' }}{{ header_capture_9023987234 | remove_first:',' }}},\"body\":{{ '{' }}\"type\":\"json\",\"data\":{% if call[\"args\"][\"body\"] != nil %}{{ call[\"args\"][\"body\"] | json: false }}{% else %}null{% endif %}}}","Templates":{"TS_GENERIC_LIB":"{% assign documentRequest_import = false %}{% assign fileExtension_import = false %}{% assign documentCategory_import = false %}{% assign contentType_import = false %}{% assign api_key_any_req_auth_params = false %}{% assign api_key_any_auth_params = false %}{% capture manageDocuments_storeDocument %}{% if showFullCode %}{% assign open_curly = '{' %}{% assign close_curly = '}' %}const client = new Client({% assign open_curly = '{' %}{% assign close_curly = '}' %}{{ open_curly }}{% capture client_params %}{% endcapture %}{% capture client_params %}{{client_params}}<#>\n  timeout: 0{% endcapture %}{% assign api_key_any_req_auth_params = false %}{% assign api_key_any_auth_params = false %}{% if auth[\"api_key\"][\"Authorization\"] != nil and auth[\"api_key\"][\"Authorization\"].size > 0 %}{% assign api_key_any_auth_params = true %}{% assign api_key_any_req_auth_params = true %}{% endif %}{% if api_key_any_auth_params %}\n  customHeaderAuthenticationCredentials: {{ open_curly }}{% assign open_curly = '{' %}{% assign close_curly = '}' %}{% capture api_key_auth_params %}{% endcapture %}{% capture indent %}  {% endcapture %}{% if auth[\"api_key\"][\"Authorization\"] != nil and auth[\"api_key\"][\"Authorization\"].size > 0 %}{% capture api_key_auth_params %}{{api_key_auth_params}}<#>  {% if auth[\"api_key\"][\"Authorization\"] != nil %}'Authorization': {% if auth[\"api_key\"][\"Authorization\"] != nil %}'{{ auth[\"api_key\"][\"Authorization\"] | replace: \"\\\\\", \"\\\\\\\\\" | replace: \"'\", \"\\\\'\" | replace: \"\\n\", \"\\\\n\" }}'{% else %}null{% endif %}{% else %}'Authorization': ''{% endif %}{% endcapture %}{% endif %}{% assign api_key_auth_params_array = api_key_auth_params | split: '<#>' %}{% for this in api_key_auth_params_array %}{% if this != nil and this != '' %}\n  {{this}}{% if forloop.last %}\n{% else %},{% endif %}{% endif %}{% endfor %}  {{ close_curly }},{% endif %}{% assign client_param_array = client_params | split: '<#>' %}{% for this in client_param_array %}{% if this != nil and this != '' %}{{this}},{% endif %}{% endfor %}\r\n{{ close_curly }});\r\n\nconst manageDocumentsController = new ManageDocumentsController(client);\n\r\n{% endif %}{% if call[\"args\"][\"externalRefId\"] != nil %}const externalRefId = {% if call[\"args\"][\"externalRefId\"] != nil %}'{{ call[\"args\"][\"externalRefId\"] | replace: \"\\\\\", \"\\\\\\\\\" | replace: \"'\", \"\\\\'\" | replace: \"\\n\", \"\\\\n\" }}'{% else %}null{% endif %};\n\n{% else %}const externalRefId = '';\n\n{% endif %}{% if call[\"args\"][\"body\"] != nil %}const body: DocumentRequest = {% render 'documentRequest', field: call[\"args\"][\"body\"], indent: '', showFullCode: showFullCode %};\n\n{% else %}const body: DocumentRequest = null;\n\n{% endif %}{% if call[\"args\"][\"content-Type\"] != nil %}{% assign contentType_import = true %}const contentType = {% case call[\"args\"][\"content-Type\"] %}{% when 'application/json' %}ContentTypeEnum.EnumApplicationjson{% else %}envrr{% endcase %};\n\n{% endif %}{% if call[\"args\"][\"v-correlation-id\"] != nil %}const vCorrelationId = {% if call[\"args\"][\"v-correlation-id\"] != nil %}'{{ call[\"args\"][\"v-correlation-id\"] | replace: \"\\\\\", \"\\\\\\\\\" | replace: \"'\", \"\\\\'\" | replace: \"\\n\", \"\\\\n\" }}'{% else %}null{% endif %};\n\n{% endif %}try {\r\n  const { result, ...httpResponse } = {% capture endpoint_params %}{% endcapture %}{% capture endpoint_params %}{% if endpoint_params.size == 0 %}externalRefId{% else %}{{endpoint_params}}<$>externalRefId{% endif %}{% endcapture %}{% capture endpoint_params %}{% if endpoint_params.size == 0 %}body{% else %}{{endpoint_params}}<$>body{% endif %}{% endcapture %}{% if call[\"args\"][\"content-Type\"] != nil %}{% capture endpoint_params %}{% if endpoint_params.size == 0 %}contentType{% else %}{{endpoint_params}}<$>contentType{% endif %}{% endcapture %}{% else %}{% capture endpoint_params %}{% if endpoint_params.size == 0 %}undefined{% else %}{{endpoint_params}}<$>undefined{% endif %}{% endcapture %}{% endif %}{% if call[\"args\"][\"v-correlation-id\"] != nil %}{% capture endpoint_params %}{% if endpoint_params.size == 0 %}vCorrelationId{% else %}{{endpoint_params}}<$>vCorrelationId{% endif %}{% endcapture %}{% else %}{% capture endpoint_params %}{% if endpoint_params.size == 0 %}undefined{% else %}{{endpoint_params}}<$>undefined{% endif %}{% endcapture %}{% endif %}{% assign endpoint_params_array = endpoint_params | split: '<$>' %}{% capture endpoint_params_array_stringified %}{% endcapture %}{% assign found_different = false %}{% for item in endpoint_params_array reversed %}{% if item != 'undefined' or found_different %}{% capture endpoint_params_array_stringified %}{% if endpoint_params_array_stringified.size == 0 %}{{item}}{% else %}{{item}}<$>{{endpoint_params_array_stringified}}{% endif %}{% endcapture %}{% assign found_different = true %}{% endif %}{% endfor %}{% assign endpoint_params_array = endpoint_params_array_stringified | split: '<$>' %}await manageDocumentsController.storeDocument({% for item in endpoint_params_array %}{% if endpoint_params_array.size > 1 %}\n  {% endif %}{{item}}{% if forloop.last %}{% if endpoint_params_array.size > 1 %}\n{% endif %}{% else %},{% endif %}{% endfor %});\n  // Get more response info...\n  // const { statusCode, headers } = httpResponse;\n} catch (error) {\n  if (error instanceof ApiError) {\n    const errors = error.result;\n    // const { statusCode, headers } = error;\n  }\n}\r\n{% endcapture %}{% if showFullCode %}{% assign open_curly = '{' %}{% assign close_curly = '}' %}{% capture import_params %}{% endcapture %}{% capture import_statement %}{% endcapture %}{% if true %}{% capture import_params %}{{import_params}},ApiError{% endcapture %}{% endif %}{% if true %}{% capture import_params %}{{import_params}},Client{% endcapture %}{% endif %}{% if contentType_import %}{% capture import_params %}{{import_params}},ContentTypeEnum{% endcapture %}{% endif %}{% if documentCategory_import %}{% capture import_params %}{{import_params}},DocumentCategoryEnum{% endcapture %}{% endif %}{% if documentRequest_import %}{% capture import_params %}{{import_params}},DocumentRequest{% endcapture %}{% endif %}{% if fileExtension_import %}{% capture import_params %}{{import_params}},FileExtensionEnum{% endcapture %}{% endif %}{% if true %}{% capture import_params %}{{import_params}},ManageDocumentsController{% endcapture %}{% endif %}{% assign import_param_array = import_params | split: ',' %}{% capture import_statement %}{% for this in import_param_array %}{% if this != nil and this != '' %}{% if forloop.index0 == 1 %}import {{ open_curly }} {% endif %}{{this}}{% if forloop.last %} {{ close_curly }} from 'launchpad-documents-apilib';\n\n{% else %}, {% endif %}{% endif %}{% endfor %}{% endcapture %}{% if import_param_array contains 'FileWrapper' %}import fs from 'fs';\n{% endif %}{% if import_statement.size < 81 %}{{ import_statement }}{% else %}{% for this in import_param_array %}{% if this != nil and this != '' %}{% if forloop.index0 == 1 %}import {{ open_curly }}{% endif %}\n  {{this}}{% if forloop.last %},\n{{ close_curly }} from 'launchpad-documents-apilib';\n\n{% else %},{% endif %}{% endif %}{% endfor %}{% endif %}{% endif %}{{manageDocuments_storeDocument}}"},"Globals":{"documentRequest_import":false,"fileExtension_import":false,"documentCategory_import":false,"contentType_import":false},"Type":"compilablecodeblock"},"Response":[{"StatusCode":"200","Name":"response200","Description":"Success","Headers":[{"Name":"v-correlation-id","DataType":"string","Description":"Unique transaction Id. Will be generated if not provided and returned in response headers.","Required":true,"LinkTo":"","Constant":false,"Example":"3fcb1437-4e52-4946-9ae1-e618351b6d16","Type":"responseheaderinfo"}],"Content":[{"ContentType":"application/json","DataType":"DocumentResponse","LinkTo":"$m/DocumentResponse","Example":null,"Examples":null,"Type":"responsecontentinfo"}],"Type":"responseinfo"},{"StatusCode":"0","Name":"response0","Description":"Default errors","Headers":[],"Content":[{"ContentType":"application/json","DataType":"ErrorResponseError","LinkTo":"$m/ErrorResponse","Example":{"Text":"{\r\n  \"httpStatusCode\": 400,\r\n  \"httpStatusMessage\": \"BAD_REQUEST\",\r\n  \"errors\": [\r\n    {\r\n      \"errorCode\": \"PARAMETER_VALIDATION_ERROR\",\r\n      \"errorMessage\": \"PartnerId is missing in header.\",\r\n      \"target\": \"partnerId\"\r\n    }\r\n  ]\r\n}","Language":"json","Type":"codeblock"},"Examples":null,"Type":"responsecontentinfo"}],"Type":"responseinfo"}],"ServerName":null,"Id":null,"Type":"endpointreference"}],"PlaceholderId":null,"SuggestedLinkText":"Store Document","SuggestedLink":"$e/Manage%20Documents/StoreDocument","SuggestedLinkLevel":4,"LinkLabel":"http-post","HideFromNavigation":false,"Type":"section"},{"Title":"Get Document Metadata","Nodes":[{"Title":"Get Document Metadata","Name":"getDocumentMetadata","Description":"Returns a list of documents tied to the given external reference ID.\n\r\n","ReturnType":"DocumentListResponse","ReturnTypeLink":"$m/DocumentListResponse","ResponseText":"","ReturnTypeExample":null,"AuthDescription":"This endpoint requires [api_key]($h/__auth_CustomHeaderAuthentication)","RequiredAuths":[["api_key"]],"AuthModelSchema":{"title":"api_key","type":"object","properties":{"api_key":{"$ref":"ModelSchemas#/AuthRoot/api_key"}},"required":["api_key"]},"MethodSignature":{"Text":"async getDocumentMetadata(\n  externalRefId: string,\r\n  vCorrelationId?: string,\r\n  requestOptions?: RequestOptions\n): Promise<ApiResponse<DocumentListResponse>>","Language":"ts","Type":"codeblock"},"Parameters":[{"Name":"externalRefId","GenericName":"externalRefId","DataType":"string","Description":"The externalRefId returned from POST /applications call.","Required":true,"LinkTo":"","Constant":false,"ParamType":"Header","DataTypeMarkdown":null,"ContainerName":null,"ContainerKind":null,"Discriminator":null,"ReadOnly":false,"WriteOnly":false,"ContainerTypes":null,"TypeCombinatorTypes":null,"Getter":null,"Setter":null,"Type":"paraminfo"},{"Name":"vCorrelationId","GenericName":"v-correlation-id","DataType":"string | undefined","Description":"Unique transaction Id. Will be generated if not provided and returned in response headers.","Required":false,"LinkTo":"","Constant":false,"ParamType":"Header","DataTypeMarkdown":null,"ContainerName":null,"ContainerKind":null,"Discriminator":null,"ReadOnly":false,"WriteOnly":false,"ContainerTypes":null,"TypeCombinatorTypes":null,"Getter":null,"Setter":null,"Type":"paraminfo"},{"Name":"requestOptions","GenericName":null,"DataType":"RequestOptions | undefined","Description":"Pass additional request options.","Required":false,"LinkTo":null,"Constant":false,"ParamType":null,"DataTypeMarkdown":null,"ContainerName":null,"ContainerKind":null,"Discriminator":null,"ReadOnly":false,"WriteOnly":false,"ContainerTypes":null,"TypeCombinatorTypes":null,"Getter":null,"Setter":null,"Type":"paraminfo"}],"RequiredAuthScopes":{},"Errors":[{"Name":"ErrorResponseError","StatusCode":"Default","Description":"Default errors","LinkTo":"$m/ErrorResponse","Type":"errorinfo"}],"StaticUsageExample":null,"UsageExample":{"EndpointGroupName":"Manage Documents","EndpointName":"GetDocumentMetadata","Index":2,"CallModel":{"additionalQueryParams":null,"additionalFieldParams":null,"args":{"externalRefId":"3fcb1437-4e52-4946-9ae1-e618351b6d16","v-correlation-id":"3fcb1437-4e52-4946-9ae1-e618351b6d16"}},"CallModelSchema":{"title":"Endpoint Arguments","type":"object","additionalProperties":false,"properties":{"args":{"id":"endpoint_7C26ABBCDB1F9","title":"endpoint_7C26ABBCDB1F9","type":"object","properties":{"externalRefId":{"description":"The externalRefId returned from POST /applications call.","example":"3fcb1437-4e52-4946-9ae1-e618351b6d16","type":"string","format":"uuid"},"v-correlation-id":{"description":"Unique transaction Id. Will be generated if not provided and returned in response headers.","example":"3fcb1437-4e52-4946-9ae1-e618351b6d16","type":"string","format":"uuid"}},"required":["externalRefId"]}},"required":["args"]},"HttpCallTemplate":"{\"method\":\"GET\",\"url\":\"https://apis.cert.worldpay.com/merchant-boarding/v1/documents/List{% capture inline_query_capture_876234 %}{% endcapture %}{% if inline_query_capture_876234.size > 0 %}?{% endif %}{{ inline_query_capture_876234 | remove_first:'&' }}\",\"headers\":{% capture header_capture_9023987234 %},\"Accept\":\"application/json\",\"externalRefId\":{{ call[\"args\"][\"externalRefId\"] | unwrap | json: false }}{% if call[\"args\"][\"v-correlation-id\"] != nil %},\"v-correlation-id\":{{ call[\"args\"][\"v-correlation-id\"] | unwrap | json: false }}{% endif %}{% if auth[\"api_key\"][\"Authorization\"] != nil %},\"Authorization\":{{ auth[\"api_key\"][\"Authorization\"] | json: false }}{% endif %}{% endcapture %}{{ '{' }}{{ header_capture_9023987234 | remove_first:',' }}},\"body\":{{ '{' }}\"type\":\"none\"}}","Templates":{"TS_GENERIC_LIB":"{% assign api_key_any_req_auth_params = false %}{% assign api_key_any_auth_params = false %}{% capture manageDocuments_getDocumentMetadata %}{% if showFullCode %}{% assign open_curly = '{' %}{% assign close_curly = '}' %}const client = new Client({% assign open_curly = '{' %}{% assign close_curly = '}' %}{{ open_curly }}{% capture client_params %}{% endcapture %}{% capture client_params %}{{client_params}}<#>\n  timeout: 0{% endcapture %}{% assign api_key_any_req_auth_params = false %}{% assign api_key_any_auth_params = false %}{% if auth[\"api_key\"][\"Authorization\"] != nil and auth[\"api_key\"][\"Authorization\"].size > 0 %}{% assign api_key_any_auth_params = true %}{% assign api_key_any_req_auth_params = true %}{% endif %}{% if api_key_any_auth_params %}\n  customHeaderAuthenticationCredentials: {{ open_curly }}{% assign open_curly = '{' %}{% assign close_curly = '}' %}{% capture api_key_auth_params %}{% endcapture %}{% capture indent %}  {% endcapture %}{% if auth[\"api_key\"][\"Authorization\"] != nil and auth[\"api_key\"][\"Authorization\"].size > 0 %}{% capture api_key_auth_params %}{{api_key_auth_params}}<#>  {% if auth[\"api_key\"][\"Authorization\"] != nil %}'Authorization': {% if auth[\"api_key\"][\"Authorization\"] != nil %}'{{ auth[\"api_key\"][\"Authorization\"] | replace: \"\\\\\", \"\\\\\\\\\" | replace: \"'\", \"\\\\'\" | replace: \"\\n\", \"\\\\n\" }}'{% else %}null{% endif %}{% else %}'Authorization': ''{% endif %}{% endcapture %}{% endif %}{% assign api_key_auth_params_array = api_key_auth_params | split: '<#>' %}{% for this in api_key_auth_params_array %}{% if this != nil and this != '' %}\n  {{this}}{% if forloop.last %}\n{% else %},{% endif %}{% endif %}{% endfor %}  {{ close_curly }},{% endif %}{% assign client_param_array = client_params | split: '<#>' %}{% for this in client_param_array %}{% if this != nil and this != '' %}{{this}},{% endif %}{% endfor %}\r\n{{ close_curly }});\r\n\nconst manageDocumentsController = new ManageDocumentsController(client);\n\r\n{% endif %}{% if call[\"args\"][\"externalRefId\"] != nil %}const externalRefId = {% if call[\"args\"][\"externalRefId\"] != nil %}'{{ call[\"args\"][\"externalRefId\"] | replace: \"\\\\\", \"\\\\\\\\\" | replace: \"'\", \"\\\\'\" | replace: \"\\n\", \"\\\\n\" }}'{% else %}null{% endif %};\n\n{% else %}const externalRefId = '';\n\n{% endif %}{% if call[\"args\"][\"v-correlation-id\"] != nil %}const vCorrelationId = {% if call[\"args\"][\"v-correlation-id\"] != nil %}'{{ call[\"args\"][\"v-correlation-id\"] | replace: \"\\\\\", \"\\\\\\\\\" | replace: \"'\", \"\\\\'\" | replace: \"\\n\", \"\\\\n\" }}'{% else %}null{% endif %};\n\n{% endif %}try {\r\n  const { result, ...httpResponse } = {% capture endpoint_params %}{% endcapture %}{% capture endpoint_params %}{% if endpoint_params.size == 0 %}externalRefId{% else %}{{endpoint_params}}<$>externalRefId{% endif %}{% endcapture %}{% if call[\"args\"][\"v-correlation-id\"] != nil %}{% capture endpoint_params %}{% if endpoint_params.size == 0 %}vCorrelationId{% else %}{{endpoint_params}}<$>vCorrelationId{% endif %}{% endcapture %}{% else %}{% capture endpoint_params %}{% if endpoint_params.size == 0 %}undefined{% else %}{{endpoint_params}}<$>undefined{% endif %}{% endcapture %}{% endif %}{% assign endpoint_params_array = endpoint_params | split: '<$>' %}{% capture endpoint_params_array_stringified %}{% endcapture %}{% assign found_different = false %}{% for item in endpoint_params_array reversed %}{% if item != 'undefined' or found_different %}{% capture endpoint_params_array_stringified %}{% if endpoint_params_array_stringified.size == 0 %}{{item}}{% else %}{{item}}<$>{{endpoint_params_array_stringified}}{% endif %}{% endcapture %}{% assign found_different = true %}{% endif %}{% endfor %}{% assign endpoint_params_array = endpoint_params_array_stringified | split: '<$>' %}await manageDocumentsController.getDocumentMetadata({% for item in endpoint_params_array %}{% if endpoint_params_array.size > 1 %}\n  {% endif %}{{item}}{% if forloop.last %}{% if endpoint_params_array.size > 1 %}\n{% endif %}{% else %},{% endif %}{% endfor %});\n  // Get more response info...\n  // const { statusCode, headers } = httpResponse;\n} catch (error) {\n  if (error instanceof ApiError) {\n    const errors = error.result;\n    // const { statusCode, headers } = error;\n  }\n}\r\n{% endcapture %}{% if showFullCode %}{% assign open_curly = '{' %}{% assign close_curly = '}' %}{% capture import_params %}{% endcapture %}{% capture import_statement %}{% endcapture %}{% if true %}{% capture import_params %}{{import_params}},ApiError{% endcapture %}{% endif %}{% if true %}{% capture import_params %}{{import_params}},Client{% endcapture %}{% endif %}{% if true %}{% capture import_params %}{{import_params}},ManageDocumentsController{% endcapture %}{% endif %}{% assign import_param_array = import_params | split: ',' %}{% capture import_statement %}{% for this in import_param_array %}{% if this != nil and this != '' %}{% if forloop.index0 == 1 %}import {{ open_curly }} {% endif %}{{this}}{% if forloop.last %} {{ close_curly }} from 'launchpad-documents-apilib';\n\n{% else %}, {% endif %}{% endif %}{% endfor %}{% endcapture %}{% if import_param_array contains 'FileWrapper' %}import fs from 'fs';\n{% endif %}{% if import_statement.size < 81 %}{{ import_statement }}{% else %}{% for this in import_param_array %}{% if this != nil and this != '' %}{% if forloop.index0 == 1 %}import {{ open_curly }}{% endif %}\n  {{this}}{% if forloop.last %},\n{{ close_curly }} from 'launchpad-documents-apilib';\n\n{% else %},{% endif %}{% endif %}{% endfor %}{% endif %}{% endif %}{{manageDocuments_getDocumentMetadata}}"},"Globals":{},"Type":"compilablecodeblock"},"Response":[{"StatusCode":"200","Name":"response200","Description":"Success","Headers":[{"Name":"v-correlation-id","DataType":"string","Description":"Unique transaction Id. Will be generated if not provided and returned in response headers.","Required":true,"LinkTo":"","Constant":false,"Example":"3fcb1437-4e52-4946-9ae1-e618351b6d16","Type":"responseheaderinfo"}],"Content":[{"ContentType":"application/json","DataType":"DocumentListResponse","LinkTo":"$m/DocumentListResponse","Example":null,"Examples":null,"Type":"responsecontentinfo"}],"Type":"responseinfo"},{"StatusCode":"0","Name":"response0","Description":"Default errors","Headers":[],"Content":[{"ContentType":"application/json","DataType":"ErrorResponseError","LinkTo":"$m/ErrorResponse","Example":{"Text":"{\r\n  \"httpStatusCode\": 400,\r\n  \"httpStatusMessage\": \"BAD_REQUEST\",\r\n  \"errors\": [\r\n    {\r\n      \"errorCode\": \"PARAMETER_VALIDATION_ERROR\",\r\n      \"errorMessage\": \"PartnerId is missing in header.\",\r\n      \"target\": \"partnerId\"\r\n    }\r\n  ]\r\n}","Language":"json","Type":"codeblock"},"Examples":null,"Type":"responsecontentinfo"}],"Type":"responseinfo"}],"ServerName":null,"Id":null,"Type":"endpointreference"}],"PlaceholderId":null,"SuggestedLinkText":"Get Document Metadata","SuggestedLink":"$e/Manage%20Documents/GetDocumentMetadata","SuggestedLinkLevel":4,"LinkLabel":"http-get","HideFromNavigation":false,"Type":"section"}],"PlaceholderId":null,"SuggestedLinkText":"Manage Documents","SuggestedLink":"$e/Manage%20Documents","SuggestedLinkLevel":3,"LinkLabel":null,"HideFromNavigation":false,"Type":"section"}],"PlaceholderId":"__api_reference","SuggestedLinkText":"API Reference","SuggestedLink":"$h/__api_reference","SuggestedLinkLevel":2,"LinkLabel":null,"HideFromNavigation":false,"Type":"section"},{"Title":"Model Reference","Nodes":[{"Title":"Structures","Nodes":[{"Text":"* [Document Request]($m/DocumentRequest)\n* [Document Response]($m/DocumentResponse)\n* [Document]($m/Document)\n* [Document List Response]($m/DocumentListResponse)\n* [Documents Meta Data]($m/DocumentsMetaData)\n* [Error]($m/Error)","Type":"paragraph"},{"Title":"Document Request","Nodes":[{"Fields":[{"Name":"document","GenericName":"document","DataType":"Document | undefined","Description":"-","Required":false,"LinkTo":"$m/Document","Constant":false,"ParamType":null,"DataTypeMarkdown":null,"ContainerName":null,"ContainerKind":null,"Discriminator":null,"ReadOnly":false,"WriteOnly":false,"ContainerTypes":null,"TypeCombinatorTypes":null,"Getter":null,"Setter":null,"Type":"paraminfo"}],"HasGetters":false,"HasSetters":false,"Title":"Document Request","Name":"DocumentRequest","OriginalName":"DocumentRequest","Description":null,"BaseClass":null,"BaseClassLink":null,"ChildClassesLink":null,"LinkTo":"$m/DocumentRequest","StructureType":"Interface Name","ContainedTypesName":"Fields","Example":{"Text":"{\r\n  \"document\": {\r\n    \"fileName\": \"fileName0\",\r\n    \"fileExtension\": \"TIF\",\r\n    \"content\": \"content0\",\r\n    \"version\": 90,\r\n    \"uploadedBy\": \"uploadedBy8\"\r\n  }\r\n}","Language":"json","Type":"codeblock"},"Id":null,"Type":"structurereference"}],"PlaceholderId":null,"SuggestedLinkText":"Document Request","SuggestedLink":"$m/DocumentRequest","SuggestedLinkLevel":4,"LinkLabel":null,"HideFromNavigation":false,"Type":"section"},{"Title":"Document Response","Nodes":[{"Fields":[{"Name":"documentId","GenericName":"documentId","DataType":"string | undefined","Description":"-","Required":false,"LinkTo":"","Constant":false,"ParamType":null,"DataTypeMarkdown":null,"ContainerName":null,"ContainerKind":null,"Discriminator":null,"ReadOnly":false,"WriteOnly":false,"ContainerTypes":null,"TypeCombinatorTypes":null,"Getter":null,"Setter":null,"Type":"paraminfo"}],"HasGetters":false,"HasSetters":false,"Title":"Document Response","Name":"DocumentResponse","OriginalName":"DocumentResponse","Description":null,"BaseClass":null,"BaseClassLink":null,"ChildClassesLink":null,"LinkTo":"$m/DocumentResponse","StructureType":"Interface Name","ContainedTypesName":"Fields","Example":{"Text":"{\r\n  \"documentId\": \"6114\"\r\n}","Language":"json","Type":"codeblock"},"Id":null,"Type":"structurereference"}],"PlaceholderId":null,"SuggestedLinkText":"Document Response","SuggestedLink":"$m/DocumentResponse","SuggestedLinkLevel":4,"LinkLabel":null,"HideFromNavigation":false,"Type":"section"},{"Title":"Document","Nodes":[{"Fields":[{"Name":"fileName","GenericName":"fileName","DataType":"string | undefined","Description":"Document name.<br>**Constraints**: *Maximum Length*: `150`","Required":false,"LinkTo":"","Constant":false,"ParamType":null,"DataTypeMarkdown":null,"ContainerName":null,"ContainerKind":null,"Discriminator":null,"ReadOnly":false,"WriteOnly":false,"ContainerTypes":null,"TypeCombinatorTypes":null,"Getter":null,"Setter":null,"Type":"paraminfo"},{"Name":"fileExtension","GenericName":"fileExtension","DataType":"FileExtensionEnum | undefined","Description":"Document type.","Required":false,"LinkTo":"$m/FileExtension","Constant":false,"ParamType":null,"DataTypeMarkdown":null,"ContainerName":null,"ContainerKind":null,"Discriminator":null,"ReadOnly":false,"WriteOnly":false,"ContainerTypes":null,"TypeCombinatorTypes":null,"Getter":null,"Setter":null,"Type":"paraminfo"},{"Name":"content","GenericName":"content","DataType":"string | undefined","Description":"Base 64 encoded binary string of docuement content. Maxium string length is 12MB.<br>**Constraints**: *Maximum Length*: `12000000`","Required":false,"LinkTo":"","Constant":false,"ParamType":null,"DataTypeMarkdown":null,"ContainerName":null,"ContainerKind":null,"Discriminator":null,"ReadOnly":false,"WriteOnly":false,"ContainerTypes":null,"TypeCombinatorTypes":null,"Getter":null,"Setter":null,"Type":"paraminfo"},{"Name":"version","GenericName":"version","DataType":"number | undefined","Description":"Version of the document.","Required":false,"LinkTo":"","Constant":false,"ParamType":null,"DataTypeMarkdown":null,"ContainerName":null,"ContainerKind":null,"Discriminator":null,"ReadOnly":false,"WriteOnly":false,"ContainerTypes":null,"TypeCombinatorTypes":null,"Getter":null,"Setter":null,"Type":"paraminfo"},{"Name":"uploadedBy","GenericName":"uploadedBy","DataType":"string | undefined","Description":"Name of the user who uploaded the document. Maximum field length of 8 characters.<br>**Constraints**: *Minimum Length*: `1`, *Maximum Length*: `8`","Required":false,"LinkTo":"","Constant":false,"ParamType":null,"DataTypeMarkdown":null,"ContainerName":null,"ContainerKind":null,"Discriminator":null,"ReadOnly":false,"WriteOnly":false,"ContainerTypes":null,"TypeCombinatorTypes":null,"Getter":null,"Setter":null,"Type":"paraminfo"},{"Name":"documentCategory","GenericName":"documentCategory","DataType":"DocumentCategoryEnum | undefined","Description":"Document category","Required":false,"LinkTo":"$m/DocumentCategory","Constant":false,"ParamType":null,"DataTypeMarkdown":null,"ContainerName":null,"ContainerKind":null,"Discriminator":null,"ReadOnly":false,"WriteOnly":false,"ContainerTypes":null,"TypeCombinatorTypes":null,"Getter":null,"Setter":null,"Type":"paraminfo"}],"HasGetters":false,"HasSetters":false,"Title":"Document","Name":"Document","OriginalName":"Document","Description":null,"BaseClass":null,"BaseClassLink":null,"ChildClassesLink":null,"LinkTo":"$m/Document","StructureType":"Interface Name","ContainedTypesName":"Fields","Example":{"Text":"{\r\n  \"fileName\": \"Timothy Jones Drivers License\",\r\n  \"fileExtension\": \"JPEG\",\r\n  \"content\": \"VGhpcyBpcyBUZXN0\",\r\n  \"version\": 1,\r\n  \"uploadedBy\": \"Timothy\",\r\n  \"documentCategory\": \"DRIVERS LICENSE\"\r\n}","Language":"json","Type":"codeblock"},"Id":null,"Type":"structurereference"}],"PlaceholderId":null,"SuggestedLinkText":"Document","SuggestedLink":"$m/Document","SuggestedLinkLevel":4,"LinkLabel":null,"HideFromNavigation":false,"Type":"section"},{"Title":"Document List Response","Nodes":[{"Fields":[{"Name":"documents","GenericName":"documents","DataType":"DocumentsMetaData[] | undefined","Description":"-","Required":false,"LinkTo":"$m/DocumentsMetaData","Constant":false,"ParamType":null,"DataTypeMarkdown":null,"ContainerName":null,"ContainerKind":null,"Discriminator":null,"ReadOnly":false,"WriteOnly":false,"ContainerTypes":null,"TypeCombinatorTypes":null,"Getter":null,"Setter":null,"Type":"paraminfo"}],"HasGetters":false,"HasSetters":false,"Title":"Document List Response","Name":"DocumentListResponse","OriginalName":"DocumentListResponse","Description":null,"BaseClass":null,"BaseClassLink":null,"ChildClassesLink":null,"LinkTo":"$m/DocumentListResponse","StructureType":"Interface Name","ContainedTypesName":"Fields","Example":{"Text":"{\r\n  \"documents\": [\r\n    {\r\n      \"documentId\": \"documentId2\",\r\n      \"fileName\": \"fileName8\",\r\n      \"fileExtension\": \"GIF\",\r\n      \"version\": 18,\r\n      \"uploadedBy\": \"uploadedBy0\"\r\n    },\r\n    {\r\n      \"documentId\": \"documentId2\",\r\n      \"fileName\": \"fileName8\",\r\n      \"fileExtension\": \"GIF\",\r\n      \"version\": 18,\r\n      \"uploadedBy\": \"uploadedBy0\"\r\n    }\r\n  ]\r\n}","Language":"json","Type":"codeblock"},"Id":null,"Type":"structurereference"}],"PlaceholderId":null,"SuggestedLinkText":"Document List Response","SuggestedLink":"$m/DocumentListResponse","SuggestedLinkLevel":4,"LinkLabel":null,"HideFromNavigation":false,"Type":"section"},{"Title":"Documents Meta Data","Nodes":[{"Fields":[{"Name":"documentId","GenericName":"documentId","DataType":"string | undefined","Description":"Unique ID for the stored document.","Required":false,"LinkTo":"","Constant":false,"ParamType":null,"DataTypeMarkdown":null,"ContainerName":null,"ContainerKind":null,"Discriminator":null,"ReadOnly":false,"WriteOnly":false,"ContainerTypes":null,"TypeCombinatorTypes":null,"Getter":null,"Setter":null,"Type":"paraminfo"},{"Name":"fileName","GenericName":"fileName","DataType":"string | undefined","Description":"Document name<br>**Constraints**: *Maximum Length*: `150`, *Pattern*: ```` ^$|^[0-9A-Za-z_\\-(),.\\s]{1,150}$ ````","Required":false,"LinkTo":"","Constant":false,"ParamType":null,"DataTypeMarkdown":null,"ContainerName":null,"ContainerKind":null,"Discriminator":null,"ReadOnly":false,"WriteOnly":false,"ContainerTypes":null,"TypeCombinatorTypes":null,"Getter":null,"Setter":null,"Type":"paraminfo"},{"Name":"fileExtension","GenericName":"fileExtension","DataType":"FileExtension1Enum | undefined","Description":"Document type","Required":false,"LinkTo":"$m/FileExtension1","Constant":false,"ParamType":null,"DataTypeMarkdown":null,"ContainerName":null,"ContainerKind":null,"Discriminator":null,"ReadOnly":false,"WriteOnly":false,"ContainerTypes":null,"TypeCombinatorTypes":null,"Getter":null,"Setter":null,"Type":"paraminfo"},{"Name":"version","GenericName":"version","DataType":"number | undefined","Description":"Document version","Required":false,"LinkTo":"","Constant":false,"ParamType":null,"DataTypeMarkdown":null,"ContainerName":null,"ContainerKind":null,"Discriminator":null,"ReadOnly":false,"WriteOnly":false,"ContainerTypes":null,"TypeCombinatorTypes":null,"Getter":null,"Setter":null,"Type":"paraminfo"},{"Name":"uploadedBy","GenericName":"uploadedBy","DataType":"string | undefined","Description":"Who uploaded the document? Maximum field length of 8 characters.<br>**Constraints**: *Minimum Length*: `1`, *Maximum Length*: `8`","Required":false,"LinkTo":"","Constant":false,"ParamType":null,"DataTypeMarkdown":null,"ContainerName":null,"ContainerKind":null,"Discriminator":null,"ReadOnly":false,"WriteOnly":false,"ContainerTypes":null,"TypeCombinatorTypes":null,"Getter":null,"Setter":null,"Type":"paraminfo"},{"Name":"documentCategory","GenericName":"documentCategory","DataType":"DocumentCategory1Enum | undefined","Description":"Document category.","Required":false,"LinkTo":"$m/DocumentCategory1","Constant":false,"ParamType":null,"DataTypeMarkdown":null,"ContainerName":null,"ContainerKind":null,"Discriminator":null,"ReadOnly":false,"WriteOnly":false,"ContainerTypes":null,"TypeCombinatorTypes":null,"Getter":null,"Setter":null,"Type":"paraminfo"}],"HasGetters":false,"HasSetters":false,"Title":"Documents Meta Data","Name":"DocumentsMetaData","OriginalName":"DocumentsMetaData","Description":null,"BaseClass":null,"BaseClassLink":null,"ChildClassesLink":null,"LinkTo":"$m/DocumentsMetaData","StructureType":"Interface Name","ContainedTypesName":"Fields","Example":{"Text":"{\r\n  \"documentId\": \"861\",\r\n  \"fileName\": \"Timothy Jones Drivers License\",\r\n  \"fileExtension\": \"JPEG\",\r\n  \"version\": 1,\r\n  \"uploadedBy\": \"Timothy\"\r\n}","Language":"json","Type":"codeblock"},"Id":null,"Type":"structurereference"}],"PlaceholderId":null,"SuggestedLinkText":"Documents Meta Data","SuggestedLink":"$m/DocumentsMetaData","SuggestedLinkLevel":4,"LinkLabel":null,"HideFromNavigation":false,"Type":"section"},{"Title":"Error","Nodes":[{"Fields":[{"Name":"errorCode","GenericName":"errorCode","DataType":"string | undefined","Description":"-","Required":false,"LinkTo":"","Constant":false,"ParamType":null,"DataTypeMarkdown":null,"ContainerName":null,"ContainerKind":null,"Discriminator":null,"ReadOnly":false,"WriteOnly":false,"ContainerTypes":null,"TypeCombinatorTypes":null,"Getter":null,"Setter":null,"Type":"paraminfo"},{"Name":"errorMessage","GenericName":"errorMessage","DataType":"string | undefined","Description":"-","Required":false,"LinkTo":"","Constant":false,"ParamType":null,"DataTypeMarkdown":null,"ContainerName":null,"ContainerKind":null,"Discriminator":null,"ReadOnly":false,"WriteOnly":false,"ContainerTypes":null,"TypeCombinatorTypes":null,"Getter":null,"Setter":null,"Type":"paraminfo"},{"Name":"target","GenericName":"target","DataType":"string | undefined","Description":"-","Required":false,"LinkTo":"","Constant":false,"ParamType":null,"DataTypeMarkdown":null,"ContainerName":null,"ContainerKind":null,"Discriminator":null,"ReadOnly":false,"WriteOnly":false,"ContainerTypes":null,"TypeCombinatorTypes":null,"Getter":null,"Setter":null,"Type":"paraminfo"}],"HasGetters":false,"HasSetters":false,"Title":"Error","Name":"Error","OriginalName":"Error","Description":null,"BaseClass":null,"BaseClassLink":null,"ChildClassesLink":null,"LinkTo":"$m/Error","StructureType":"Interface Name","ContainedTypesName":"Fields","Example":{"Text":"{\r\n  \"errorCode\": \"ERROR_CODE\",\r\n  \"errorMessage\": \"Error message here.\",\r\n  \"target\": \"Target\"\r\n}","Language":"json","Type":"codeblock"},"Id":null,"Type":"structurereference"}],"PlaceholderId":null,"SuggestedLinkText":"Error","SuggestedLink":"$m/Error","SuggestedLinkLevel":4,"LinkLabel":null,"HideFromNavigation":false,"Type":"section"}],"PlaceholderId":null,"SuggestedLinkText":"Structures","SuggestedLink":"$h/API%20Reference/__model_reference/Structures","SuggestedLinkLevel":3,"LinkLabel":null,"HideFromNavigation":false,"Type":"section"},{"Title":"Enumerations","Nodes":[{"Text":"* [Content-Type]($m/content-Type)\n* [Document Category]($m/DocumentCategory)\n* [Document Category 1]($m/DocumentCategory1)\n* [File Extension]($m/FileExtension)\n* [File Extension 1]($m/FileExtension1)","Type":"paragraph"},{"Title":"Content-Type","Nodes":[{"Elements":[{"Key":"EnumApplicationjson","Value":""}],"Title":"Content-Type","Name":"ContentTypeEnum","OriginalName":"content-Type","Description":null,"BaseClass":null,"BaseClassLink":null,"ChildClassesLink":null,"LinkTo":"$m/content-Type","StructureType":"Enum Type Name","ContainedTypesName":"Enum Members","Example":null,"Id":null,"Type":"enumreference"}],"PlaceholderId":null,"SuggestedLinkText":"Content-Type","SuggestedLink":"$m/content-Type","SuggestedLinkLevel":4,"LinkLabel":null,"HideFromNavigation":false,"Type":"section"},{"Title":"Document Category","Nodes":[{"Elements":[{"Key":"EnumDRIVERSLICENSE","Value":""},{"Key":"EnumTERMINALLEASE","Value":""},{"Key":"PASSPORT","Value":""},{"Key":"UNKNOWN","Value":""},{"Key":"EnumVOIDEDCHECK","Value":""}],"Title":"Document Category","Name":"DocumentCategoryEnum","OriginalName":"DocumentCategory","Description":"Document category","BaseClass":null,"BaseClassLink":null,"ChildClassesLink":null,"LinkTo":"$m/DocumentCategory","StructureType":"Enum Type Name","ContainedTypesName":"Enum Members","Example":{"Text":"DRIVERS LICENSE","Language":null,"Type":"codeblock"},"Id":null,"Type":"enumreference"}],"PlaceholderId":null,"SuggestedLinkText":"Document Category","SuggestedLink":"$m/DocumentCategory","SuggestedLinkLevel":4,"LinkLabel":null,"HideFromNavigation":false,"Type":"section"},{"Title":"Document Category 1","Nodes":[{"Elements":[{"Key":"EnumDRIVERSLICENSE","Value":""},{"Key":"EnumTERMINALLEASE","Value":""},{"Key":"PASSPORT","Value":""},{"Key":"UNKNOWN","Value":""},{"Key":"EnumVOIDEDCHECK","Value":""}],"Title":"Document Category 1","Name":"DocumentCategory1Enum","OriginalName":"DocumentCategory1","Description":"Document category.","BaseClass":null,"BaseClassLink":null,"ChildClassesLink":null,"LinkTo":"$m/DocumentCategory1","StructureType":"Enum Type Name","ContainedTypesName":"Enum Members","Example":null,"Id":null,"Type":"enumreference"}],"PlaceholderId":null,"SuggestedLinkText":"Document Category 1","SuggestedLink":"$m/DocumentCategory1","SuggestedLinkLevel":4,"LinkLabel":null,"HideFromNavigation":false,"Type":"section"},{"Title":"File Extension","Nodes":[{"Elements":[{"Key":"JPEG","Value":""},{"Key":"JPG","Value":""},{"Key":"GIF","Value":""},{"Key":"PDF","Value":""},{"Key":"PNG","Value":""},{"Key":"TIFF","Value":""},{"Key":"TIF","Value":""},{"Key":"BMP","Value":""},{"Key":"DOC","Value":""},{"Key":"TXT","Value":""},{"Key":"DOCX","Value":""},{"Key":"PPT","Value":""},{"Key":"XLS","Value":""},{"Key":"XLSX","Value":""}],"Title":"File Extension","Name":"FileExtensionEnum","OriginalName":"FileExtension","Description":"Document type.","BaseClass":null,"BaseClassLink":null,"ChildClassesLink":null,"LinkTo":"$m/FileExtension","StructureType":"Enum Type Name","ContainedTypesName":"Enum Members","Example":{"Text":"JPEG","Language":null,"Type":"codeblock"},"Id":null,"Type":"enumreference"}],"PlaceholderId":null,"SuggestedLinkText":"File Extension","SuggestedLink":"$m/FileExtension","SuggestedLinkLevel":4,"LinkLabel":null,"HideFromNavigation":false,"Type":"section"},{"Title":"File Extension 1","Nodes":[{"Elements":[{"Key":"JPEG","Value":""},{"Key":"JPG","Value":""},{"Key":"GIF","Value":""},{"Key":"PDF","Value":""},{"Key":"PNG","Value":""},{"Key":"TIFF","Value":""},{"Key":"TIF","Value":""},{"Key":"BMP","Value":""},{"Key":"DOC","Value":""},{"Key":"TXT","Value":""},{"Key":"DOCX","Value":""},{"Key":"PPT","Value":""},{"Key":"XLS","Value":""},{"Key":"XLSX","Value":""}],"Title":"File Extension 1","Name":"FileExtension1Enum","OriginalName":"FileExtension1","Description":"Document type","BaseClass":null,"BaseClassLink":null,"ChildClassesLink":null,"LinkTo":"$m/FileExtension1","StructureType":"Enum Type Name","ContainedTypesName":"Enum Members","Example":{"Text":"JPEG","Language":null,"Type":"codeblock"},"Id":null,"Type":"enumreference"}],"PlaceholderId":null,"SuggestedLinkText":"File Extension 1","SuggestedLink":"$m/FileExtension1","SuggestedLinkLevel":4,"LinkLabel":null,"HideFromNavigation":false,"Type":"section"}],"PlaceholderId":null,"SuggestedLinkText":"Enumerations","SuggestedLink":"$h/API%20Reference/__model_reference/Enumerations","SuggestedLinkLevel":3,"LinkLabel":null,"HideFromNavigation":false,"Type":"section"},{"Title":"Exceptions","Nodes":[{"Text":"* [Error Response]($m/ErrorResponse)","Type":"paragraph"},{"Title":"Error Response","Nodes":[{"Fields":[{"Name":"httpStatusCode","GenericName":"httpStatusCode","DataType":"number | undefined","Description":"-","Required":false,"LinkTo":"","Constant":false,"ParamType":null,"DataTypeMarkdown":null,"ContainerName":null,"ContainerKind":null,"Discriminator":null,"ReadOnly":false,"WriteOnly":false,"ContainerTypes":null,"TypeCombinatorTypes":null,"Getter":null,"Setter":null,"Type":"paraminfo"},{"Name":"httpStatusMessage","GenericName":"httpStatusMessage","DataType":"string | undefined","Description":"-","Required":false,"LinkTo":"","Constant":false,"ParamType":null,"DataTypeMarkdown":null,"ContainerName":null,"ContainerKind":null,"Discriminator":null,"ReadOnly":false,"WriteOnly":false,"ContainerTypes":null,"TypeCombinatorTypes":null,"Getter":null,"Setter":null,"Type":"paraminfo"},{"Name":"errors","GenericName":"errors","DataType":"Error[] | undefined","Description":"-","Required":false,"LinkTo":"$m/Error","Constant":false,"ParamType":null,"DataTypeMarkdown":null,"ContainerName":null,"ContainerKind":null,"Discriminator":null,"ReadOnly":false,"WriteOnly":false,"ContainerTypes":null,"TypeCombinatorTypes":null,"Getter":null,"Setter":null,"Type":"paraminfo"}],"HasGetters":false,"HasSetters":false,"Title":"Error Response","Name":"ErrorResponseError","OriginalName":"ErrorResponse","Description":null,"BaseClass":null,"BaseClassLink":null,"ChildClassesLink":null,"LinkTo":"$m/ErrorResponse","StructureType":"Class Name","ContainedTypesName":"Fields","Example":{"Text":"{\r\n  \"httpStatusCode\": 404,\r\n  \"httpStatusMessage\": \"STATUS-MESSAGE\",\r\n  \"errors\": [\r\n    {\r\n      \"errorCode\": \"errorCode6\",\r\n      \"errorMessage\": \"errorMessage8\",\r\n      \"target\": \"target2\"\r\n    },\r\n    {\r\n      \"errorCode\": \"errorCode6\",\r\n      \"errorMessage\": \"errorMessage8\",\r\n      \"target\": \"target2\"\r\n    },\r\n    {\r\n      \"errorCode\": \"errorCode6\",\r\n      \"errorMessage\": \"errorMessage8\",\r\n      \"target\": \"target2\"\r\n    }\r\n  ]\r\n}","Language":"json","Type":"codeblock"},"Id":null,"Type":"structurereference"}],"PlaceholderId":null,"SuggestedLinkText":"Error Response","SuggestedLink":"$m/ErrorResponse","SuggestedLinkLevel":4,"LinkLabel":null,"HideFromNavigation":false,"Type":"section"}],"PlaceholderId":null,"SuggestedLinkText":"Exceptions","SuggestedLink":"$h/API%20Reference/__model_reference/Exceptions","SuggestedLinkLevel":3,"LinkLabel":null,"HideFromNavigation":false,"Type":"section"}],"PlaceholderId":"__model_reference","SuggestedLinkText":"Model Reference","SuggestedLink":"$h/__model_reference","SuggestedLinkLevel":2,"LinkLabel":null,"HideFromNavigation":false,"Type":"section"}],"PlaceholderId":null,"SuggestedLinkText":"API Reference","SuggestedLink":"$h/API%20Reference","SuggestedLinkLevel":1,"LinkLabel":null,"HideFromNavigation":false,"Type":"section"}],"Type":"document"}