{"WhiteLabel":false,"NavItems":[{"Text":"Getting Started","Link":"$h/Getting%20Started","SubItems":[{"Text":"How to Get Started","Link":"$h/__getting_started","SubItems":[{"Text":"Introduction","Link":"$h/__intro","SubItems":[{"Text":"Authentication","Link":"$h/Getting%20Started/__getting_started/__intro/Authentication","SubItems":[],"Label":null,"Skip":false,"IsExternal":false},{"Text":"Base URI","Link":"$h/Getting%20Started/__getting_started/__intro/Base%20URI","SubItems":[],"Label":null,"Skip":false,"IsExternal":false}],"Label":null,"Skip":true,"IsExternal":false},{"Text":"Environments","Link":"$h/__enviroments","SubItems":[],"Label":null,"Skip":true,"IsExternal":false},{"Text":"Authorization","Link":"$h/__authorize","SubItems":[{"Text":"api_key (Custom Header Signature)","Link":"$h/__auth_CustomHeaderAuthentication","SubItems":[],"Label":null,"Skip":true,"IsExternal":false}],"Label":null,"Skip":true,"IsExternal":false}],"Label":null,"Skip":false,"IsExternal":false},{"Text":"Authentication","Link":"page:introduction/authentication","SubItems":[],"Label":null,"Skip":false,"IsExternal":false},{"Text":"About the API","Link":"page:introduction/about-the-api","SubItems":[{"Text":"Tips and Best Practices","Link":"page:introduction/about-the-api/tips","SubItems":[],"Label":null,"Skip":false,"IsExternal":false},{"Text":"Data Types","Link":"page:introduction/about-the-api/data-types","SubItems":[],"Label":null,"Skip":false,"IsExternal":false}],"Label":null,"Skip":false,"IsExternal":false}],"Label":null,"Skip":false,"IsExternal":false},{"Text":"API Workflows Walkthroughs","Link":"$h/API%20Workflows%20Walkthroughs","SubItems":[{"Text":"API Workflow 1","Link":"page:walkthroughs/awf-1/walkthrough-1","SubItems":[],"Label":null,"Skip":false,"IsExternal":false},{"Text":"API Workflow 2","Link":"page:walkthroughs/awf-2/walkthrough-1","SubItems":[],"Label":null,"Skip":false,"IsExternal":false},{"Text":"API Workflow 3","Link":"page:walkthroughs/awf-3/walkthrough-1","SubItems":[],"Label":null,"Skip":false,"IsExternal":false}],"Label":null,"Skip":false,"IsExternal":false},{"Text":"API Reference","Link":"$h/API%20Reference","SubItems":[{"Text":"API Reference","Link":"$h/__api_reference","SubItems":[{"Text":"List of APIs","Link":"$h/__list_of_apis","SubItems":[],"Label":null,"Skip":false,"IsExternal":false},{"Text":"Manage Documents","Link":"$e/Manage%20Documents","SubItems":[{"Text":"Overview","Link":"$h/API%20Reference/__api_reference/Manage%20Documents/Overview","SubItems":[],"Label":"endpoint-group-overview","Skip":false,"IsExternal":false},{"Text":"Get Document","Link":"$e/Manage%20Documents/GetDocument","SubItems":[],"Label":"http-get","Skip":false,"IsExternal":false},{"Text":"Store Document","Link":"$e/Manage%20Documents/StoreDocument","SubItems":[],"Label":"http-post","Skip":false,"IsExternal":false},{"Text":"Get Document Metadata","Link":"$e/Manage%20Documents/GetDocumentMetadata","SubItems":[],"Label":"http-get","Skip":false,"IsExternal":false}],"Label":null,"Skip":false,"IsExternal":false}],"Label":null,"Skip":false,"IsExternal":false},{"Text":"Model Reference","Link":"$h/__model_reference","SubItems":[{"Text":"Structures","Link":"$h/API%20Reference/__model_reference/Structures","SubItems":[{"Text":"Document Request","Link":"$m/DocumentRequest","SubItems":[],"Label":null,"Skip":false,"IsExternal":false},{"Text":"Document Response","Link":"$m/DocumentResponse","SubItems":[],"Label":null,"Skip":false,"IsExternal":false},{"Text":"Document","Link":"$m/Document","SubItems":[],"Label":null,"Skip":false,"IsExternal":false},{"Text":"Document List Response","Link":"$m/DocumentListResponse","SubItems":[],"Label":null,"Skip":false,"IsExternal":false},{"Text":"Documents Meta Data","Link":"$m/DocumentsMetaData","SubItems":[],"Label":null,"Skip":false,"IsExternal":false},{"Text":"Error Response","Link":"$m/ErrorResponse","SubItems":[],"Label":null,"Skip":false,"IsExternal":false},{"Text":"Error","Link":"$m/Error","SubItems":[],"Label":null,"Skip":false,"IsExternal":false}],"Label":null,"Skip":false,"IsExternal":false},{"Text":"Enumerations","Link":"$h/API%20Reference/__model_reference/Enumerations","SubItems":[{"Text":"Content-Type","Link":"$m/content-Type","SubItems":[],"Label":null,"Skip":false,"IsExternal":false},{"Text":"Document Category","Link":"$m/DocumentCategory","SubItems":[],"Label":null,"Skip":false,"IsExternal":false},{"Text":"Document Category 1","Link":"$m/DocumentCategory1","SubItems":[],"Label":null,"Skip":false,"IsExternal":false},{"Text":"File Extension","Link":"$m/FileExtension","SubItems":[],"Label":null,"Skip":false,"IsExternal":false},{"Text":"File Extension 1","Link":"$m/FileExtension1","SubItems":[],"Label":null,"Skip":false,"IsExternal":false}],"Label":null,"Skip":false,"IsExternal":false},{"Text":"Exceptions","Link":"$h/API%20Reference/__model_reference/Exceptions","SubItems":[{"Text":"Error Response Error","Link":"$m/ErrorResponse_Error","SubItems":[],"Label":null,"Skip":false,"IsExternal":false}],"Label":null,"Skip":false,"IsExternal":false}],"Label":null,"Skip":false,"IsExternal":false}],"Label":null,"Skip":false,"IsExternal":false}],"DataModel":{"showFullCode":false,"skipSslCertVerification":null,"environment":null,"auth":{"api_key":{"Authorization":null}},"call":{"additionalQueryParams":null,"additionalFieldParams":null,"args":{}}},"DataModelSchema":{"type":"object","additionalProperties":false,"properties":{"showFullCode":{"title":"Show Complete File","description":"Show complete file for code, with bootstrap and error handling included.","type":"boolean"}},"required":["showFullCode"]},"ModelSchemas":{"Root":{"DocumentRequest":{"id":"DocumentRequest","title":"DocumentRequest","type":"object","properties":{"document":{"$ref":"ModelSchemas#/Root/Document"}}},"DocumentResponse":{"id":"DocumentResponse","title":"DocumentResponse","type":"object","properties":{"documentId":{"example":"6114","type":"string"}}},"Document":{"id":"Document","title":"Document","type":"object","properties":{"fileName":{"description":"Document name.","example":"Timothy Jones Drivers License","type":"string","maxLength":150},"fileExtension":{"$ref":"ModelSchemas#/Root/FileExtension"},"content":{"description":"Base 64 encoded binary string of docuement content. Maxium string length is 12MB.","example":"VGhpcyBpcyBUZXN0","type":"string","maxLength":12000000},"version":{"description":"Version of the document.","example":1,"type":"integer","format":"int32"},"uploadedBy":{"description":"Name of the user who uploaded the document. Maximum field length of 8 characters.","example":"Timothy","type":"string","minLength":1,"maxLength":8},"documentCategory":{"$ref":"ModelSchemas#/Root/DocumentCategory"}}},"DocumentListResponse":{"id":"DocumentListResponse","title":"DocumentListResponse","type":"object","properties":{"documents":{"description":"","type":"array","items":{"$ref":"ModelSchemas#/Root/DocumentsMetaData"}}}},"DocumentsMetaData":{"id":"DocumentsMetaData","title":"DocumentsMetaData","type":"object","properties":{"documentId":{"description":"Unique ID for the stored document.","example":"861","type":"string"},"fileName":{"description":"Document name","example":"Timothy Jones Drivers License","type":"string","maxLength":150,"pattern":"^$|^[0-9A-Za-z_\\-(),.\\s]{1,150}$"},"fileExtension":{"$ref":"ModelSchemas#/Root/FileExtension1"},"version":{"description":"Document version","example":1,"type":"integer","format":"int32"},"uploadedBy":{"description":"Who uploaded the document? Maximum field length of 8 characters.","example":"Timothy","type":"string","minLength":1,"maxLength":8},"documentCategory":{"$ref":"ModelSchemas#/Root/DocumentCategory1"}}},"ErrorResponse":{"id":"ErrorResponse","title":"ErrorResponse","type":"object","properties":{"httpStatusCode":{"example":404,"type":"integer","format":"int32"},"httpStatusMessage":{"example":"STATUS-MESSAGE","type":"string"},"errors":{"description":"","type":"array","items":{"$ref":"ModelSchemas#/Root/Error"}}}},"Error":{"id":"Error","title":"Error","type":"object","properties":{"errorCode":{"example":"ERROR_CODE","type":"string"},"errorMessage":{"example":"Error message here.","type":"string"},"target":{"example":"Target","type":"string"}}},"content-Type":{"title":"content-Type","x-enum-elements":[{"name":"Enum_applicationjson","description":""}],"type":"string","additionalProperties":false,"enum":["application/json"]},"DocumentCategory":{"title":"DocumentCategory","description":"Document category","example":"DRIVERS LICENSE","x-enum-elements":[{"name":"Enum_DRIVERS LICENSE","description":""},{"name":"Enum_TERMINAL LEASE","description":""},{"name":"PASSPORT","description":""},{"name":"UNKNOWN","description":""},{"name":"Enum_VOIDED CHECK","description":""}],"type":"string","additionalProperties":false,"enum":["DRIVERS LICENSE","TERMINAL LEASE","PASSPORT","UNKNOWN","VOIDED CHECK"]},"DocumentCategory1":{"title":"DocumentCategory1","description":"Document category.","x-enum-elements":[{"name":"Enum_DRIVERS LICENSE","description":""},{"name":"Enum_TERMINAL LEASE","description":""},{"name":"PASSPORT","description":""},{"name":"UNKNOWN","description":""},{"name":"Enum_VOIDED CHECK","description":""}],"type":"string","additionalProperties":false,"enum":["DRIVERS LICENSE","TERMINAL LEASE","PASSPORT","UNKNOWN","VOIDED CHECK"]},"ErrorResponse_Error":{"id":"ErrorResponse_Error","title":"ErrorResponse_Error","type":"object","properties":{"httpStatusCode":{"example":404,"type":"integer","format":"int32"},"httpStatusMessage":{"example":"STATUS-MESSAGE","type":"string"},"errors":{"description":"","type":"array","items":{"$ref":"ModelSchemas#/Root/Error"}}}},"FileExtension":{"title":"FileExtension","description":"Document type.","example":"JPEG","x-enum-elements":[{"name":"JPEG","description":""},{"name":"JPG","description":""},{"name":"GIF","description":""},{"name":"PDF","description":""},{"name":"PNG","description":""},{"name":"TIFF","description":""},{"name":"TIF","description":""},{"name":"BMP","description":""},{"name":"DOC","description":""},{"name":"TXT","description":""},{"name":"DOCX","description":""},{"name":"PPT","description":""},{"name":"XLS","description":""},{"name":"XLSX","description":""}],"type":"string","additionalProperties":false,"enum":["JPEG","JPG","GIF","PDF","PNG","TIFF","TIF","BMP","DOC","TXT","DOCX","PPT","XLS","XLSX"]},"FileExtension1":{"title":"FileExtension1","description":"Document type","example":"JPEG","x-enum-elements":[{"name":"JPEG","description":""},{"name":"JPG","description":""},{"name":"GIF","description":""},{"name":"PDF","description":""},{"name":"PNG","description":""},{"name":"TIFF","description":""},{"name":"TIF","description":""},{"name":"BMP","description":""},{"name":"DOC","description":""},{"name":"TXT","description":""},{"name":"DOCX","description":""},{"name":"PPT","description":""},{"name":"XLS","description":""},{"name":"XLSX","description":""}],"type":"string","additionalProperties":false,"enum":["JPEG","JPG","GIF","PDF","PNG","TIFF","TIF","BMP","DOC","TXT","DOCX","PPT","XLS","XLSX"]}},"AuthRoot":{"api_key":{"title":"Custom Header Signature","description":"Set authorization parameters for api_key","type":"object","additionalProperties":false,"properties":{"Authorization":{"description":"``` License format is WORLDPAY license='xxxx'```","type":"string","format":"password"}},"required":["Authorization"]}}},"PublishedPackage":{"Provider":null,"Name":null,"Version":null,"Link":null,"SourceLink":null,"InstallCommand":null,"InstallHeadingLink":null},"AuthHttpCallTemplate":null,"ApiAuthentication":null,"PartialTemplates":{},"KnownLinkPrefixes":["page"],"Version":"1.0.0","Title":"Getting Started with Launchpad Documents API","Sections":[{"Title":"Getting Started","Nodes":[{"Title":"How to Get Started","Nodes":[{"Title":"Introduction","Nodes":[{"Text":"The Documents API permits Worldpay partners to manage boarding documents. Please see the Getting Started page for more information. </br> </br> <b>NOTE: This can only be used in conjuction with Merchant Boarding API.</b>\n</br> </br> To contact our certifications team, please email <a href=\"mailto:Certification2@fisglobal.com\">Certification2@fisglobal.com</a>.   </br> To contact the product team, please email <a href=\"mailto:APICustomerIntegration@fisglobal.com\">APICustomerIntegration@fisglobal.com</a>.\n\n","Type":"paragraph"},{"Title":"Authentication","Nodes":[{"Text":"<SecurityDefinitions />\n","Type":"paragraph"}],"PlaceholderId":null,"SuggestedLinkText":"Authentication","SuggestedLink":"$h/Getting%20Started/__getting_started/__intro/Authentication","SuggestedLinkLevel":4,"LinkLabel":null,"HideFromNavigation":false,"Type":"section"},{"Title":"Base URI","Nodes":[{"Text":"The API uses the following base URI:","Type":"paragraph"},{"Text":"https://apis.cert.worldpay.com/merchant-boarding/v1","Language":"bash","Type":"codeblock"}],"PlaceholderId":null,"SuggestedLinkText":"Base URI","SuggestedLink":"$h/Getting%20Started/__getting_started/__intro/Base%20URI","SuggestedLinkLevel":4,"LinkLabel":null,"HideFromNavigation":false,"Type":"section"}],"PlaceholderId":"__intro","SuggestedLinkText":"Introduction","SuggestedLink":"$h/__intro","SuggestedLinkLevel":3,"LinkLabel":null,"HideFromNavigation":true,"Type":"section"},{"Title":"Environments","Nodes":[],"PlaceholderId":"__enviroments","SuggestedLinkText":"Environments","SuggestedLink":"$h/__enviroments","SuggestedLinkLevel":3,"LinkLabel":null,"HideFromNavigation":true,"Type":"section"},{"Title":"Authorization","Nodes":[{"Text":"This API uses the following authentication schemes.\n* [`api_key (Custom Header Signature)`]($h/__auth_CustomHeaderAuthentication)","Type":"paragraph"},{"Title":"api_key (Custom Header Signature)","Nodes":[{"Steps":[{"Nodes":[{"Text":"This API uses the following header parameters for authentication.","Type":"paragraph"},{"Header":{"Data":["Header","Default","Description"],"Type":"tablerow"},"Rows":[{"Data":["Authorization","*None*","``` License format is WORLDPAY license='xxxx'```"],"Type":"tablerow"}],"Type":"table"},{"Text":"The request looks like this:","Type":"paragraph"},{"Text":"curl https://apis.cert.worldpay.com/merchant-boarding/v1 \\\n  -H 'Authorization: {AUTHORIZATION}'","Language":"bash","Type":"codeblock"},{"Text":"GET / HTTP/1.1\nHost: {HOST}\nAuthorization: {AUTHORIZATION}","Language":"http","Type":"codeblock"}],"SuggestedLinkLevel":5,"Title":null,"Type":"step"}],"Type":"steppedguide"}],"PlaceholderId":"__auth_CustomHeaderAuthentication","SuggestedLinkText":"api_key (Custom Header Signature)","SuggestedLink":"$h/__auth_CustomHeaderAuthentication","SuggestedLinkLevel":4,"LinkLabel":null,"HideFromNavigation":true,"Type":"section"}],"PlaceholderId":"__authorize","SuggestedLinkText":"Authorization","SuggestedLink":"$h/__authorize","SuggestedLinkLevel":3,"LinkLabel":null,"HideFromNavigation":true,"Type":"section"}],"PlaceholderId":"__getting_started","SuggestedLinkText":"How to Get Started","SuggestedLink":"$h/__getting_started","SuggestedLinkLevel":2,"LinkLabel":null,"HideFromNavigation":false,"Type":"section"},{"Title":"Authentication","Nodes":[{"Text":"Learn how to use API authentication.\n\n","Type":"paragraph"}],"PlaceholderId":null,"SuggestedLinkText":"Authentication","SuggestedLink":"page:introduction/authentication","SuggestedLinkLevel":2,"LinkLabel":null,"HideFromNavigation":false,"Type":"section"},{"Title":"About the API","Nodes":[{"Title":"Tips and Best Practices","Nodes":[{"Text":"These are the tips.\n\n","Type":"paragraph"}],"PlaceholderId":null,"SuggestedLinkText":"Tips and Best Practices","SuggestedLink":"page:introduction/about-the-api/tips","SuggestedLinkLevel":3,"LinkLabel":null,"HideFromNavigation":false,"Type":"section"},{"Title":"Data Types","Nodes":[{"Text":"These are the data types.\n\n","Type":"paragraph"}],"PlaceholderId":null,"SuggestedLinkText":"Data Types","SuggestedLink":"page:introduction/about-the-api/data-types","SuggestedLinkLevel":3,"LinkLabel":null,"HideFromNavigation":false,"Type":"section"}],"PlaceholderId":null,"SuggestedLinkText":"About the API","SuggestedLink":"page:introduction/about-the-api","SuggestedLinkLevel":2,"LinkLabel":null,"HideFromNavigation":false,"Type":"section"}],"PlaceholderId":null,"SuggestedLinkText":"Getting Started","SuggestedLink":"$h/Getting%20Started","SuggestedLinkLevel":1,"LinkLabel":null,"HideFromNavigation":false,"Type":"section"},{"Title":"API Workflows Walkthroughs","Nodes":[{"Title":"This is a Guided Walkthrough File","Nodes":[{"Text":"This is the starter content\n\n","Type":"paragraph"}],"PlaceholderId":null,"SuggestedLinkText":"API Workflow 1","SuggestedLink":"page:walkthroughs/awf-1/walkthrough-1","SuggestedLinkLevel":2,"LinkLabel":null,"HideFromNavigation":false,"Type":"section"},{"Title":"This is a Guided Walkthrough File","Nodes":[{"Text":"This is the starter content\n\n","Type":"paragraph"}],"PlaceholderId":null,"SuggestedLinkText":"API Workflow 2","SuggestedLink":"page:walkthroughs/awf-2/walkthrough-1","SuggestedLinkLevel":2,"LinkLabel":null,"HideFromNavigation":false,"Type":"section"},{"Title":"This is a Guided Walkthrough File","Nodes":[{"Text":"This is the starter content\n\n","Type":"paragraph"}],"PlaceholderId":null,"SuggestedLinkText":"API Workflow 3","SuggestedLink":"page:walkthroughs/awf-3/walkthrough-1","SuggestedLinkLevel":2,"LinkLabel":null,"HideFromNavigation":false,"Type":"section"}],"PlaceholderId":null,"SuggestedLinkText":"API Workflows Walkthroughs","SuggestedLink":"$h/API%20Workflows%20Walkthroughs","SuggestedLinkLevel":1,"LinkLabel":null,"HideFromNavigation":false,"Type":"section"},{"Title":"API Reference","Nodes":[{"Title":"API Reference","Nodes":[{"Title":"List of APIs","Nodes":[{"Text":"* [Manage Documents]($e/Manage%20Documents)","Type":"paragraph"}],"PlaceholderId":null,"SuggestedLinkText":"List of APIs","SuggestedLink":"$h/__list_of_apis","SuggestedLinkLevel":3,"LinkLabel":null,"HideFromNavigation":false,"Type":"section"},{"Title":"Manage Documents","Nodes":[{"Title":"Overview","Nodes":[{"Text":"Resources to store and retrieve contract-specific documents.","Type":"paragraph"}],"PlaceholderId":null,"SuggestedLinkText":"Overview","SuggestedLink":"$h/API%20Reference/__api_reference/Manage%20Documents/Overview","SuggestedLinkLevel":4,"LinkLabel":"endpoint-group-overview","HideFromNavigation":false,"Type":"section"},{"Title":"Get Document","Nodes":[{"Title":"Get Document","Name":"GetDocument","Description":"Returns document-specific contents tied to the given External Reference ID.\n\r\n","ReturnType":"Document","ReturnTypeLink":"$m/Document","ResponseText":"","ReturnTypeExample":null,"AuthDescription":"This endpoint requires [api_key]($h/__auth_CustomHeaderAuthentication)","RequiredAuths":[["api_key"]],"AuthModelSchema":{"title":"api_key","type":"object","properties":{"api_key":{"$ref":"ModelSchemas#/AuthRoot/api_key"}},"required":["api_key"]},"MethodSignature":{"Text":"GET /documents","Language":"http","Type":"codeblock"},"Parameters":[{"Name":"externalRefId","GenericName":"externalRefId","DataType":"UUID","Description":"The externalRefId returned from POST /applications call.","Required":true,"LinkTo":"","Constant":false,"ParamType":"Header","DataTypeMarkdown":null,"ContainerName":null,"ContainerKind":null,"Discriminator":null,"ReadOnly":false,"WriteOnly":false,"ContainerTypes":null,"TypeCombinatorTypes":null,"Getter":null,"Setter":null,"Type":"paraminfo"},{"Name":"documentId","GenericName":"documentId","DataType":"String","Description":"A unique document ID returned from the Store Documents POST call.","Required":true,"LinkTo":"","Constant":false,"ParamType":"Header","DataTypeMarkdown":null,"ContainerName":null,"ContainerKind":null,"Discriminator":null,"ReadOnly":false,"WriteOnly":false,"ContainerTypes":null,"TypeCombinatorTypes":null,"Getter":null,"Setter":null,"Type":"paraminfo"},{"Name":"v-correlation-id","GenericName":"v-correlation-id","DataType":"UUID","Description":"Unique transaction Id. Will be generated if not provided and returned in response headers.","Required":false,"LinkTo":"","Constant":false,"ParamType":"Header","DataTypeMarkdown":null,"ContainerName":null,"ContainerKind":null,"Discriminator":null,"ReadOnly":false,"WriteOnly":false,"ContainerTypes":null,"TypeCombinatorTypes":null,"Getter":null,"Setter":null,"Type":"paraminfo"}],"RequiredAuthScopes":{},"Errors":[{"Name":"ErrorResponse_ErrorException","StatusCode":"Default","Description":"Default errors","LinkTo":"$m/ErrorResponse_Error","Type":"errorinfo"}],"StaticUsageExample":null,"UsageExample":{"EndpointGroupName":"Manage Documents","EndpointName":"GetDocument","Index":0,"CallModel":{"additionalQueryParams":null,"additionalFieldParams":null,"args":{"externalRefId":"3fcb1437-4e52-4946-9ae1-e618351b6d16","documentId":"documentId8","v-correlation-id":"3fcb1437-4e52-4946-9ae1-e618351b6d16"}},"CallModelSchema":{"title":"Endpoint Arguments","type":"object","additionalProperties":false,"properties":{"args":{"id":"endpoint_7C26ABBCDB1F9","title":"endpoint_7C26ABBCDB1F9","type":"object","properties":{"externalRefId":{"description":"The externalRefId returned from POST /applications call.","example":"3fcb1437-4e52-4946-9ae1-e618351b6d16","type":"string","format":"uuid"},"documentId":{"description":"A unique document ID returned from the Store Documents POST call.","type":"string"},"v-correlation-id":{"description":"Unique transaction Id. Will be generated if not provided and returned in response headers.","example":"3fcb1437-4e52-4946-9ae1-e618351b6d16","type":"string","format":"uuid"}},"required":["externalRefId","documentId"]}},"required":["args"]},"HttpCallTemplate":"{\"method\":\"GET\",\"url\":\"https://apis.cert.worldpay.com/merchant-boarding/v1/documents{% capture inline_query_capture_876234 %}{% endcapture %}{% if inline_query_capture_876234.size > 0 %}?{% endif %}{{ inline_query_capture_876234 | remove_first:'&' }}\",\"headers\":{% capture header_capture_9023987234 %},\"Accept\":\"application/json\",\"externalRefId\":{{ call[\"args\"][\"externalRefId\"] | unwrap | json: false }},\"documentId\":{{ call[\"args\"][\"documentId\"] | json: false }}{% if call[\"args\"][\"v-correlation-id\"] != nil %},\"v-correlation-id\":{{ call[\"args\"][\"v-correlation-id\"] | unwrap | json: false }}{% endif %}{% if auth[\"api_key\"][\"Authorization\"] != nil %},\"Authorization\":{{ auth[\"api_key\"][\"Authorization\"] | json: false }}{% endif %}{% endcapture %}{{ '{' }}{{ header_capture_9023987234 | remove_first:',' }}},\"body\":{{ '{' }}\"type\":\"none\"}}","Templates":{"HTTP_CURL_V1":"curl -X GET \\\n  --url 'https://apis.cert.worldpay.com/merchant-boarding/v1/documents'  \\\n  -H 'Accept: application/json' \\\n  -H 'externalRefId: {{ call[\"args\"][\"externalRefId\"] | unwrap | json | replace: \"'\", \"'\\\\''\" | replace: \"\\n\", \"\\\\\\\\n\" | replace: \"\\r\", \"\\\\\\\\r\" }}' \\\n  -H 'documentId: {{ call[\"args\"][\"documentId\"] | replace: \"'\", \"'\\\\''\" | replace: \"\\n\", \"\\\\\\\\n\" | replace: \"\\r\", \"\\\\\\\\r\" }}'{% if call[\"args\"][\"v-correlation-id\"] != nil %} \\\n  -H 'v-correlation-id: {{ call[\"args\"][\"v-correlation-id\"] | unwrap | json | replace: \"'\", \"'\\\\''\" | replace: \"\\n\", \"\\\\\\\\n\" | replace: \"\\r\", \"\\\\\\\\r\" }}'{% endif %}{% if auth[\"api_key\"][\"Authorization\"] != nil %} \\\n  -H 'Authorization: {{ auth[\"api_key\"][\"Authorization\"] }}'{% endif %}"},"Globals":{},"Type":"compilablecodeblock"},"Response":[{"StatusCode":"200","Name":"response200","Description":"success","Headers":[{"Name":"v-correlation-id","DataType":"UUID","Description":"Unique transaction Id. Will be generated if not provided and returned in response headers.","Required":true,"LinkTo":"","Constant":false,"Example":"3fcb1437-4e52-4946-9ae1-e618351b6d16","Type":"responseheaderinfo"}],"Content":[{"ContentType":"application/json","DataType":"Document","LinkTo":"$m/Document","Example":null,"Examples":null,"Type":"responsecontentinfo"}],"Type":"responseinfo"},{"StatusCode":"0","Name":"response0","Description":"Default errors","Headers":[],"Content":[{"ContentType":"application/json","DataType":"Error Response","LinkTo":"$m/ErrorResponse","Example":{"Text":"{\r\n  \"httpStatusCode\": 400,\r\n  \"httpStatusMessage\": \"BAD_REQUEST\",\r\n  \"errors\": [\r\n    {\r\n      \"errorCode\": \"PARAMETER_VALIDATION_ERROR\",\r\n      \"errorMessage\": \"PartnerId is missing in header.\",\r\n      \"target\": \"partnerId\"\r\n    }\r\n  ]\r\n}","Language":"json","Type":"codeblock"},"Examples":[{"Id":"400 Bad Request","Name":"400 Bad Request","Description":"Bad Request","ExternalValue":null,"Text":"{\r\n  \"httpStatusCode\": 400,\r\n  \"httpStatusMessage\": \"BAD_REQUEST\",\r\n  \"errors\": [\r\n    {\r\n      \"errorCode\": \"PARAMETER_VALIDATION_ERROR\",\r\n      \"errorMessage\": \"PartnerId is missing in header.\",\r\n      \"target\": \"partnerId\"\r\n    }\r\n  ]\r\n}","Language":"json","Type":"examplecodeblock"},{"Id":"401 Unauthorized","Name":"401 Unauthorized","Description":null,"ExternalValue":null,"Text":"{\r\n  \"httpStatusCode\": 401,\r\n  \"httpStatusMessage\": \"Invalid API Key\",\r\n  \"errors\": [\r\n    {\r\n      \"errorCode\": \"INVALID_API_KEY\",\r\n      \"errorMessage\": \"Invalid API key. Please ensure the key is accurate and authorization is included.\",\r\n      \"target\": \"Authorization\"\r\n    }\r\n  ]\r\n}","Language":"json","Type":"examplecodeblock"},{"Id":"403 Forbidden","Name":"403 Forbidden","Description":null,"ExternalValue":null,"Text":"{\r\n  \"httpStatusCode\": 403,\r\n  \"httpStatusMessage\": \"AUTH-ERROR\",\r\n  \"errors\": [\r\n    {\r\n      \"errorCode\": \"AUTH_ERROR\",\r\n      \"errorMessage\": \"Invalid Authorization header. Please ensure the license token is valid and properly formatted.\",\r\n      \"target\": \"Authorization\"\r\n    }\r\n  ]\r\n}","Language":"json","Type":"examplecodeblock"},{"Id":"404 Not Found","Name":"404 Not Found","Description":null,"ExternalValue":null,"Text":"{\r\n  \"httpStatusCode\": 404,\r\n  \"httpStatusMessage\": \"STATUS-MESSAGE\",\r\n  \"errors\": [\r\n    {\r\n      \"errorCode\": \"ERROR_CODE\",\r\n      \"errorMessage\": \"Error message here.\",\r\n      \"target\": \"Target\"\r\n    }\r\n  ]\r\n}","Language":"json","Type":"examplecodeblock"},{"Id":"412 Pre Condition","Name":"412 Pre Condition","Description":null,"ExternalValue":null,"Text":"{\r\n  \"httpStatusCode\": 412,\r\n  \"httpStatusMessage\": \"PRECONDITION_FAILED\",\r\n  \"errors\": [\r\n    {\r\n      \"errorCode\": \"ERROR_VALIDATION_REQUEST_PARAM\",\r\n      \"errorMessage\": \"JSONMappingException: Cannot deserialize.\",\r\n      \"target\": \"Bad Contract Request\"\r\n    }\r\n  ]\r\n}","Language":"json","Type":"examplecodeblock"},{"Id":"415 Bad content Type","Name":"415 Bad content Type","Description":null,"ExternalValue":null,"Text":"{\r\n  \"httpStatusCode\": 415,\r\n  \"httpStatusMessage\": \"Bad-Content-Type\",\r\n  \"errors\": [\r\n    {\r\n      \"errorCode\": \"BAD_CONTENT_TYPE\",\r\n      \"errorMessage\": \"text/xml is not supported.\",\r\n      \"target\": \"Bad Content Type\"\r\n    }\r\n  ]\r\n}","Language":"json","Type":"examplecodeblock"},{"Id":"500 Server Error","Name":"500 Server Error","Description":null,"ExternalValue":null,"Text":"{\r\n  \"httpStatusCode\": 500,\r\n  \"httpStatusMessage\": \"env:Client\",\r\n  \"errors\": [\r\n    {\r\n      \"errorCode\": \"Internal Error\",\r\n      \"errorMessage\": \"Internal Client Error\",\r\n      \"target\": \"exampleTarget\"\r\n    }\r\n  ]\r\n}","Language":"json","Type":"examplecodeblock"}],"Type":"responsecontentinfo"}],"Type":"responseinfo"}],"ServerName":null,"Id":null,"Type":"endpointreference"}],"PlaceholderId":null,"SuggestedLinkText":"Get Document","SuggestedLink":"$e/Manage%20Documents/GetDocument","SuggestedLinkLevel":4,"LinkLabel":"http-get","HideFromNavigation":false,"Type":"section"},{"Title":"Store Document","Nodes":[{"Title":"Store Document","Name":"StoreDocument","Description":"This is an optional step that allows merchants to submit any additional documents to help with the underwriting process, such as passports and driver's licenses. In the PII collection flow, use this endpoint to store and submit the signed contract.\n\r\n","ReturnType":"Document Response","ReturnTypeLink":"$m/DocumentResponse","ResponseText":"","ReturnTypeExample":null,"AuthDescription":"This endpoint requires [api_key]($h/__auth_CustomHeaderAuthentication)","RequiredAuths":[["api_key"]],"AuthModelSchema":{"title":"api_key","type":"object","properties":{"api_key":{"$ref":"ModelSchemas#/AuthRoot/api_key"}},"required":["api_key"]},"MethodSignature":{"Text":"POST /documents","Language":"http","Type":"codeblock"},"Parameters":[{"Name":"externalRefId","GenericName":"externalRefId","DataType":"UUID","Description":"The externalRefId returned from POST /applications call.","Required":true,"LinkTo":"","Constant":false,"ParamType":"Header","DataTypeMarkdown":null,"ContainerName":null,"ContainerKind":null,"Discriminator":null,"ReadOnly":false,"WriteOnly":false,"ContainerTypes":null,"TypeCombinatorTypes":null,"Getter":null,"Setter":null,"Type":"paraminfo"},{"Name":"body","GenericName":"body","DataType":"Document Request","Description":"-","Required":true,"LinkTo":"$m/DocumentRequest","Constant":false,"ParamType":"Body","DataTypeMarkdown":null,"ContainerName":null,"ContainerKind":null,"Discriminator":null,"ReadOnly":false,"WriteOnly":false,"ContainerTypes":null,"TypeCombinatorTypes":null,"Getter":null,"Setter":null,"Type":"paraminfo"},{"Name":"content-Type","GenericName":"content-Type","DataType":"Content-Type","Description":"Indicates the media type of the request-body. Accepts application/json.<br>**Default**: `application/json`","Required":false,"LinkTo":"$m/content-Type","Constant":false,"ParamType":"Header","DataTypeMarkdown":null,"ContainerName":null,"ContainerKind":null,"Discriminator":null,"ReadOnly":false,"WriteOnly":false,"ContainerTypes":null,"TypeCombinatorTypes":null,"Getter":null,"Setter":null,"Type":"paraminfo"},{"Name":"v-correlation-id","GenericName":"v-correlation-id","DataType":"UUID","Description":"Unique transaction Id. Will be generated if not provided and returned in response headers.","Required":false,"LinkTo":"","Constant":false,"ParamType":"Header","DataTypeMarkdown":null,"ContainerName":null,"ContainerKind":null,"Discriminator":null,"ReadOnly":false,"WriteOnly":false,"ContainerTypes":null,"TypeCombinatorTypes":null,"Getter":null,"Setter":null,"Type":"paraminfo"}],"RequiredAuthScopes":{},"Errors":[{"Name":"ErrorResponse_ErrorException","StatusCode":"Default","Description":"Default errors","LinkTo":"$m/ErrorResponse_Error","Type":"errorinfo"}],"StaticUsageExample":null,"UsageExample":{"EndpointGroupName":"Manage Documents","EndpointName":"StoreDocument","Index":1,"CallModel":{"additionalQueryParams":null,"additionalFieldParams":null,"args":{"externalRefId":"3fcb1437-4e52-4946-9ae1-e618351b6d16","body":{},"content-Type":"application/json","v-correlation-id":"3fcb1437-4e52-4946-9ae1-e618351b6d16"}},"CallModelSchema":{"title":"Endpoint Arguments","type":"object","additionalProperties":false,"properties":{"args":{"id":"endpoint_7C26ABBCDB1F9","title":"endpoint_7C26ABBCDB1F9","type":"object","properties":{"externalRefId":{"description":"The externalRefId returned from POST /applications call.","example":"3fcb1437-4e52-4946-9ae1-e618351b6d16","type":"string","format":"uuid"},"body":{"$ref":"ModelSchemas#/Root/DocumentRequest"},"content-Type":{"$ref":"ModelSchemas#/Root/content-Type"},"v-correlation-id":{"description":"Unique transaction Id. Will be generated if not provided and returned in response headers.","example":"3fcb1437-4e52-4946-9ae1-e618351b6d16","type":"string","format":"uuid"}},"required":["externalRefId","body"]}},"required":["args"]},"HttpCallTemplate":"{\"method\":\"POST\",\"url\":\"https://apis.cert.worldpay.com/merchant-boarding/v1/documents{% capture inline_query_capture_876234 %}{% endcapture %}{% if inline_query_capture_876234.size > 0 %}?{% endif %}{{ inline_query_capture_876234 | remove_first:'&' }}\",\"headers\":{% capture header_capture_9023987234 %},\"Accept\":\"application/json\",\"externalRefId\":{{ call[\"args\"][\"externalRefId\"] | unwrap | json: false }}{% if call[\"args\"][\"content-Type\"] != nil %},\"content-Type\":{{ call[\"args\"][\"content-Type\"] | json: false }}{% endif %}{% if call[\"args\"][\"v-correlation-id\"] != nil %},\"v-correlation-id\":{{ call[\"args\"][\"v-correlation-id\"] | unwrap | json: false }}{% endif %}{% if auth[\"api_key\"][\"Authorization\"] != nil %},\"Authorization\":{{ auth[\"api_key\"][\"Authorization\"] | json: false }}{% endif %}{% endcapture %}{{ '{' }}{{ header_capture_9023987234 | remove_first:',' }}},\"body\":{{ '{' }}\"type\":\"json\",\"data\":{% if call[\"args\"][\"body\"] != nil %}{{ call[\"args\"][\"body\"] | json: false }}{% else %}null{% endif %}}}","Templates":{"HTTP_CURL_V1":"curl -X POST \\\n  --url 'https://apis.cert.worldpay.com/merchant-boarding/v1/documents'  \\\n  -H 'Accept: application/json' \\\n  -H 'externalRefId: {{ call[\"args\"][\"externalRefId\"] | unwrap | json | replace: \"'\", \"'\\\\''\" | replace: \"\\n\", \"\\\\\\\\n\" | replace: \"\\r\", \"\\\\\\\\r\" }}'{% if call[\"args\"][\"content-Type\"] != nil %} \\\n  -H 'content-Type: {{ call[\"args\"][\"content-Type\"] | replace: \"'\", \"'\\\\''\" | replace: \"\\n\", \"\\\\\\\\n\" | replace: \"\\r\", \"\\\\\\\\r\" }}'{% endif %}{% if call[\"args\"][\"v-correlation-id\"] != nil %} \\\n  -H 'v-correlation-id: {{ call[\"args\"][\"v-correlation-id\"] | unwrap | json | replace: \"'\", \"'\\\\''\" | replace: \"\\n\", \"\\\\\\\\n\" | replace: \"\\r\", \"\\\\\\\\r\" }}'{% endif %}{% if auth[\"api_key\"][\"Authorization\"] != nil %} \\\n  -H 'Authorization: {{ auth[\"api_key\"][\"Authorization\"] }}'{% endif %}{% if call[\"args\"][\"body\"] != nil %} \\\n  --data-raw '{{ call[\"args\"][\"body\"] | json: true | replace: \"'\", \"'\\\\''\" }}'{% endif %}"},"Globals":{},"Type":"compilablecodeblock"},"Response":[{"StatusCode":"200","Name":"response200","Description":"Success","Headers":[{"Name":"v-correlation-id","DataType":"UUID","Description":"Unique transaction Id. Will be generated if not provided and returned in response headers.","Required":true,"LinkTo":"","Constant":false,"Example":"3fcb1437-4e52-4946-9ae1-e618351b6d16","Type":"responseheaderinfo"}],"Content":[{"ContentType":"application/json","DataType":"Document Response","LinkTo":"$m/DocumentResponse","Example":null,"Examples":null,"Type":"responsecontentinfo"}],"Type":"responseinfo"},{"StatusCode":"0","Name":"response0","Description":"Default errors","Headers":[],"Content":[{"ContentType":"application/json","DataType":"Error Response","LinkTo":"$m/ErrorResponse","Example":{"Text":"{\r\n  \"httpStatusCode\": 400,\r\n  \"httpStatusMessage\": \"BAD_REQUEST\",\r\n  \"errors\": [\r\n    {\r\n      \"errorCode\": \"PARAMETER_VALIDATION_ERROR\",\r\n      \"errorMessage\": \"PartnerId is missing in header.\",\r\n      \"target\": \"partnerId\"\r\n    }\r\n  ]\r\n}","Language":"json","Type":"codeblock"},"Examples":[{"Id":"400 Bad Request","Name":"400 Bad Request","Description":"Bad Request","ExternalValue":null,"Text":"{\r\n  \"httpStatusCode\": 400,\r\n  \"httpStatusMessage\": \"BAD_REQUEST\",\r\n  \"errors\": [\r\n    {\r\n      \"errorCode\": \"PARAMETER_VALIDATION_ERROR\",\r\n      \"errorMessage\": \"PartnerId is missing in header.\",\r\n      \"target\": \"partnerId\"\r\n    }\r\n  ]\r\n}","Language":"json","Type":"examplecodeblock"},{"Id":"401 Unauthorized","Name":"401 Unauthorized","Description":null,"ExternalValue":null,"Text":"{\r\n  \"httpStatusCode\": 401,\r\n  \"httpStatusMessage\": \"Invalid API Key\",\r\n  \"errors\": [\r\n    {\r\n      \"errorCode\": \"INVALID_API_KEY\",\r\n      \"errorMessage\": \"Invalid API key. Please ensure the key is accurate and authorization is included.\",\r\n      \"target\": \"Authorization\"\r\n    }\r\n  ]\r\n}","Language":"json","Type":"examplecodeblock"},{"Id":"403 Forbidden","Name":"403 Forbidden","Description":null,"ExternalValue":null,"Text":"{\r\n  \"httpStatusCode\": 403,\r\n  \"httpStatusMessage\": \"AUTH-ERROR\",\r\n  \"errors\": [\r\n    {\r\n      \"errorCode\": \"AUTH_ERROR\",\r\n      \"errorMessage\": \"Invalid Authorization header. Please ensure the license token is valid and properly formatted.\",\r\n      \"target\": \"Authorization\"\r\n    }\r\n  ]\r\n}","Language":"json","Type":"examplecodeblock"},{"Id":"404 Not Found","Name":"404 Not Found","Description":null,"ExternalValue":null,"Text":"{\r\n  \"httpStatusCode\": 404,\r\n  \"httpStatusMessage\": \"STATUS-MESSAGE\",\r\n  \"errors\": [\r\n    {\r\n      \"errorCode\": \"ERROR_CODE\",\r\n      \"errorMessage\": \"Error message here.\",\r\n      \"target\": \"Target\"\r\n    }\r\n  ]\r\n}","Language":"json","Type":"examplecodeblock"},{"Id":"412 Pre Condition","Name":"412 Pre Condition","Description":null,"ExternalValue":null,"Text":"{\r\n  \"httpStatusCode\": 412,\r\n  \"httpStatusMessage\": \"PRECONDITION_FAILED\",\r\n  \"errors\": [\r\n    {\r\n      \"errorCode\": \"ERROR_VALIDATION_REQUEST_PARAM\",\r\n      \"errorMessage\": \"JSONMappingException: Cannot deserialize.\",\r\n      \"target\": \"Bad Contract Request\"\r\n    }\r\n  ]\r\n}","Language":"json","Type":"examplecodeblock"},{"Id":"415 Bad content Type","Name":"415 Bad content Type","Description":null,"ExternalValue":null,"Text":"{\r\n  \"httpStatusCode\": 415,\r\n  \"httpStatusMessage\": \"Bad-Content-Type\",\r\n  \"errors\": [\r\n    {\r\n      \"errorCode\": \"BAD_CONTENT_TYPE\",\r\n      \"errorMessage\": \"text/xml is not supported.\",\r\n      \"target\": \"Bad Content Type\"\r\n    }\r\n  ]\r\n}","Language":"json","Type":"examplecodeblock"},{"Id":"500 Server Error","Name":"500 Server Error","Description":null,"ExternalValue":null,"Text":"{\r\n  \"httpStatusCode\": 500,\r\n  \"httpStatusMessage\": \"env:Client\",\r\n  \"errors\": [\r\n    {\r\n      \"errorCode\": \"Internal Error\",\r\n      \"errorMessage\": \"Internal Client Error\",\r\n      \"target\": \"exampleTarget\"\r\n    }\r\n  ]\r\n}","Language":"json","Type":"examplecodeblock"}],"Type":"responsecontentinfo"}],"Type":"responseinfo"}],"ServerName":null,"Id":null,"Type":"endpointreference"}],"PlaceholderId":null,"SuggestedLinkText":"Store Document","SuggestedLink":"$e/Manage%20Documents/StoreDocument","SuggestedLinkLevel":4,"LinkLabel":"http-post","HideFromNavigation":false,"Type":"section"},{"Title":"Get Document Metadata","Nodes":[{"Title":"Get Document Metadata","Name":"GetDocumentMetadata","Description":"Returns a list of documents tied to the given external reference ID.\n\r\n","ReturnType":"Document List Response","ReturnTypeLink":"$m/DocumentListResponse","ResponseText":"","ReturnTypeExample":null,"AuthDescription":"This endpoint requires [api_key]($h/__auth_CustomHeaderAuthentication)","RequiredAuths":[["api_key"]],"AuthModelSchema":{"title":"api_key","type":"object","properties":{"api_key":{"$ref":"ModelSchemas#/AuthRoot/api_key"}},"required":["api_key"]},"MethodSignature":{"Text":"GET /documents/List","Language":"http","Type":"codeblock"},"Parameters":[{"Name":"externalRefId","GenericName":"externalRefId","DataType":"UUID","Description":"The externalRefId returned from POST /applications call.","Required":true,"LinkTo":"","Constant":false,"ParamType":"Header","DataTypeMarkdown":null,"ContainerName":null,"ContainerKind":null,"Discriminator":null,"ReadOnly":false,"WriteOnly":false,"ContainerTypes":null,"TypeCombinatorTypes":null,"Getter":null,"Setter":null,"Type":"paraminfo"},{"Name":"v-correlation-id","GenericName":"v-correlation-id","DataType":"UUID","Description":"Unique transaction Id. Will be generated if not provided and returned in response headers.","Required":false,"LinkTo":"","Constant":false,"ParamType":"Header","DataTypeMarkdown":null,"ContainerName":null,"ContainerKind":null,"Discriminator":null,"ReadOnly":false,"WriteOnly":false,"ContainerTypes":null,"TypeCombinatorTypes":null,"Getter":null,"Setter":null,"Type":"paraminfo"}],"RequiredAuthScopes":{},"Errors":[{"Name":"ErrorResponse_ErrorException","StatusCode":"Default","Description":"Default errors","LinkTo":"$m/ErrorResponse_Error","Type":"errorinfo"}],"StaticUsageExample":null,"UsageExample":{"EndpointGroupName":"Manage Documents","EndpointName":"GetDocumentMetadata","Index":2,"CallModel":{"additionalQueryParams":null,"additionalFieldParams":null,"args":{"externalRefId":"3fcb1437-4e52-4946-9ae1-e618351b6d16","v-correlation-id":"3fcb1437-4e52-4946-9ae1-e618351b6d16"}},"CallModelSchema":{"title":"Endpoint Arguments","type":"object","additionalProperties":false,"properties":{"args":{"id":"endpoint_7C26ABBCDB1F9","title":"endpoint_7C26ABBCDB1F9","type":"object","properties":{"externalRefId":{"description":"The externalRefId returned from POST /applications call.","example":"3fcb1437-4e52-4946-9ae1-e618351b6d16","type":"string","format":"uuid"},"v-correlation-id":{"description":"Unique transaction Id. Will be generated if not provided and returned in response headers.","example":"3fcb1437-4e52-4946-9ae1-e618351b6d16","type":"string","format":"uuid"}},"required":["externalRefId"]}},"required":["args"]},"HttpCallTemplate":"{\"method\":\"GET\",\"url\":\"https://apis.cert.worldpay.com/merchant-boarding/v1/documents/List{% capture inline_query_capture_876234 %}{% endcapture %}{% if inline_query_capture_876234.size > 0 %}?{% endif %}{{ inline_query_capture_876234 | remove_first:'&' }}\",\"headers\":{% capture header_capture_9023987234 %},\"Accept\":\"application/json\",\"externalRefId\":{{ call[\"args\"][\"externalRefId\"] | unwrap | json: false }}{% if call[\"args\"][\"v-correlation-id\"] != nil %},\"v-correlation-id\":{{ call[\"args\"][\"v-correlation-id\"] | unwrap | json: false }}{% endif %}{% if auth[\"api_key\"][\"Authorization\"] != nil %},\"Authorization\":{{ auth[\"api_key\"][\"Authorization\"] | json: false }}{% endif %}{% endcapture %}{{ '{' }}{{ header_capture_9023987234 | remove_first:',' }}},\"body\":{{ '{' }}\"type\":\"none\"}}","Templates":{"HTTP_CURL_V1":"curl -X GET \\\n  --url 'https://apis.cert.worldpay.com/merchant-boarding/v1/documents/List'  \\\n  -H 'Accept: application/json' \\\n  -H 'externalRefId: {{ call[\"args\"][\"externalRefId\"] | unwrap | json | replace: \"'\", \"'\\\\''\" | replace: \"\\n\", \"\\\\\\\\n\" | replace: \"\\r\", \"\\\\\\\\r\" }}'{% if call[\"args\"][\"v-correlation-id\"] != nil %} \\\n  -H 'v-correlation-id: {{ call[\"args\"][\"v-correlation-id\"] | unwrap | json | replace: \"'\", \"'\\\\''\" | replace: \"\\n\", \"\\\\\\\\n\" | replace: \"\\r\", \"\\\\\\\\r\" }}'{% endif %}{% if auth[\"api_key\"][\"Authorization\"] != nil %} \\\n  -H 'Authorization: {{ auth[\"api_key\"][\"Authorization\"] }}'{% endif %}"},"Globals":{},"Type":"compilablecodeblock"},"Response":[{"StatusCode":"200","Name":"response200","Description":"Success","Headers":[{"Name":"v-correlation-id","DataType":"UUID","Description":"Unique transaction Id. Will be generated if not provided and returned in response headers.","Required":true,"LinkTo":"","Constant":false,"Example":"3fcb1437-4e52-4946-9ae1-e618351b6d16","Type":"responseheaderinfo"}],"Content":[{"ContentType":"application/json","DataType":"Document List Response","LinkTo":"$m/DocumentListResponse","Example":null,"Examples":null,"Type":"responsecontentinfo"}],"Type":"responseinfo"},{"StatusCode":"0","Name":"response0","Description":"Default errors","Headers":[],"Content":[{"ContentType":"application/json","DataType":"Error Response","LinkTo":"$m/ErrorResponse","Example":{"Text":"{\r\n  \"httpStatusCode\": 400,\r\n  \"httpStatusMessage\": \"BAD_REQUEST\",\r\n  \"errors\": [\r\n    {\r\n      \"errorCode\": \"PARAMETER_VALIDATION_ERROR\",\r\n      \"errorMessage\": \"PartnerId is missing in header.\",\r\n      \"target\": \"partnerId\"\r\n    }\r\n  ]\r\n}","Language":"json","Type":"codeblock"},"Examples":[{"Id":"400 Bad Request","Name":"400 Bad Request","Description":"Bad Request","ExternalValue":null,"Text":"{\r\n  \"httpStatusCode\": 400,\r\n  \"httpStatusMessage\": \"BAD_REQUEST\",\r\n  \"errors\": [\r\n    {\r\n      \"errorCode\": \"PARAMETER_VALIDATION_ERROR\",\r\n      \"errorMessage\": \"PartnerId is missing in header.\",\r\n      \"target\": \"partnerId\"\r\n    }\r\n  ]\r\n}","Language":"json","Type":"examplecodeblock"},{"Id":"401 Unauthorized","Name":"401 Unauthorized","Description":null,"ExternalValue":null,"Text":"{\r\n  \"httpStatusCode\": 401,\r\n  \"httpStatusMessage\": \"Invalid API Key\",\r\n  \"errors\": [\r\n    {\r\n      \"errorCode\": \"INVALID_API_KEY\",\r\n      \"errorMessage\": \"Invalid API key. Please ensure the key is accurate and authorization is included.\",\r\n      \"target\": \"Authorization\"\r\n    }\r\n  ]\r\n}","Language":"json","Type":"examplecodeblock"},{"Id":"403 Forbidden","Name":"403 Forbidden","Description":null,"ExternalValue":null,"Text":"{\r\n  \"httpStatusCode\": 403,\r\n  \"httpStatusMessage\": \"AUTH-ERROR\",\r\n  \"errors\": [\r\n    {\r\n      \"errorCode\": \"AUTH_ERROR\",\r\n      \"errorMessage\": \"Invalid Authorization header. Please ensure the license token is valid and properly formatted.\",\r\n      \"target\": \"Authorization\"\r\n    }\r\n  ]\r\n}","Language":"json","Type":"examplecodeblock"},{"Id":"404 Not Found","Name":"404 Not Found","Description":null,"ExternalValue":null,"Text":"{\r\n  \"httpStatusCode\": 404,\r\n  \"httpStatusMessage\": \"STATUS-MESSAGE\",\r\n  \"errors\": [\r\n    {\r\n      \"errorCode\": \"ERROR_CODE\",\r\n      \"errorMessage\": \"Error message here.\",\r\n      \"target\": \"Target\"\r\n    }\r\n  ]\r\n}","Language":"json","Type":"examplecodeblock"},{"Id":"412 Pre Condition","Name":"412 Pre Condition","Description":null,"ExternalValue":null,"Text":"{\r\n  \"httpStatusCode\": 412,\r\n  \"httpStatusMessage\": \"PRECONDITION_FAILED\",\r\n  \"errors\": [\r\n    {\r\n      \"errorCode\": \"ERROR_VALIDATION_REQUEST_PARAM\",\r\n      \"errorMessage\": \"JSONMappingException: Cannot deserialize.\",\r\n      \"target\": \"Bad Contract Request\"\r\n    }\r\n  ]\r\n}","Language":"json","Type":"examplecodeblock"},{"Id":"415 Bad content Type","Name":"415 Bad content Type","Description":null,"ExternalValue":null,"Text":"{\r\n  \"httpStatusCode\": 415,\r\n  \"httpStatusMessage\": \"Bad-Content-Type\",\r\n  \"errors\": [\r\n    {\r\n      \"errorCode\": \"BAD_CONTENT_TYPE\",\r\n      \"errorMessage\": \"text/xml is not supported.\",\r\n      \"target\": \"Bad Content Type\"\r\n    }\r\n  ]\r\n}","Language":"json","Type":"examplecodeblock"},{"Id":"500 Server Error","Name":"500 Server Error","Description":null,"ExternalValue":null,"Text":"{\r\n  \"httpStatusCode\": 500,\r\n  \"httpStatusMessage\": \"env:Client\",\r\n  \"errors\": [\r\n    {\r\n      \"errorCode\": \"Internal Error\",\r\n      \"errorMessage\": \"Internal Client Error\",\r\n      \"target\": \"exampleTarget\"\r\n    }\r\n  ]\r\n}","Language":"json","Type":"examplecodeblock"}],"Type":"responsecontentinfo"}],"Type":"responseinfo"}],"ServerName":null,"Id":null,"Type":"endpointreference"}],"PlaceholderId":null,"SuggestedLinkText":"Get Document Metadata","SuggestedLink":"$e/Manage%20Documents/GetDocumentMetadata","SuggestedLinkLevel":4,"LinkLabel":"http-get","HideFromNavigation":false,"Type":"section"}],"PlaceholderId":null,"SuggestedLinkText":"Manage Documents","SuggestedLink":"$e/Manage%20Documents","SuggestedLinkLevel":3,"LinkLabel":null,"HideFromNavigation":false,"Type":"section"}],"PlaceholderId":"__api_reference","SuggestedLinkText":"API Reference","SuggestedLink":"$h/__api_reference","SuggestedLinkLevel":2,"LinkLabel":null,"HideFromNavigation":false,"Type":"section"},{"Title":"Model Reference","Nodes":[{"Title":"Structures","Nodes":[{"Text":"* [Document Request]($m/DocumentRequest)\n* [Document Response]($m/DocumentResponse)\n* [Document]($m/Document)\n* [Document List Response]($m/DocumentListResponse)\n* [Documents Meta Data]($m/DocumentsMetaData)\n* [Error Response]($m/ErrorResponse)\n* [Error]($m/Error)","Type":"paragraph"},{"Title":"Document Request","Nodes":[{"Fields":[{"Name":"document","GenericName":"document","DataType":"Document","Description":"-","Required":false,"LinkTo":"$m/Document","Constant":false,"ParamType":null,"DataTypeMarkdown":null,"ContainerName":null,"ContainerKind":null,"Discriminator":null,"ReadOnly":false,"WriteOnly":false,"ContainerTypes":null,"TypeCombinatorTypes":null,"Getter":null,"Setter":null,"Type":"paraminfo"}],"HasGetters":false,"HasSetters":false,"Title":"Document Request","Name":"DocumentRequest","OriginalName":"DocumentRequest","Description":null,"BaseClass":null,"BaseClassLink":null,"ChildClassesLink":null,"LinkTo":"$m/DocumentRequest","StructureType":null,"ContainedTypesName":"Fields","Example":{"Text":"{\r\n  \"document\": {\r\n    \"fileName\": \"fileName0\",\r\n    \"fileExtension\": \"TIF\",\r\n    \"content\": \"content0\",\r\n    \"version\": 90,\r\n    \"uploadedBy\": \"uploadedBy8\"\r\n  }\r\n}","Language":"json","Type":"codeblock"},"Id":null,"Type":"structurereference"}],"PlaceholderId":null,"SuggestedLinkText":"Document Request","SuggestedLink":"$m/DocumentRequest","SuggestedLinkLevel":4,"LinkLabel":null,"HideFromNavigation":false,"Type":"section"},{"Title":"Document Response","Nodes":[{"Fields":[{"Name":"documentId","GenericName":"documentId","DataType":"String","Description":"-","Required":false,"LinkTo":"","Constant":false,"ParamType":null,"DataTypeMarkdown":null,"ContainerName":null,"ContainerKind":null,"Discriminator":null,"ReadOnly":false,"WriteOnly":false,"ContainerTypes":null,"TypeCombinatorTypes":null,"Getter":null,"Setter":null,"Type":"paraminfo"}],"HasGetters":false,"HasSetters":false,"Title":"Document Response","Name":"DocumentResponse","OriginalName":"DocumentResponse","Description":null,"BaseClass":null,"BaseClassLink":null,"ChildClassesLink":null,"LinkTo":"$m/DocumentResponse","StructureType":null,"ContainedTypesName":"Fields","Example":{"Text":"{\r\n  \"documentId\": \"6114\"\r\n}","Language":"json","Type":"codeblock"},"Id":null,"Type":"structurereference"}],"PlaceholderId":null,"SuggestedLinkText":"Document Response","SuggestedLink":"$m/DocumentResponse","SuggestedLinkLevel":4,"LinkLabel":null,"HideFromNavigation":false,"Type":"section"},{"Title":"Document","Nodes":[{"Fields":[{"Name":"fileName","GenericName":"fileName","DataType":"String","Description":"Document name.<br>**Constraints**: *Maximum Length*: `150`","Required":false,"LinkTo":"","Constant":false,"ParamType":null,"DataTypeMarkdown":null,"ContainerName":null,"ContainerKind":null,"Discriminator":null,"ReadOnly":false,"WriteOnly":false,"ContainerTypes":null,"TypeCombinatorTypes":null,"Getter":null,"Setter":null,"Type":"paraminfo"},{"Name":"fileExtension","GenericName":"fileExtension","DataType":"File Extension","Description":"Document type.","Required":false,"LinkTo":"$m/FileExtension","Constant":false,"ParamType":null,"DataTypeMarkdown":null,"ContainerName":null,"ContainerKind":null,"Discriminator":null,"ReadOnly":false,"WriteOnly":false,"ContainerTypes":null,"TypeCombinatorTypes":null,"Getter":null,"Setter":null,"Type":"paraminfo"},{"Name":"content","GenericName":"content","DataType":"String","Description":"Base 64 encoded binary string of docuement content. Maxium string length is 12MB.<br>**Constraints**: *Maximum Length*: `12000000`","Required":false,"LinkTo":"","Constant":false,"ParamType":null,"DataTypeMarkdown":null,"ContainerName":null,"ContainerKind":null,"Discriminator":null,"ReadOnly":false,"WriteOnly":false,"ContainerTypes":null,"TypeCombinatorTypes":null,"Getter":null,"Setter":null,"Type":"paraminfo"},{"Name":"version","GenericName":"version","DataType":"Number","Description":"Version of the document.","Required":false,"LinkTo":"","Constant":false,"ParamType":null,"DataTypeMarkdown":null,"ContainerName":null,"ContainerKind":null,"Discriminator":null,"ReadOnly":false,"WriteOnly":false,"ContainerTypes":null,"TypeCombinatorTypes":null,"Getter":null,"Setter":null,"Type":"paraminfo"},{"Name":"uploadedBy","GenericName":"uploadedBy","DataType":"String","Description":"Name of the user who uploaded the document. Maximum field length of 8 characters.<br>**Constraints**: *Minimum Length*: `1`, *Maximum Length*: `8`","Required":false,"LinkTo":"","Constant":false,"ParamType":null,"DataTypeMarkdown":null,"ContainerName":null,"ContainerKind":null,"Discriminator":null,"ReadOnly":false,"WriteOnly":false,"ContainerTypes":null,"TypeCombinatorTypes":null,"Getter":null,"Setter":null,"Type":"paraminfo"},{"Name":"documentCategory","GenericName":"documentCategory","DataType":"Document Category","Description":"Document category","Required":false,"LinkTo":"$m/DocumentCategory","Constant":false,"ParamType":null,"DataTypeMarkdown":null,"ContainerName":null,"ContainerKind":null,"Discriminator":null,"ReadOnly":false,"WriteOnly":false,"ContainerTypes":null,"TypeCombinatorTypes":null,"Getter":null,"Setter":null,"Type":"paraminfo"}],"HasGetters":false,"HasSetters":false,"Title":"Document","Name":"Document","OriginalName":"Document","Description":null,"BaseClass":null,"BaseClassLink":null,"ChildClassesLink":null,"LinkTo":"$m/Document","StructureType":null,"ContainedTypesName":"Fields","Example":{"Text":"{\r\n  \"fileName\": \"Timothy Jones Drivers License\",\r\n  \"fileExtension\": \"JPEG\",\r\n  \"content\": \"VGhpcyBpcyBUZXN0\",\r\n  \"version\": 1,\r\n  \"uploadedBy\": \"Timothy\",\r\n  \"documentCategory\": \"DRIVERS LICENSE\"\r\n}","Language":"json","Type":"codeblock"},"Id":null,"Type":"structurereference"}],"PlaceholderId":null,"SuggestedLinkText":"Document","SuggestedLink":"$m/Document","SuggestedLinkLevel":4,"LinkLabel":null,"HideFromNavigation":false,"Type":"section"},{"Title":"Document List Response","Nodes":[{"Fields":[{"Name":"documents","GenericName":"documents","DataType":"array<Documents Meta Data>","Description":"-","Required":false,"LinkTo":"$m/DocumentsMetaData","Constant":false,"ParamType":null,"DataTypeMarkdown":null,"ContainerName":null,"ContainerKind":null,"Discriminator":null,"ReadOnly":false,"WriteOnly":false,"ContainerTypes":null,"TypeCombinatorTypes":null,"Getter":null,"Setter":null,"Type":"paraminfo"}],"HasGetters":false,"HasSetters":false,"Title":"Document List Response","Name":"DocumentListResponse","OriginalName":"DocumentListResponse","Description":null,"BaseClass":null,"BaseClassLink":null,"ChildClassesLink":null,"LinkTo":"$m/DocumentListResponse","StructureType":null,"ContainedTypesName":"Fields","Example":{"Text":"{\r\n  \"documents\": [\r\n    {\r\n      \"documentId\": \"documentId2\",\r\n      \"fileName\": \"fileName8\",\r\n      \"fileExtension\": \"GIF\",\r\n      \"version\": 18,\r\n      \"uploadedBy\": \"uploadedBy0\"\r\n    },\r\n    {\r\n      \"documentId\": \"documentId2\",\r\n      \"fileName\": \"fileName8\",\r\n      \"fileExtension\": \"GIF\",\r\n      \"version\": 18,\r\n      \"uploadedBy\": \"uploadedBy0\"\r\n    }\r\n  ]\r\n}","Language":"json","Type":"codeblock"},"Id":null,"Type":"structurereference"}],"PlaceholderId":null,"SuggestedLinkText":"Document List Response","SuggestedLink":"$m/DocumentListResponse","SuggestedLinkLevel":4,"LinkLabel":null,"HideFromNavigation":false,"Type":"section"},{"Title":"Documents Meta Data","Nodes":[{"Fields":[{"Name":"documentId","GenericName":"documentId","DataType":"String","Description":"Unique ID for the stored document.","Required":false,"LinkTo":"","Constant":false,"ParamType":null,"DataTypeMarkdown":null,"ContainerName":null,"ContainerKind":null,"Discriminator":null,"ReadOnly":false,"WriteOnly":false,"ContainerTypes":null,"TypeCombinatorTypes":null,"Getter":null,"Setter":null,"Type":"paraminfo"},{"Name":"fileName","GenericName":"fileName","DataType":"String","Description":"Document name<br>**Constraints**: *Maximum Length*: `150`, *Pattern*: ```` ^$|^[0-9A-Za-z_\\-(),.\\s]{1,150}$ ````","Required":false,"LinkTo":"","Constant":false,"ParamType":null,"DataTypeMarkdown":null,"ContainerName":null,"ContainerKind":null,"Discriminator":null,"ReadOnly":false,"WriteOnly":false,"ContainerTypes":null,"TypeCombinatorTypes":null,"Getter":null,"Setter":null,"Type":"paraminfo"},{"Name":"fileExtension","GenericName":"fileExtension","DataType":"File Extension 1","Description":"Document type","Required":false,"LinkTo":"$m/FileExtension1","Constant":false,"ParamType":null,"DataTypeMarkdown":null,"ContainerName":null,"ContainerKind":null,"Discriminator":null,"ReadOnly":false,"WriteOnly":false,"ContainerTypes":null,"TypeCombinatorTypes":null,"Getter":null,"Setter":null,"Type":"paraminfo"},{"Name":"version","GenericName":"version","DataType":"Number","Description":"Document version","Required":false,"LinkTo":"","Constant":false,"ParamType":null,"DataTypeMarkdown":null,"ContainerName":null,"ContainerKind":null,"Discriminator":null,"ReadOnly":false,"WriteOnly":false,"ContainerTypes":null,"TypeCombinatorTypes":null,"Getter":null,"Setter":null,"Type":"paraminfo"},{"Name":"uploadedBy","GenericName":"uploadedBy","DataType":"String","Description":"Who uploaded the document? Maximum field length of 8 characters.<br>**Constraints**: *Minimum Length*: `1`, *Maximum Length*: `8`","Required":false,"LinkTo":"","Constant":false,"ParamType":null,"DataTypeMarkdown":null,"ContainerName":null,"ContainerKind":null,"Discriminator":null,"ReadOnly":false,"WriteOnly":false,"ContainerTypes":null,"TypeCombinatorTypes":null,"Getter":null,"Setter":null,"Type":"paraminfo"},{"Name":"documentCategory","GenericName":"documentCategory","DataType":"Document Category 1","Description":"Document category.","Required":false,"LinkTo":"$m/DocumentCategory1","Constant":false,"ParamType":null,"DataTypeMarkdown":null,"ContainerName":null,"ContainerKind":null,"Discriminator":null,"ReadOnly":false,"WriteOnly":false,"ContainerTypes":null,"TypeCombinatorTypes":null,"Getter":null,"Setter":null,"Type":"paraminfo"}],"HasGetters":false,"HasSetters":false,"Title":"Documents Meta Data","Name":"DocumentsMetaData","OriginalName":"DocumentsMetaData","Description":null,"BaseClass":null,"BaseClassLink":null,"ChildClassesLink":null,"LinkTo":"$m/DocumentsMetaData","StructureType":null,"ContainedTypesName":"Fields","Example":{"Text":"{\r\n  \"documentId\": \"861\",\r\n  \"fileName\": \"Timothy Jones Drivers License\",\r\n  \"fileExtension\": \"JPEG\",\r\n  \"version\": 1,\r\n  \"uploadedBy\": \"Timothy\"\r\n}","Language":"json","Type":"codeblock"},"Id":null,"Type":"structurereference"}],"PlaceholderId":null,"SuggestedLinkText":"Documents Meta Data","SuggestedLink":"$m/DocumentsMetaData","SuggestedLinkLevel":4,"LinkLabel":null,"HideFromNavigation":false,"Type":"section"},{"Title":"Error Response","Nodes":[{"Fields":[{"Name":"httpStatusCode","GenericName":"httpStatusCode","DataType":"Number","Description":"-","Required":false,"LinkTo":"","Constant":false,"ParamType":null,"DataTypeMarkdown":null,"ContainerName":null,"ContainerKind":null,"Discriminator":null,"ReadOnly":false,"WriteOnly":false,"ContainerTypes":null,"TypeCombinatorTypes":null,"Getter":null,"Setter":null,"Type":"paraminfo"},{"Name":"httpStatusMessage","GenericName":"httpStatusMessage","DataType":"String","Description":"-","Required":false,"LinkTo":"","Constant":false,"ParamType":null,"DataTypeMarkdown":null,"ContainerName":null,"ContainerKind":null,"Discriminator":null,"ReadOnly":false,"WriteOnly":false,"ContainerTypes":null,"TypeCombinatorTypes":null,"Getter":null,"Setter":null,"Type":"paraminfo"},{"Name":"errors","GenericName":"errors","DataType":"array<Error>","Description":"-","Required":false,"LinkTo":"$m/Error","Constant":false,"ParamType":null,"DataTypeMarkdown":null,"ContainerName":null,"ContainerKind":null,"Discriminator":null,"ReadOnly":false,"WriteOnly":false,"ContainerTypes":null,"TypeCombinatorTypes":null,"Getter":null,"Setter":null,"Type":"paraminfo"}],"HasGetters":false,"HasSetters":false,"Title":"Error Response","Name":"ErrorResponse","OriginalName":"ErrorResponse","Description":null,"BaseClass":null,"BaseClassLink":null,"ChildClassesLink":null,"LinkTo":"$m/ErrorResponse","StructureType":null,"ContainedTypesName":"Fields","Example":{"Text":"{\r\n  \"httpStatusCode\": 404,\r\n  \"httpStatusMessage\": \"STATUS-MESSAGE\",\r\n  \"errors\": [\r\n    {\r\n      \"errorCode\": \"errorCode6\",\r\n      \"errorMessage\": \"errorMessage8\",\r\n      \"target\": \"target2\"\r\n    },\r\n    {\r\n      \"errorCode\": \"errorCode6\",\r\n      \"errorMessage\": \"errorMessage8\",\r\n      \"target\": \"target2\"\r\n    },\r\n    {\r\n      \"errorCode\": \"errorCode6\",\r\n      \"errorMessage\": \"errorMessage8\",\r\n      \"target\": \"target2\"\r\n    }\r\n  ]\r\n}","Language":"json","Type":"codeblock"},"Id":null,"Type":"structurereference"}],"PlaceholderId":null,"SuggestedLinkText":"Error Response","SuggestedLink":"$m/ErrorResponse","SuggestedLinkLevel":4,"LinkLabel":null,"HideFromNavigation":false,"Type":"section"},{"Title":"Error","Nodes":[{"Fields":[{"Name":"errorCode","GenericName":"errorCode","DataType":"String","Description":"-","Required":false,"LinkTo":"","Constant":false,"ParamType":null,"DataTypeMarkdown":null,"ContainerName":null,"ContainerKind":null,"Discriminator":null,"ReadOnly":false,"WriteOnly":false,"ContainerTypes":null,"TypeCombinatorTypes":null,"Getter":null,"Setter":null,"Type":"paraminfo"},{"Name":"errorMessage","GenericName":"errorMessage","DataType":"String","Description":"-","Required":false,"LinkTo":"","Constant":false,"ParamType":null,"DataTypeMarkdown":null,"ContainerName":null,"ContainerKind":null,"Discriminator":null,"ReadOnly":false,"WriteOnly":false,"ContainerTypes":null,"TypeCombinatorTypes":null,"Getter":null,"Setter":null,"Type":"paraminfo"},{"Name":"target","GenericName":"target","DataType":"String","Description":"-","Required":false,"LinkTo":"","Constant":false,"ParamType":null,"DataTypeMarkdown":null,"ContainerName":null,"ContainerKind":null,"Discriminator":null,"ReadOnly":false,"WriteOnly":false,"ContainerTypes":null,"TypeCombinatorTypes":null,"Getter":null,"Setter":null,"Type":"paraminfo"}],"HasGetters":false,"HasSetters":false,"Title":"Error","Name":"Error","OriginalName":"Error","Description":null,"BaseClass":null,"BaseClassLink":null,"ChildClassesLink":null,"LinkTo":"$m/Error","StructureType":null,"ContainedTypesName":"Fields","Example":{"Text":"{\r\n  \"errorCode\": \"ERROR_CODE\",\r\n  \"errorMessage\": \"Error message here.\",\r\n  \"target\": \"Target\"\r\n}","Language":"json","Type":"codeblock"},"Id":null,"Type":"structurereference"}],"PlaceholderId":null,"SuggestedLinkText":"Error","SuggestedLink":"$m/Error","SuggestedLinkLevel":4,"LinkLabel":null,"HideFromNavigation":false,"Type":"section"}],"PlaceholderId":null,"SuggestedLinkText":"Structures","SuggestedLink":"$h/API%20Reference/__model_reference/Structures","SuggestedLinkLevel":3,"LinkLabel":null,"HideFromNavigation":false,"Type":"section"},{"Title":"Enumerations","Nodes":[{"Text":"* [Content-Type]($m/content-Type)\n* [Document Category]($m/DocumentCategory)\n* [Document Category 1]($m/DocumentCategory1)\n* [File Extension]($m/FileExtension)\n* [File Extension 1]($m/FileExtension1)","Type":"paragraph"},{"Title":"Content-Type","Nodes":[{"Elements":[{"Key":"application/json","Value":""}],"Title":"Content-Type","Name":"content-TypeEnum","OriginalName":"content-Type","Description":null,"BaseClass":null,"BaseClassLink":null,"ChildClassesLink":null,"LinkTo":"$m/content-Type","StructureType":null,"ContainedTypesName":"Fields","Example":null,"Id":null,"Type":"enumreference"}],"PlaceholderId":null,"SuggestedLinkText":"Content-Type","SuggestedLink":"$m/content-Type","SuggestedLinkLevel":4,"LinkLabel":null,"HideFromNavigation":false,"Type":"section"},{"Title":"Document Category","Nodes":[{"Elements":[{"Key":"DRIVERS LICENSE","Value":""},{"Key":"TERMINAL LEASE","Value":""},{"Key":"PASSPORT","Value":""},{"Key":"UNKNOWN","Value":""},{"Key":"VOIDED CHECK","Value":""}],"Title":"Document Category","Name":"DocumentCategoryEnum","OriginalName":"DocumentCategory","Description":"Document category","BaseClass":null,"BaseClassLink":null,"ChildClassesLink":null,"LinkTo":"$m/DocumentCategory","StructureType":null,"ContainedTypesName":"Fields","Example":{"Text":"DRIVERS LICENSE","Language":null,"Type":"codeblock"},"Id":null,"Type":"enumreference"}],"PlaceholderId":null,"SuggestedLinkText":"Document Category","SuggestedLink":"$m/DocumentCategory","SuggestedLinkLevel":4,"LinkLabel":null,"HideFromNavigation":false,"Type":"section"},{"Title":"Document Category 1","Nodes":[{"Elements":[{"Key":"DRIVERS LICENSE","Value":""},{"Key":"TERMINAL LEASE","Value":""},{"Key":"PASSPORT","Value":""},{"Key":"UNKNOWN","Value":""},{"Key":"VOIDED CHECK","Value":""}],"Title":"Document Category 1","Name":"DocumentCategory1Enum","OriginalName":"DocumentCategory1","Description":"Document category.","BaseClass":null,"BaseClassLink":null,"ChildClassesLink":null,"LinkTo":"$m/DocumentCategory1","StructureType":null,"ContainedTypesName":"Fields","Example":null,"Id":null,"Type":"enumreference"}],"PlaceholderId":null,"SuggestedLinkText":"Document Category 1","SuggestedLink":"$m/DocumentCategory1","SuggestedLinkLevel":4,"LinkLabel":null,"HideFromNavigation":false,"Type":"section"},{"Title":"File Extension","Nodes":[{"Elements":[{"Key":"JPEG","Value":""},{"Key":"JPG","Value":""},{"Key":"GIF","Value":""},{"Key":"PDF","Value":""},{"Key":"PNG","Value":""},{"Key":"TIFF","Value":""},{"Key":"TIF","Value":""},{"Key":"BMP","Value":""},{"Key":"DOC","Value":""},{"Key":"TXT","Value":""},{"Key":"DOCX","Value":""},{"Key":"PPT","Value":""},{"Key":"XLS","Value":""},{"Key":"XLSX","Value":""}],"Title":"File Extension","Name":"FileExtensionEnum","OriginalName":"FileExtension","Description":"Document type.","BaseClass":null,"BaseClassLink":null,"ChildClassesLink":null,"LinkTo":"$m/FileExtension","StructureType":null,"ContainedTypesName":"Fields","Example":{"Text":"JPEG","Language":null,"Type":"codeblock"},"Id":null,"Type":"enumreference"}],"PlaceholderId":null,"SuggestedLinkText":"File Extension","SuggestedLink":"$m/FileExtension","SuggestedLinkLevel":4,"LinkLabel":null,"HideFromNavigation":false,"Type":"section"},{"Title":"File Extension 1","Nodes":[{"Elements":[{"Key":"JPEG","Value":""},{"Key":"JPG","Value":""},{"Key":"GIF","Value":""},{"Key":"PDF","Value":""},{"Key":"PNG","Value":""},{"Key":"TIFF","Value":""},{"Key":"TIF","Value":""},{"Key":"BMP","Value":""},{"Key":"DOC","Value":""},{"Key":"TXT","Value":""},{"Key":"DOCX","Value":""},{"Key":"PPT","Value":""},{"Key":"XLS","Value":""},{"Key":"XLSX","Value":""}],"Title":"File Extension 1","Name":"FileExtension1Enum","OriginalName":"FileExtension1","Description":"Document type","BaseClass":null,"BaseClassLink":null,"ChildClassesLink":null,"LinkTo":"$m/FileExtension1","StructureType":null,"ContainedTypesName":"Fields","Example":{"Text":"JPEG","Language":null,"Type":"codeblock"},"Id":null,"Type":"enumreference"}],"PlaceholderId":null,"SuggestedLinkText":"File Extension 1","SuggestedLink":"$m/FileExtension1","SuggestedLinkLevel":4,"LinkLabel":null,"HideFromNavigation":false,"Type":"section"}],"PlaceholderId":null,"SuggestedLinkText":"Enumerations","SuggestedLink":"$h/API%20Reference/__model_reference/Enumerations","SuggestedLinkLevel":3,"LinkLabel":null,"HideFromNavigation":false,"Type":"section"},{"Title":"Exceptions","Nodes":[{"Text":"* [Error Response Error]($m/ErrorResponse_Error)","Type":"paragraph"},{"Title":"Error Response Error","Nodes":[{"Fields":[{"Name":"httpStatusCode","GenericName":"httpStatusCode","DataType":"Number","Description":"-","Required":false,"LinkTo":"","Constant":false,"ParamType":null,"DataTypeMarkdown":null,"ContainerName":null,"ContainerKind":null,"Discriminator":null,"ReadOnly":false,"WriteOnly":false,"ContainerTypes":null,"TypeCombinatorTypes":null,"Getter":null,"Setter":null,"Type":"paraminfo"},{"Name":"httpStatusMessage","GenericName":"httpStatusMessage","DataType":"String","Description":"-","Required":false,"LinkTo":"","Constant":false,"ParamType":null,"DataTypeMarkdown":null,"ContainerName":null,"ContainerKind":null,"Discriminator":null,"ReadOnly":false,"WriteOnly":false,"ContainerTypes":null,"TypeCombinatorTypes":null,"Getter":null,"Setter":null,"Type":"paraminfo"},{"Name":"errors","GenericName":"errors","DataType":"array<Error>","Description":"-","Required":false,"LinkTo":"$m/Error","Constant":false,"ParamType":null,"DataTypeMarkdown":null,"ContainerName":null,"ContainerKind":null,"Discriminator":null,"ReadOnly":false,"WriteOnly":false,"ContainerTypes":null,"TypeCombinatorTypes":null,"Getter":null,"Setter":null,"Type":"paraminfo"}],"HasGetters":false,"HasSetters":false,"Title":"Error Response Error","Name":"ErrorResponse_ErrorException","OriginalName":"ErrorResponse_Error","Description":null,"BaseClass":null,"BaseClassLink":null,"ChildClassesLink":null,"LinkTo":"$m/ErrorResponse_Error","StructureType":null,"ContainedTypesName":"Fields","Example":{"Text":"{\r\n  \"httpStatusCode\": 404,\r\n  \"httpStatusMessage\": \"STATUS-MESSAGE\",\r\n  \"errors\": [\r\n    {\r\n      \"errorCode\": \"errorCode6\",\r\n      \"errorMessage\": \"errorMessage8\",\r\n      \"target\": \"target2\"\r\n    },\r\n    {\r\n      \"errorCode\": \"errorCode6\",\r\n      \"errorMessage\": \"errorMessage8\",\r\n      \"target\": \"target2\"\r\n    },\r\n    {\r\n      \"errorCode\": \"errorCode6\",\r\n      \"errorMessage\": \"errorMessage8\",\r\n      \"target\": \"target2\"\r\n    }\r\n  ]\r\n}","Language":"json","Type":"codeblock"},"Id":null,"Type":"structurereference"}],"PlaceholderId":null,"SuggestedLinkText":"Error Response Error","SuggestedLink":"$m/ErrorResponse_Error","SuggestedLinkLevel":4,"LinkLabel":null,"HideFromNavigation":false,"Type":"section"}],"PlaceholderId":null,"SuggestedLinkText":"Exceptions","SuggestedLink":"$h/API%20Reference/__model_reference/Exceptions","SuggestedLinkLevel":3,"LinkLabel":null,"HideFromNavigation":false,"Type":"section"}],"PlaceholderId":"__model_reference","SuggestedLinkText":"Model Reference","SuggestedLink":"$h/__model_reference","SuggestedLinkLevel":2,"LinkLabel":null,"HideFromNavigation":false,"Type":"section"}],"PlaceholderId":null,"SuggestedLinkText":"API Reference","SuggestedLink":"$h/API%20Reference","SuggestedLinkLevel":1,"LinkLabel":null,"HideFromNavigation":false,"Type":"section"}],"Type":"document"}