{
  "info": {
    "name": "Launchpad: Non POS Add Locations",
    "_postman_id": "8a6ed215-c8db-4add-9d7d-8366e5ded90e",
    "description": "This new Add Locations API helps existing merchants by allowing them to add new locations to their existing Merchant accounts. Merhcnats can add single or multi locations under the existing chain associated with their merchant accounts. </br> </br> To contact our certifications team, please email <a href=\"mailto:Certification2@worldpay.com\">Certification2@fisglobal.com</a>. </br> To contact the product team, please email <a href=\"mailto:APICustomerIntegration@worldpay.com\">APICustomerIntegration@worldpay.com</a> \n # Authentication \n<SecurityDefinitions />",
    "schema": "https://schema.getpostman.com/json/collection/v2.0.0/collection.json"
  },
  "item": [
    {
      "name": "Add Location",
      "description": "Resources to create/edit and read a pending add location application.",
      "item": [
        {
          "id": "9389e060-8f7c-49b7-b9e5-f9427d4bcef2",
          "name": "CreateAddLocation",
          "request": {
            "url": {
              "protocol": "https",
              "host": "apis.cert.worldpay.com",
              "path": [
                "merchant-boarding",
                "v2",
                "addlocations",
                "addlocations"
              ]
            },
            "method": "POST",
            "header": [
              {
                "key": "v-correlation-id",
                "value": "3fcb1437-4e52-4946-9ae1-e618351b6d16",
                "description": "Unique transaction Id. Will be generated if not provided and returned in response headers.",
                "disabled": false
              },
              {
                "key": "Content-Type",
                "value": "application/json",
                "description": "Indicates the media type of the request-body. Accepts application/json.",
                "disabled": false
              },
              {
                "key": "Accept",
                "value": "application/json",
                "disabled": false
              }
            ],
            "body": {
              "mode": "raw",
              "raw": "{\r\n  \"chainCode\": \"0C12B5\",\r\n  \"authorizedSigner\": {\r\n    \"firstName\": \"Todd\",\r\n    \"lastName\": \"Davis\",\r\n    \"phoneNumber\": \"5131234567\",\r\n    \"email\": \"test@gmail.com\",\r\n    \"signingExperience\": \"email\"\r\n  },\r\n  \"locationLevelBilling\": false,\r\n  \"merchantId\": \"4445091191791\",\r\n  \"locations\": [\r\n    {\r\n      \"businessInfo\": {\r\n        \"locationName\": \"The Location Name\"\r\n      },\r\n      \"contacts\": [\r\n        {\r\n          \"type\": \"Primary Contact\",\r\n          \"firstName\": \"Todd\",\r\n          \"lastName\": \"Davis\",\r\n          \"phoneNumber\": \"5131234567\",\r\n          \"email\": \"test@gmail.com\",\r\n          \"title\": \"President\",\r\n          \"middleInitial\": \"M\",\r\n          \"ssn\": \"321234324\",\r\n          \"birthDate\": \"2000-03-23\",\r\n          \"phoneNumberExt\": \"1234\",\r\n          \"phoneType\": \"mobile\",\r\n          \"alternatePhone\": \"5131234567\",\r\n          \"alternatePhoneType\": \"home\",\r\n          \"faxNumber\": \"5131234567\"\r\n        }\r\n      ],\r\n      \"addresses\": [\r\n        {\r\n          \"type\": \"Physical Address\",\r\n          \"addressLine1\": \"4355 N Coalwhipe St.\",\r\n          \"city\": \"Denver\",\r\n          \"state\": \"CO\",\r\n          \"country\": \"United States\",\r\n          \"postalCode\": \"12345\",\r\n          \"addressLine2\": \"suite 104\",\r\n          \"postalCodeExtension\": \"1234\"\r\n        }\r\n      ],\r\n      \"settlement\": [\r\n        {\r\n          \"settlementCategories\": [\r\n            \"Deposits\"\r\n          ],\r\n          \"bankAccount\": {\r\n            \"ddaType\": \"Checking\",\r\n            \"achType\": \"Commercial Checking\",\r\n            \"accountNumber\": \"011401545\",\r\n            \"routingNumber\": \"102000076\",\r\n            \"bankName\": \"Bank name\"\r\n          }\r\n        }\r\n      ],\r\n      \"equipment\": {\r\n        \"shippingOption\": \"next day\",\r\n        \"terminals\": [\r\n          {\r\n            \"terminalConfigs\": {\r\n              \"terminalId\": \"iCT220\",\r\n              \"price\": 187.99,\r\n              \"quantity\": 1,\r\n              \"logicalApplicationId\": \"MONE510\",\r\n              \"accessMethod\": \"SSL\",\r\n              \"paymentMethod\": \"PURCHASE / SALE\",\r\n              \"environmentName\": \"Retail\",\r\n              \"requestId\": \"41231\",\r\n              \"terminalModel\": \"Ingenico iCT220 CTLS 3.X Dial\",\r\n              \"isVar\": false,\r\n              \"emvCapable\": true,\r\n              \"leaseId\": \"12\",\r\n              \"leaseTermLength\": \"24\",\r\n              \"terminalSequenceNumber\": \"14\",\r\n              \"specialCustomizations\": \"Mulitple merchant setup is Yes\"\r\n            },\r\n            \"products\": [\r\n              {\r\n                \"productId\": \"1\",\r\n                \"productName\": \"Debit\"\r\n              }\r\n            ],\r\n            \"customizations\": [\r\n              {\r\n                \"customizationId\": \"10\",\r\n                \"customizationName\": \"Auto-Close Time\",\r\n                \"customizationFieldValue\": \"N\"\r\n              }\r\n            ],\r\n            \"peripherals\": [\r\n              {\r\n                \"peripheralId\": \"231\",\r\n                \"peripheralType\": \"PPAD\",\r\n                \"model\": \"Magtek Check Reader\",\r\n                \"leaseId\": \"18\",\r\n                \"leaseTermLength\": \"24\",\r\n                \"paymentMethod\": \"PURCHASE / SALE\",\r\n                \"amount\": \"220.21\",\r\n                \"paymentConfirmationNumber\": \"123456\"\r\n              }\r\n            ],\r\n            \"vendors\": [\r\n              {\r\n                \"paymentApplicationId\": \"9\",\r\n                \"paymentApplicationName\": \"PurchaseExpress\",\r\n                \"vendorId\": \"4\",\r\n                \"version\": \"1\",\r\n                \"reseller\": \"Agilysys Inc\",\r\n                \"lastUpgradeDate\": \"2012-02-18T00:00:00.000Z\",\r\n                \"notes\": \"Paymetric Gateway v3\"\r\n              }\r\n            ],\r\n            \"gateways\": [\r\n              {\r\n                \"gatewayId\": \"15\",\r\n                \"gatewayName\": \"Paymetric Gateway\",\r\n                \"notes\": \"Paymetric Gateway v3\"\r\n              }\r\n            ],\r\n            \"supply\": [\r\n              {\r\n                \"supplyType\": \"supplyType37\",\r\n                \"name\": \"name53\",\r\n                \"quantity\": 2,\r\n                \"total\": \"220.21\"\r\n              }\r\n            ],\r\n            \"deployment\": {\r\n              \"equipmentUpdateDeploy\": \"M\",\r\n              \"terminalBuildFlag\": true,\r\n              \"frontEndBuildFlag\": true,\r\n              \"sicMerchantFlag\": false,\r\n              \"specialInstructions\": \"Retail - H52460A (SP)\"\r\n            }\r\n          }\r\n        ]\r\n      },\r\n      \"additionalInformation\": [\r\n        {\r\n          \"key\": \"partnerEmployeeName\",\r\n          \"value\": \"Rob Test\"\r\n        }\r\n      ]\r\n    }\r\n  ],\r\n  \"salesAgent\": {\r\n    \"firstName\": \"John\",\r\n    \"lastName\": \"Doe\",\r\n    \"email\": \"email25\",\r\n    \"id\": \"U15315\",\r\n    \"mobilePhoneNumber\": \"1234567890\"\r\n  }\r\n}",
              "disabled": false
            },
            "description": "This endpoint collects the merchant information to initiate a new add locations application. "
          },
          "response": [
            {
              "header": [
                {
                  "key": "v-correlation-id",
                  "value": "",
                  "disabled": false
                },
                {
                  "key": "Content-Type",
                  "value": "application/json",
                  "disabled": false
                }
              ],
              "body": "{\r\n  \"chainCode\": \"0C12B5\",\r\n  \"authorizedSigner\": {\r\n    \"firstName\": \"Todd\",\r\n    \"lastName\": \"Davis\",\r\n    \"phoneNumber\": \"5131234567\",\r\n    \"email\": \"test@gmail.com\",\r\n    \"signingExperience\": \"email\"\r\n  },\r\n  \"id\": \"90f719a1-5b0e-47b1-af9f-f32027c0795d\",\r\n  \"locationLevelBilling\": false,\r\n  \"merchantId\": \"4445091191791\",\r\n  \"locations\": [\r\n    {\r\n      \"businessInfo\": {\r\n        \"locationName\": \"The Location Name\"\r\n      },\r\n      \"contacts\": [\r\n        {\r\n          \"type\": \"Primary Contact\",\r\n          \"firstName\": \"Todd\",\r\n          \"lastName\": \"Davis\",\r\n          \"phoneNumber\": \"5131234567\",\r\n          \"email\": \"test@gmail.com\",\r\n          \"title\": \"President\",\r\n          \"middleInitial\": \"M\",\r\n          \"ssn\": \"321234324\",\r\n          \"birthDate\": \"2000-03-23\",\r\n          \"phoneNumberExt\": \"1234\",\r\n          \"phoneType\": \"mobile\",\r\n          \"alternatePhone\": \"5131234567\",\r\n          \"alternatePhoneType\": \"home\",\r\n          \"faxNumber\": \"5131234567\"\r\n        }\r\n      ],\r\n      \"addresses\": [\r\n        {\r\n          \"type\": \"Physical Address\",\r\n          \"addressLine1\": \"4355 N Coalwhipe St.\",\r\n          \"city\": \"Denver\",\r\n          \"state\": \"CO\",\r\n          \"country\": \"United States\",\r\n          \"postalCode\": \"12345\",\r\n          \"addressLine2\": \"suite 104\",\r\n          \"postalCodeExtension\": \"1234\"\r\n        }\r\n      ],\r\n      \"settlement\": [\r\n        {\r\n          \"settlementCategories\": [\r\n            \"Deposits\"\r\n          ],\r\n          \"bankAccount\": {\r\n            \"ddaType\": \"Checking\",\r\n            \"achType\": \"Commercial Checking\",\r\n            \"accountNumber\": \"011401545\",\r\n            \"routingNumber\": \"102000076\",\r\n            \"bankName\": \"Bank name\"\r\n          }\r\n        }\r\n      ],\r\n      \"equipment\": {\r\n        \"shippingOption\": \"next day\",\r\n        \"terminals\": [\r\n          {\r\n            \"terminalConfigs\": {\r\n              \"terminalId\": \"iCT220\",\r\n              \"price\": 187.99,\r\n              \"quantity\": 1,\r\n              \"logicalApplicationId\": \"MONE510\",\r\n              \"accessMethod\": \"SSL\",\r\n              \"paymentMethod\": \"PURCHASE / SALE\",\r\n              \"environmentName\": \"Retail\",\r\n              \"requestId\": \"41231\",\r\n              \"terminalModel\": \"Ingenico iCT220 CTLS 3.X Dial\",\r\n              \"isVar\": false,\r\n              \"emvCapable\": true,\r\n              \"leaseId\": \"12\",\r\n              \"leaseTermLength\": \"24\",\r\n              \"terminalSequenceNumber\": \"14\",\r\n              \"specialCustomizations\": \"Mulitple merchant setup is Yes\"\r\n            },\r\n            \"products\": [\r\n              {\r\n                \"productId\": \"1\",\r\n                \"productName\": \"Debit\"\r\n              }\r\n            ],\r\n            \"customizations\": [\r\n              {\r\n                \"customizationId\": \"10\",\r\n                \"customizationName\": \"Auto-Close Time\",\r\n                \"customizationFieldValue\": \"N\"\r\n              }\r\n            ],\r\n            \"peripherals\": [\r\n              {\r\n                \"peripheralId\": \"231\",\r\n                \"peripheralType\": \"PPAD\",\r\n                \"model\": \"Magtek Check Reader\",\r\n                \"leaseId\": \"18\",\r\n                \"leaseTermLength\": \"24\",\r\n                \"paymentMethod\": \"PURCHASE / SALE\",\r\n                \"amount\": \"220.21\",\r\n                \"paymentConfirmationNumber\": \"123456\"\r\n              }\r\n            ],\r\n            \"vendors\": [\r\n              {\r\n                \"paymentApplicationId\": \"9\",\r\n                \"paymentApplicationName\": \"PurchaseExpress\",\r\n                \"vendorId\": \"4\",\r\n                \"version\": \"1\",\r\n                \"reseller\": \"Agilysys Inc\",\r\n                \"lastUpgradeDate\": \"2012-02-18T00:00:00.000Z\",\r\n                \"notes\": \"Paymetric Gateway v3\"\r\n              }\r\n            ],\r\n            \"gateways\": [\r\n              {\r\n                \"gatewayId\": \"15\",\r\n                \"gatewayName\": \"Paymetric Gateway\",\r\n                \"notes\": \"Paymetric Gateway v3\"\r\n              }\r\n            ],\r\n            \"supply\": [\r\n              {\r\n                \"supplyType\": \"supplyType84\",\r\n                \"name\": \"name16\",\r\n                \"quantity\": 2,\r\n                \"total\": \"220.21\"\r\n              }\r\n            ],\r\n            \"deployment\": {\r\n              \"equipmentUpdateDeploy\": \"M\",\r\n              \"terminalBuildFlag\": true,\r\n              \"frontEndBuildFlag\": true,\r\n              \"sicMerchantFlag\": false,\r\n              \"specialInstructions\": \"Retail - H52460A (SP)\"\r\n            }\r\n          }\r\n        ]\r\n      },\r\n      \"additionalInformation\": [\r\n        {\r\n          \"key\": \"partnerEmployeeName\",\r\n          \"value\": \"Rob Test\"\r\n        }\r\n      ]\r\n    }\r\n  ],\r\n  \"salesAgent\": {\r\n    \"firstName\": \"John\",\r\n    \"lastName\": \"Doe\",\r\n    \"email\": \"email0\",\r\n    \"id\": \"U15315\",\r\n    \"mobilePhoneNumber\": \"1234567890\"\r\n  }\r\n}",
              "status": "Created",
              "code": 201,
              "name": "Response_201",
              "id": "5893fdbe-78db-4258-9c90-1821a8e513b3"
            }
          ]
        },
        {
          "id": "4796a803-d07f-49dd-80ef-7a06e42edee6",
          "name": "GetAddLocation",
          "request": {
            "url": {
              "protocol": "https",
              "host": "apis.cert.worldpay.com",
              "path": [
                "merchant-boarding",
                "v2",
                "addlocations",
                "addlocations/:id"
              ],
              "variable": [
                {
                  "id": "id",
                  "key": "id",
                  "value": "c535da94-f541-4689-9952-7d864915e900",
                  "type": "string",
                  "description": "id or externalRefId returned from POST /addlocations call."
                }
              ]
            },
            "method": "GET",
            "header": [
              {
                "key": "v-correlation-id",
                "value": "3fcb1437-4e52-4946-9ae1-e618351b6d16",
                "description": "Unique transaction Id. Will be generated if not provided and returned in response headers.",
                "disabled": false
              },
              {
                "key": "Accept",
                "value": "application/json",
                "disabled": false
              }
            ],
            "body": {
              "mode": "raw",
              "disabled": false
            },
            "description": "This endpoint retrieves the list of the current added locations to review for a merchant by the returned id or externalRefId from the POST/addlocations endpoint. "
          },
          "response": [
            {
              "header": [
                {
                  "key": "v-correlation-id",
                  "value": "",
                  "disabled": false
                },
                {
                  "key": "Content-Type",
                  "value": "application/json",
                  "disabled": false
                }
              ],
              "body": "{\r\n  \"chainCode\": \"0C12B5\",\r\n  \"authorizedSigner\": {\r\n    \"firstName\": \"Todd\",\r\n    \"lastName\": \"Davis\",\r\n    \"phoneNumber\": \"5131234567\",\r\n    \"email\": \"test@gmail.com\",\r\n    \"signingExperience\": \"email\"\r\n  },\r\n  \"id\": \"90f719a1-5b0e-47b1-af9f-f32027c0795d\",\r\n  \"locationLevelBilling\": false,\r\n  \"merchantId\": \"4445091191791\",\r\n  \"locations\": [\r\n    {\r\n      \"businessInfo\": {\r\n        \"locationName\": \"The Location Name\"\r\n      },\r\n      \"contacts\": [\r\n        {\r\n          \"type\": \"Primary Contact\",\r\n          \"firstName\": \"Todd\",\r\n          \"lastName\": \"Davis\",\r\n          \"phoneNumber\": \"5131234567\",\r\n          \"email\": \"test@gmail.com\",\r\n          \"title\": \"President\",\r\n          \"middleInitial\": \"M\",\r\n          \"ssn\": \"321234324\",\r\n          \"birthDate\": \"2000-03-23\",\r\n          \"phoneNumberExt\": \"1234\",\r\n          \"phoneType\": \"mobile\",\r\n          \"alternatePhone\": \"5131234567\",\r\n          \"alternatePhoneType\": \"home\",\r\n          \"faxNumber\": \"5131234567\"\r\n        }\r\n      ],\r\n      \"addresses\": [\r\n        {\r\n          \"type\": \"Physical Address\",\r\n          \"addressLine1\": \"4355 N Coalwhipe St.\",\r\n          \"city\": \"Denver\",\r\n          \"state\": \"CO\",\r\n          \"country\": \"United States\",\r\n          \"postalCode\": \"12345\",\r\n          \"addressLine2\": \"suite 104\",\r\n          \"postalCodeExtension\": \"1234\"\r\n        }\r\n      ],\r\n      \"settlement\": [\r\n        {\r\n          \"settlementCategories\": [\r\n            \"Deposits\"\r\n          ],\r\n          \"bankAccount\": {\r\n            \"ddaType\": \"Checking\",\r\n            \"achType\": \"Commercial Checking\",\r\n            \"accountNumber\": \"011401545\",\r\n            \"routingNumber\": \"102000076\",\r\n            \"bankName\": \"Bank name\"\r\n          }\r\n        }\r\n      ],\r\n      \"equipment\": {\r\n        \"shippingOption\": \"next day\",\r\n        \"terminals\": [\r\n          {\r\n            \"terminalConfigs\": {\r\n              \"terminalId\": \"iCT220\",\r\n              \"price\": 187.99,\r\n              \"quantity\": 1,\r\n              \"logicalApplicationId\": \"MONE510\",\r\n              \"accessMethod\": \"SSL\",\r\n              \"paymentMethod\": \"PURCHASE / SALE\",\r\n              \"environmentName\": \"Retail\",\r\n              \"requestId\": \"41231\",\r\n              \"terminalModel\": \"Ingenico iCT220 CTLS 3.X Dial\",\r\n              \"isVar\": false,\r\n              \"emvCapable\": true,\r\n              \"leaseId\": \"12\",\r\n              \"leaseTermLength\": \"24\",\r\n              \"terminalSequenceNumber\": \"14\",\r\n              \"specialCustomizations\": \"Mulitple merchant setup is Yes\"\r\n            },\r\n            \"products\": [\r\n              {\r\n                \"productId\": \"1\",\r\n                \"productName\": \"Debit\"\r\n              }\r\n            ],\r\n            \"customizations\": [\r\n              {\r\n                \"customizationId\": \"10\",\r\n                \"customizationName\": \"Auto-Close Time\",\r\n                \"customizationFieldValue\": \"N\"\r\n              }\r\n            ],\r\n            \"peripherals\": [\r\n              {\r\n                \"peripheralId\": \"231\",\r\n                \"peripheralType\": \"PPAD\",\r\n                \"model\": \"Magtek Check Reader\",\r\n                \"leaseId\": \"18\",\r\n                \"leaseTermLength\": \"24\",\r\n                \"paymentMethod\": \"PURCHASE / SALE\",\r\n                \"amount\": \"220.21\",\r\n                \"paymentConfirmationNumber\": \"123456\"\r\n              }\r\n            ],\r\n            \"vendors\": [\r\n              {\r\n                \"paymentApplicationId\": \"9\",\r\n                \"paymentApplicationName\": \"PurchaseExpress\",\r\n                \"vendorId\": \"4\",\r\n                \"version\": \"1\",\r\n                \"reseller\": \"Agilysys Inc\",\r\n                \"lastUpgradeDate\": \"2012-02-18T00:00:00.000Z\",\r\n                \"notes\": \"Paymetric Gateway v3\"\r\n              }\r\n            ],\r\n            \"gateways\": [\r\n              {\r\n                \"gatewayId\": \"15\",\r\n                \"gatewayName\": \"Paymetric Gateway\",\r\n                \"notes\": \"Paymetric Gateway v3\"\r\n              }\r\n            ],\r\n            \"supply\": [\r\n              {\r\n                \"supplyType\": \"supplyType84\",\r\n                \"name\": \"name16\",\r\n                \"quantity\": 2,\r\n                \"total\": \"220.21\"\r\n              }\r\n            ],\r\n            \"deployment\": {\r\n              \"equipmentUpdateDeploy\": \"M\",\r\n              \"terminalBuildFlag\": true,\r\n              \"frontEndBuildFlag\": true,\r\n              \"sicMerchantFlag\": false,\r\n              \"specialInstructions\": \"Retail - H52460A (SP)\"\r\n            }\r\n          }\r\n        ]\r\n      },\r\n      \"additionalInformation\": [\r\n        {\r\n          \"key\": \"partnerEmployeeName\",\r\n          \"value\": \"Rob Test\"\r\n        }\r\n      ]\r\n    }\r\n  ],\r\n  \"salesAgent\": {\r\n    \"firstName\": \"John\",\r\n    \"lastName\": \"Doe\",\r\n    \"email\": \"email0\",\r\n    \"id\": \"U15315\",\r\n    \"mobilePhoneNumber\": \"1234567890\"\r\n  }\r\n}",
              "status": "Success",
              "code": 200,
              "name": "Response_200",
              "id": "ec1b2ca0-f72e-4254-8aab-b0edab18cbe1"
            }
          ]
        },
        {
          "id": "3ec5ed69-506f-4b5b-91c3-922202fa10d9",
          "name": "UpdateAAddLocation",
          "request": {
            "url": {
              "protocol": "https",
              "host": "apis.cert.worldpay.com",
              "path": [
                "merchant-boarding",
                "v2",
                "addlocations",
                "addlocations/:id"
              ],
              "variable": [
                {
                  "id": "id",
                  "key": "id",
                  "value": "c535da94-f541-4689-9952-7d864915e900",
                  "type": "string",
                  "description": "id or externalRefId returned from POST /addlocations call."
                }
              ]
            },
            "method": "PUT",
            "header": [
              {
                "key": "Content-Type",
                "value": "application/json",
                "description": "",
                "disabled": false
              },
              {
                "key": "v-correlation-id",
                "value": "3fcb1437-4e52-4946-9ae1-e618351b6d16",
                "description": "Unique transaction Id. Will be generated if not provided and returned in response headers.",
                "disabled": false
              },
              {
                "key": "Accept",
                "value": "application/json",
                "disabled": false
              }
            ],
            "body": {
              "mode": "raw",
              "raw": "{\r\n  \"chainCode\": \"0C12B5\",\r\n  \"authorizedSigner\": {\r\n    \"firstName\": \"Todd\",\r\n    \"lastName\": \"Davis\",\r\n    \"phoneNumber\": \"5131234567\",\r\n    \"email\": \"test@gmail.com\",\r\n    \"signingExperience\": \"email\"\r\n  },\r\n  \"locationLevelBilling\": false,\r\n  \"merchantId\": \"4445091191791\",\r\n  \"locations\": [\r\n    {\r\n      \"businessInfo\": {\r\n        \"locationName\": \"The Location Name\"\r\n      },\r\n      \"contacts\": [\r\n        {\r\n          \"type\": \"Primary Contact\",\r\n          \"firstName\": \"Todd\",\r\n          \"lastName\": \"Davis\",\r\n          \"phoneNumber\": \"5131234567\",\r\n          \"email\": \"test@gmail.com\",\r\n          \"title\": \"President\",\r\n          \"middleInitial\": \"M\",\r\n          \"ssn\": \"321234324\",\r\n          \"birthDate\": \"2000-03-23\",\r\n          \"phoneNumberExt\": \"1234\",\r\n          \"phoneType\": \"mobile\",\r\n          \"alternatePhone\": \"5131234567\",\r\n          \"alternatePhoneType\": \"home\",\r\n          \"faxNumber\": \"5131234567\"\r\n        }\r\n      ],\r\n      \"addresses\": [\r\n        {\r\n          \"type\": \"Physical Address\",\r\n          \"addressLine1\": \"4355 N Coalwhipe St.\",\r\n          \"city\": \"Denver\",\r\n          \"state\": \"CO\",\r\n          \"country\": \"United States\",\r\n          \"postalCode\": \"12345\",\r\n          \"addressLine2\": \"suite 104\",\r\n          \"postalCodeExtension\": \"1234\"\r\n        }\r\n      ],\r\n      \"settlement\": [\r\n        {\r\n          \"settlementCategories\": [\r\n            \"Deposits\"\r\n          ],\r\n          \"bankAccount\": {\r\n            \"ddaType\": \"Checking\",\r\n            \"achType\": \"Commercial Checking\",\r\n            \"accountNumber\": \"011401545\",\r\n            \"routingNumber\": \"102000076\",\r\n            \"bankName\": \"Bank name\"\r\n          }\r\n        }\r\n      ],\r\n      \"equipment\": {\r\n        \"shippingOption\": \"next day\",\r\n        \"terminals\": [\r\n          {\r\n            \"terminalConfigs\": {\r\n              \"terminalId\": \"iCT220\",\r\n              \"price\": 187.99,\r\n              \"quantity\": 1,\r\n              \"logicalApplicationId\": \"MONE510\",\r\n              \"accessMethod\": \"SSL\",\r\n              \"paymentMethod\": \"PURCHASE / SALE\",\r\n              \"environmentName\": \"Retail\",\r\n              \"requestId\": \"41231\",\r\n              \"terminalModel\": \"Ingenico iCT220 CTLS 3.X Dial\",\r\n              \"isVar\": false,\r\n              \"emvCapable\": true,\r\n              \"leaseId\": \"12\",\r\n              \"leaseTermLength\": \"24\",\r\n              \"terminalSequenceNumber\": \"14\",\r\n              \"specialCustomizations\": \"Mulitple merchant setup is Yes\"\r\n            },\r\n            \"products\": [\r\n              {\r\n                \"productId\": \"1\",\r\n                \"productName\": \"Debit\"\r\n              }\r\n            ],\r\n            \"customizations\": [\r\n              {\r\n                \"customizationId\": \"10\",\r\n                \"customizationName\": \"Auto-Close Time\",\r\n                \"customizationFieldValue\": \"N\"\r\n              }\r\n            ],\r\n            \"peripherals\": [\r\n              {\r\n                \"peripheralId\": \"231\",\r\n                \"peripheralType\": \"PPAD\",\r\n                \"model\": \"Magtek Check Reader\",\r\n                \"leaseId\": \"18\",\r\n                \"leaseTermLength\": \"24\",\r\n                \"paymentMethod\": \"PURCHASE / SALE\",\r\n                \"amount\": \"220.21\",\r\n                \"paymentConfirmationNumber\": \"123456\"\r\n              }\r\n            ],\r\n            \"vendors\": [\r\n              {\r\n                \"paymentApplicationId\": \"9\",\r\n                \"paymentApplicationName\": \"PurchaseExpress\",\r\n                \"vendorId\": \"4\",\r\n                \"version\": \"1\",\r\n                \"reseller\": \"Agilysys Inc\",\r\n                \"lastUpgradeDate\": \"2012-02-18T00:00:00.000Z\",\r\n                \"notes\": \"Paymetric Gateway v3\"\r\n              }\r\n            ],\r\n            \"gateways\": [\r\n              {\r\n                \"gatewayId\": \"15\",\r\n                \"gatewayName\": \"Paymetric Gateway\",\r\n                \"notes\": \"Paymetric Gateway v3\"\r\n              }\r\n            ],\r\n            \"supply\": [\r\n              {\r\n                \"supplyType\": \"supplyType37\",\r\n                \"name\": \"name53\",\r\n                \"quantity\": 2,\r\n                \"total\": \"220.21\"\r\n              }\r\n            ],\r\n            \"deployment\": {\r\n              \"equipmentUpdateDeploy\": \"M\",\r\n              \"terminalBuildFlag\": true,\r\n              \"frontEndBuildFlag\": true,\r\n              \"sicMerchantFlag\": false,\r\n              \"specialInstructions\": \"Retail - H52460A (SP)\"\r\n            }\r\n          }\r\n        ]\r\n      },\r\n      \"additionalInformation\": [\r\n        {\r\n          \"key\": \"partnerEmployeeName\",\r\n          \"value\": \"Rob Test\"\r\n        }\r\n      ]\r\n    }\r\n  ],\r\n  \"salesAgent\": {\r\n    \"firstName\": \"John\",\r\n    \"lastName\": \"Doe\",\r\n    \"email\": \"email25\",\r\n    \"id\": \"U15315\",\r\n    \"mobilePhoneNumber\": \"1234567890\"\r\n  }\r\n}",
              "disabled": false
            },
            "description": "This endpoint retrieves the list of the current added locations to update for a merchant by the returned id or externalRefId from the POST/addlocations endpoint. "
          },
          "response": [
            {
              "header": [
                {
                  "key": "v-correlation-id",
                  "value": "",
                  "disabled": false
                },
                {
                  "key": "Content-Type",
                  "value": "application/json",
                  "disabled": false
                }
              ],
              "body": "{\r\n  \"chainCode\": \"0C12B5\",\r\n  \"authorizedSigner\": {\r\n    \"firstName\": \"Todd\",\r\n    \"lastName\": \"Davis\",\r\n    \"phoneNumber\": \"5131234567\",\r\n    \"email\": \"test@gmail.com\",\r\n    \"signingExperience\": \"email\"\r\n  },\r\n  \"id\": \"90f719a1-5b0e-47b1-af9f-f32027c0795d\",\r\n  \"locationLevelBilling\": false,\r\n  \"merchantId\": \"4445091191791\",\r\n  \"locations\": [\r\n    {\r\n      \"businessInfo\": {\r\n        \"locationName\": \"The Location Name\"\r\n      },\r\n      \"contacts\": [\r\n        {\r\n          \"type\": \"Primary Contact\",\r\n          \"firstName\": \"Todd\",\r\n          \"lastName\": \"Davis\",\r\n          \"phoneNumber\": \"5131234567\",\r\n          \"email\": \"test@gmail.com\",\r\n          \"title\": \"President\",\r\n          \"middleInitial\": \"M\",\r\n          \"ssn\": \"321234324\",\r\n          \"birthDate\": \"2000-03-23\",\r\n          \"phoneNumberExt\": \"1234\",\r\n          \"phoneType\": \"mobile\",\r\n          \"alternatePhone\": \"5131234567\",\r\n          \"alternatePhoneType\": \"home\",\r\n          \"faxNumber\": \"5131234567\"\r\n        }\r\n      ],\r\n      \"addresses\": [\r\n        {\r\n          \"type\": \"Physical Address\",\r\n          \"addressLine1\": \"4355 N Coalwhipe St.\",\r\n          \"city\": \"Denver\",\r\n          \"state\": \"CO\",\r\n          \"country\": \"United States\",\r\n          \"postalCode\": \"12345\",\r\n          \"addressLine2\": \"suite 104\",\r\n          \"postalCodeExtension\": \"1234\"\r\n        }\r\n      ],\r\n      \"settlement\": [\r\n        {\r\n          \"settlementCategories\": [\r\n            \"Deposits\"\r\n          ],\r\n          \"bankAccount\": {\r\n            \"ddaType\": \"Checking\",\r\n            \"achType\": \"Commercial Checking\",\r\n            \"accountNumber\": \"011401545\",\r\n            \"routingNumber\": \"102000076\",\r\n            \"bankName\": \"Bank name\"\r\n          }\r\n        }\r\n      ],\r\n      \"equipment\": {\r\n        \"shippingOption\": \"next day\",\r\n        \"terminals\": [\r\n          {\r\n            \"terminalConfigs\": {\r\n              \"terminalId\": \"iCT220\",\r\n              \"price\": 187.99,\r\n              \"quantity\": 1,\r\n              \"logicalApplicationId\": \"MONE510\",\r\n              \"accessMethod\": \"SSL\",\r\n              \"paymentMethod\": \"PURCHASE / SALE\",\r\n              \"environmentName\": \"Retail\",\r\n              \"requestId\": \"41231\",\r\n              \"terminalModel\": \"Ingenico iCT220 CTLS 3.X Dial\",\r\n              \"isVar\": false,\r\n              \"emvCapable\": true,\r\n              \"leaseId\": \"12\",\r\n              \"leaseTermLength\": \"24\",\r\n              \"terminalSequenceNumber\": \"14\",\r\n              \"specialCustomizations\": \"Mulitple merchant setup is Yes\"\r\n            },\r\n            \"products\": [\r\n              {\r\n                \"productId\": \"1\",\r\n                \"productName\": \"Debit\"\r\n              }\r\n            ],\r\n            \"customizations\": [\r\n              {\r\n                \"customizationId\": \"10\",\r\n                \"customizationName\": \"Auto-Close Time\",\r\n                \"customizationFieldValue\": \"N\"\r\n              }\r\n            ],\r\n            \"peripherals\": [\r\n              {\r\n                \"peripheralId\": \"231\",\r\n                \"peripheralType\": \"PPAD\",\r\n                \"model\": \"Magtek Check Reader\",\r\n                \"leaseId\": \"18\",\r\n                \"leaseTermLength\": \"24\",\r\n                \"paymentMethod\": \"PURCHASE / SALE\",\r\n                \"amount\": \"220.21\",\r\n                \"paymentConfirmationNumber\": \"123456\"\r\n              }\r\n            ],\r\n            \"vendors\": [\r\n              {\r\n                \"paymentApplicationId\": \"9\",\r\n                \"paymentApplicationName\": \"PurchaseExpress\",\r\n                \"vendorId\": \"4\",\r\n                \"version\": \"1\",\r\n                \"reseller\": \"Agilysys Inc\",\r\n                \"lastUpgradeDate\": \"2012-02-18T00:00:00.000Z\",\r\n                \"notes\": \"Paymetric Gateway v3\"\r\n              }\r\n            ],\r\n            \"gateways\": [\r\n              {\r\n                \"gatewayId\": \"15\",\r\n                \"gatewayName\": \"Paymetric Gateway\",\r\n                \"notes\": \"Paymetric Gateway v3\"\r\n              }\r\n            ],\r\n            \"supply\": [\r\n              {\r\n                \"supplyType\": \"supplyType84\",\r\n                \"name\": \"name16\",\r\n                \"quantity\": 2,\r\n                \"total\": \"220.21\"\r\n              }\r\n            ],\r\n            \"deployment\": {\r\n              \"equipmentUpdateDeploy\": \"M\",\r\n              \"terminalBuildFlag\": true,\r\n              \"frontEndBuildFlag\": true,\r\n              \"sicMerchantFlag\": false,\r\n              \"specialInstructions\": \"Retail - H52460A (SP)\"\r\n            }\r\n          }\r\n        ]\r\n      },\r\n      \"additionalInformation\": [\r\n        {\r\n          \"key\": \"partnerEmployeeName\",\r\n          \"value\": \"Rob Test\"\r\n        }\r\n      ]\r\n    }\r\n  ],\r\n  \"salesAgent\": {\r\n    \"firstName\": \"John\",\r\n    \"lastName\": \"Doe\",\r\n    \"email\": \"email0\",\r\n    \"id\": \"U15315\",\r\n    \"mobilePhoneNumber\": \"1234567890\"\r\n  }\r\n}",
              "status": "Success",
              "code": 200,
              "name": "Response_200",
              "id": "efb89810-50bd-4e3c-834a-4388ad745cd7"
            }
          ]
        }
      ]
    },
    {
      "name": "Board and Contract",
      "description": "Resources to board the add location application & submit the contract.",
      "item": [
        {
          "id": "c61748ba-a196-47c8-a0bf-c7643f87dd41",
          "name": "BoardAddLocation",
          "request": {
            "url": {
              "protocol": "https",
              "host": "apis.cert.worldpay.com",
              "path": [
                "merchant-boarding",
                "v2",
                "addlocations",
                "addlocations/board"
              ]
            },
            "method": "PUT",
            "header": [
              {
                "key": "Content-Type",
                "value": "application/json",
                "description": "",
                "disabled": false
              },
              {
                "key": "v-correlation-id",
                "value": "3fcb1437-4e52-4946-9ae1-e618351b6d16",
                "description": "Unique transaction Id. Will be generated if not provided and returned in response headers.",
                "disabled": false
              },
              {
                "key": "Accept",
                "value": "application/json",
                "disabled": false
              }
            ],
            "body": {
              "mode": "raw",
              "raw": "{\r\n  \"id\": \"7af8fc72-e809-4886-af90-deb6ef61979a\"\r\n}",
              "disabled": false
            },
            "description": "This endpoint initiates the merchant boarding process after all necessary information has been submitted to the add locations API. "
          },
          "response": [
            {
              "header": [
                {
                  "key": "v-correlation-id",
                  "value": "",
                  "disabled": false
                },
                {
                  "key": "Content-Type",
                  "value": "application/json",
                  "disabled": false
                }
              ],
              "body": "{\r\n  \"id\": \"b39a46a1-03e9-4cc6-ba22-350e3fa1d81d\"\r\n}",
              "status": "Success",
              "code": 200,
              "name": "Response_200",
              "id": "236a111d-0784-4494-bd57-a1b3d5a3661f"
            }
          ]
        },
        {
          "id": "8a4926ba-a2d9-46ab-a894-3f6284977f23",
          "name": "RetrieveAddLocationDocument",
          "request": {
            "url": {
              "protocol": "https",
              "host": "apis.cert.worldpay.com",
              "path": [
                "merchant-boarding",
                "v2",
                "addlocations",
                "addlocations/documentlinks"
              ]
            },
            "method": "POST",
            "header": [
              {
                "key": "Content-Type",
                "value": "application/json",
                "description": "",
                "disabled": false
              },
              {
                "key": "v-correlation-id",
                "value": "3fcb1437-4e52-4946-9ae1-e618351b6d16",
                "description": "Unique transaction Id. Will be generated if not provided and returned in response headers.",
                "disabled": false
              },
              {
                "key": "Accept",
                "value": "application/json",
                "disabled": false
              }
            ],
            "body": {
              "mode": "raw",
              "raw": "{\r\n  \"externalRefid\": \"cdf6107c-1041-4981-a84b-607031e7b3f1\",\r\n  \"returnUrl\": \"https://demo.docusign.net/Signing\"\r\n}",
              "disabled": false
            },
            "description": "This endpoint retrieves a Docusign link for the add locations application to view the contract for the merchant ."
          },
          "response": [
            {
              "header": [
                {
                  "key": "v-correlation-id",
                  "value": "",
                  "disabled": false
                },
                {
                  "key": "Content-Type",
                  "value": "application/json",
                  "disabled": false
                }
              ],
              "body": "{\r\n  \"embeddingUrl\": \"https://demo.docusign.net/Signing/StartInSession.aspx?t=7f0d21a4-2798-402f-8b26-b12dbb37ae40\"\r\n}",
              "status": "Success",
              "code": 200,
              "name": "Response_200",
              "id": "70d4e0ec-0ac1-4de5-8dd6-1e88bfdcda22"
            }
          ]
        },
        {
          "id": "0abec9d9-283b-4056-be81-547de0b60832",
          "name": "GetContract",
          "request": {
            "url": {
              "protocol": "https",
              "host": "apis.cert.worldpay.com",
              "path": [
                "merchant-boarding",
                "v2",
                "addlocations",
                "addlocations/contracts"
              ]
            },
            "method": "GET",
            "header": [
              {
                "key": "id",
                "value": "c535da94-f541-4689-9952-7d864915e900",
                "description": "id or externalRefId returned from POST /addlocations call.",
                "disabled": false
              },
              {
                "key": "v-correlation-id",
                "value": "3fcb1437-4e52-4946-9ae1-e618351b6d16",
                "description": "Unique transaction Id. Will be generated if not provided and returned in response headers.",
                "disabled": false
              },
              {
                "key": "Accept",
                "value": "application/pdf,application/json",
                "disabled": false
              }
            ],
            "body": {
              "mode": "raw",
              "disabled": false
            },
            "description": "This endpoint returns a PDF version of the contract to review for the merchant."
          },
          "response": [
            {
              "header": [
                {
                  "key": "v-correlation-id",
                  "value": "",
                  "disabled": false
                },
                {
                  "key": "Content-Type",
                  "value": "application/pdf",
                  "disabled": false
                }
              ],
              "body": "any",
              "status": "Response is a PDF file.",
              "code": 200,
              "name": "Response_200",
              "id": "fff8fdf5-1a95-4979-a6ca-58aa9a85bc68"
            }
          ]
        }
      ]
    },
    {
      "name": "Other Services",
      "description": "Resource to create/edit and read other services",
      "item": [
        {
          "id": "3c73ab25-eb46-4623-b73f-bb1234d38e36",
          "name": "GetEnrollments",
          "request": {
            "url": {
              "protocol": "https",
              "host": "apis.cert.worldpay.com",
              "path": [
                "merchant-boarding",
                "v2",
                "addlocations",
                "addlocations/:id/other-services/enrollments"
              ],
              "variable": [
                {
                  "id": "id",
                  "key": "id",
                  "value": "id77",
                  "type": "string",
                  "description": "id or externalRefId returned from POST /addlocations call."
                }
              ]
            },
            "method": "GET",
            "header": [
              {
                "key": "v-correlation-id",
                "value": "3fcb1437-4e52-4946-9ae1-e618351b6d16",
                "description": "Unique transaction Id. Will be generated if not provided and returned in response headers.",
                "disabled": false
              },
              {
                "key": "Content-Type",
                "value": "application/json",
                "description": "Indicates the media type of the request-body. Accepts application/json.",
                "disabled": false
              },
              {
                "key": "Accept",
                "value": "application/json",
                "disabled": false
              }
            ],
            "body": {
              "mode": "raw",
              "disabled": false
            },
            "description": "This endpoint collects the additional services information for a new add location"
          },
          "response": [
            {
              "header": [
                {
                  "key": "v-correlation-id",
                  "value": "",
                  "disabled": false
                },
                {
                  "key": "Content-Type",
                  "value": "application/json",
                  "disabled": false
                }
              ],
              "body": "{\r\n  \"services\": [\r\n    {\r\n      \"serviceName\": \"commerce360\",\r\n      \"optIn\": true\r\n    }\r\n  ],\r\n  \"commerce360\": {\r\n    \"type\": \"basic\"\r\n  }\r\n}",
              "status": "Created",
              "code": 201,
              "name": "Response_201",
              "id": "0fa53277-d756-4b16-83e6-59fdb0227540"
            }
          ]
        },
        {
          "id": "7dc3be6c-e306-4e99-88fe-feb5f938bec0",
          "name": "UpdateEnrollments",
          "request": {
            "url": {
              "protocol": "https",
              "host": "apis.cert.worldpay.com",
              "path": [
                "merchant-boarding",
                "v2",
                "addlocations",
                "addlocations/:id/other-services/enrollments"
              ],
              "variable": [
                {
                  "id": "id",
                  "key": "id",
                  "value": "id11",
                  "type": "string",
                  "description": "id or externalRefId returned from POST /addlocations call."
                }
              ]
            },
            "method": "PUT",
            "header": [
              {
                "key": "v-correlation-id",
                "value": "3fcb1437-4e52-4946-9ae1-e618351b6d16",
                "description": "Unique transaction Id. Will be generated if not provided and returned in response headers.",
                "disabled": false
              },
              {
                "key": "Content-Type",
                "value": "application/json",
                "description": "Indicates the media type of the request-body. Accepts application/json.",
                "disabled": false
              },
              {
                "key": "Accept",
                "value": "application/json",
                "disabled": false
              }
            ],
            "body": {
              "mode": "raw",
              "raw": "{\r\n  \"services\": [\r\n    {\r\n      \"serviceName\": \"commerce360\",\r\n      \"optIn\": true\r\n    }\r\n  ],\r\n  \"commerce360\": {\r\n    \"type\": \"premium\"\r\n  }\r\n}",
              "disabled": false
            },
            "description": "This endpoint collects the additional services information for a new add location"
          },
          "response": [
            {
              "header": [
                {
                  "key": "v-correlation-id",
                  "value": "",
                  "disabled": false
                },
                {
                  "key": "Content-Type",
                  "value": "application/json",
                  "disabled": false
                }
              ],
              "body": "{\r\n  \"services\": [\r\n    {\r\n      \"serviceName\": \"commerce360\",\r\n      \"optIn\": true\r\n    }\r\n  ],\r\n  \"commerce360\": {\r\n    \"type\": \"basic\"\r\n  }\r\n}",
              "status": "Created",
              "code": 201,
              "name": "Response_201",
              "id": "5cd01c26-5e5a-437c-8597-8d46b6bd1695"
            }
          ]
        },
        {
          "id": "084e5afe-99e5-4392-ae7f-6af2d42d0a7e",
          "name": "AddEnrollments",
          "request": {
            "url": {
              "protocol": "https",
              "host": "apis.cert.worldpay.com",
              "path": [
                "merchant-boarding",
                "v2",
                "addlocations",
                "addlocations/:id/other-services/enrollments"
              ],
              "variable": [
                {
                  "id": "id",
                  "key": "id",
                  "value": "id70",
                  "type": "string",
                  "description": "id or externalRefId returned from POST /addlocations call."
                }
              ]
            },
            "method": "POST",
            "header": [
              {
                "key": "v-correlation-id",
                "value": "3fcb1437-4e52-4946-9ae1-e618351b6d16",
                "description": "Unique transaction Id. Will be generated if not provided and returned in response headers.",
                "disabled": false
              },
              {
                "key": "Content-Type",
                "value": "application/json",
                "description": "Indicates the media type of the request-body. Accepts application/json.",
                "disabled": false
              },
              {
                "key": "Accept",
                "value": "application/json",
                "disabled": false
              }
            ],
            "body": {
              "mode": "raw",
              "raw": "{\r\n  \"services\": [\r\n    {\r\n      \"serviceName\": \"commerce360\",\r\n      \"optIn\": true\r\n    }\r\n  ],\r\n  \"commerce360\": {\r\n    \"type\": \"premium\"\r\n  }\r\n}",
              "disabled": false
            },
            "description": "This endpoint collects the additional services information for a new add location"
          },
          "response": [
            {
              "header": [
                {
                  "key": "v-correlation-id",
                  "value": "",
                  "disabled": false
                },
                {
                  "key": "Content-Type",
                  "value": "application/json",
                  "disabled": false
                }
              ],
              "body": "{\r\n  \"services\": [\r\n    {\r\n      \"serviceName\": \"commerce360\",\r\n      \"optIn\": true\r\n    }\r\n  ],\r\n  \"commerce360\": {\r\n    \"type\": \"basic\"\r\n  }\r\n}",
              "status": "Created",
              "code": 201,
              "name": "Response_201",
              "id": "d9cb61ba-6c31-470f-88d7-816dfae2529f"
            }
          ]
        }
      ]
    }
  ],
  "variable": [],
  "auth": {
    "type": "apikey",
    "apikey": {
      "key": "Authorization",
      "value": "Authorization47",
      "in": "header"
    }
  }
}