{
  "_type": "export",
  "__export_format": 4,
  "__export_source": "apimatic.transformer",
  "resources": [
    {
      "name": "Launchpad: Non POS Add Locations",
      "_type": "workspace",
      "_id": "wrk_2c8a3a0361fe4d4c8b1b060802c8c7c2",
      "description": "This new Add Locations API helps existing merchants by allowing them to add new locations to their existing Merchant accounts. Merhcnats can add single or multi locations under the existing chain associated with their merchant accounts. </br> </br> To contact our certifications team, please email <a href=\"mailto:Certification2@worldpay.com\">Certification2@fisglobal.com</a>. </br> To contact the product team, please email <a href=\"mailto:APICustomerIntegration@worldpay.com\">APICustomerIntegration@worldpay.com</a> \n # Authentication \n<SecurityDefinitions />"
    },
    {
      "name": "Add Location",
      "_type": "request_group",
      "_id": "fld_a09c627beb1744ffb4de5b04068ccc3c",
      "parentId": "wrk_2c8a3a0361fe4d4c8b1b060802c8c7c2",
      "description": "Resources to create/edit and read a pending add location application."
    },
    {
      "name": "Board and Contract",
      "_type": "request_group",
      "_id": "fld_13151e98a30047dd911f0e044e315e7d",
      "parentId": "wrk_2c8a3a0361fe4d4c8b1b060802c8c7c2",
      "description": "Resources to board the add location application & submit the contract."
    },
    {
      "name": "Other Services",
      "_type": "request_group",
      "_id": "fld_20f31b95983d466d995956689c072420",
      "parentId": "wrk_2c8a3a0361fe4d4c8b1b060802c8c7c2",
      "description": "Resource to create/edit and read other services"
    },
    {
      "name": "CreateAddLocation",
      "method": "POST",
      "url": "https://apis.cert.worldpay.com/merchant-boarding/v2/addlocations /addlocations",
      "body": {
        "mimeType": "application/json",
        "text": "{\r\n  \"chainCode\": \"0C12B5\",\r\n  \"authorizedSigner\": {\r\n    \"firstName\": \"Todd\",\r\n    \"lastName\": \"Davis\",\r\n    \"phoneNumber\": \"5131234567\",\r\n    \"email\": \"test@gmail.com\",\r\n    \"signingExperience\": \"email\"\r\n  },\r\n  \"locationLevelBilling\": false,\r\n  \"merchantId\": \"4445091191791\",\r\n  \"locations\": [\r\n    {\r\n      \"businessInfo\": {\r\n        \"locationName\": \"The Location Name\"\r\n      },\r\n      \"contacts\": [\r\n        {\r\n          \"type\": \"Primary Contact\",\r\n          \"firstName\": \"Todd\",\r\n          \"lastName\": \"Davis\",\r\n          \"phoneNumber\": \"5131234567\",\r\n          \"email\": \"test@gmail.com\",\r\n          \"title\": \"President\",\r\n          \"middleInitial\": \"M\",\r\n          \"ssn\": \"321234324\",\r\n          \"birthDate\": \"2000-03-23\",\r\n          \"phoneNumberExt\": \"1234\",\r\n          \"phoneType\": \"mobile\",\r\n          \"alternatePhone\": \"5131234567\",\r\n          \"alternatePhoneType\": \"home\",\r\n          \"faxNumber\": \"5131234567\"\r\n        }\r\n      ],\r\n      \"addresses\": [\r\n        {\r\n          \"type\": \"Physical Address\",\r\n          \"addressLine1\": \"4355 N Coalwhipe St.\",\r\n          \"city\": \"Denver\",\r\n          \"state\": \"CO\",\r\n          \"country\": \"United States\",\r\n          \"postalCode\": \"12345\",\r\n          \"addressLine2\": \"suite 104\",\r\n          \"postalCodeExtension\": \"1234\"\r\n        }\r\n      ],\r\n      \"settlement\": [\r\n        {\r\n          \"settlementCategories\": [\r\n            \"Fees\"\r\n          ],\r\n          \"bankAccount\": {\r\n            \"ddaType\": \"Checking\",\r\n            \"achType\": \"Commercial Checking\",\r\n            \"accountNumber\": \"011401545\",\r\n            \"routingNumber\": \"102000076\",\r\n            \"bankName\": \"Bank name\"\r\n          }\r\n        }\r\n      ],\r\n      \"equipment\": {\r\n        \"shippingOption\": \"next day\",\r\n        \"terminals\": [\r\n          {\r\n            \"terminalConfigs\": {\r\n              \"terminalId\": \"iCT220\",\r\n              \"price\": 187.99,\r\n              \"quantity\": 1,\r\n              \"logicalApplicationId\": \"MONE510\",\r\n              \"accessMethod\": \"SSL\",\r\n              \"paymentMethod\": \"PURCHASE / SALE\",\r\n              \"environmentName\": \"Retail\",\r\n              \"requestId\": \"41231\",\r\n              \"terminalModel\": \"Ingenico iCT220 CTLS 3.X Dial\",\r\n              \"isVar\": false,\r\n              \"emvCapable\": true,\r\n              \"leaseId\": \"12\",\r\n              \"leaseTermLength\": \"24\",\r\n              \"terminalSequenceNumber\": \"14\",\r\n              \"specialCustomizations\": \"Mulitple merchant setup is Yes\"\r\n            },\r\n            \"products\": [\r\n              {\r\n                \"productId\": \"1\",\r\n                \"productName\": \"Debit\"\r\n              }\r\n            ],\r\n            \"customizations\": [\r\n              {\r\n                \"customizationId\": \"10\",\r\n                \"customizationName\": \"Auto-Close Time\",\r\n                \"customizationFieldValue\": \"N\"\r\n              }\r\n            ],\r\n            \"peripherals\": [\r\n              {\r\n                \"peripheralId\": \"231\",\r\n                \"peripheralType\": \"PPAD\",\r\n                \"model\": \"Magtek Check Reader\",\r\n                \"leaseId\": \"18\",\r\n                \"leaseTermLength\": \"24\",\r\n                \"paymentMethod\": \"PURCHASE / SALE\",\r\n                \"amount\": \"220.21\",\r\n                \"paymentConfirmationNumber\": \"123456\"\r\n              }\r\n            ],\r\n            \"vendors\": [\r\n              {\r\n                \"paymentApplicationId\": \"9\",\r\n                \"paymentApplicationName\": \"PurchaseExpress\",\r\n                \"vendorId\": \"4\",\r\n                \"version\": \"1\",\r\n                \"reseller\": \"Agilysys Inc\",\r\n                \"lastUpgradeDate\": \"2012-02-18T00:00:00.000Z\",\r\n                \"notes\": \"Paymetric Gateway v3\"\r\n              }\r\n            ],\r\n            \"gateways\": [\r\n              {\r\n                \"gatewayId\": \"15\",\r\n                \"gatewayName\": \"Paymetric Gateway\",\r\n                \"notes\": \"Paymetric Gateway v3\"\r\n              }\r\n            ],\r\n            \"supply\": [\r\n              {\r\n                \"supplyType\": \"supplyType80\",\r\n                \"name\": \"name97\",\r\n                \"quantity\": 2,\r\n                \"total\": \"220.21\"\r\n              }\r\n            ],\r\n            \"deployment\": {\r\n              \"equipmentUpdateDeploy\": \"M\",\r\n              \"terminalBuildFlag\": true,\r\n              \"frontEndBuildFlag\": true,\r\n              \"sicMerchantFlag\": false,\r\n              \"specialInstructions\": \"Retail - H52460A (SP)\"\r\n            }\r\n          }\r\n        ]\r\n      },\r\n      \"additionalInformation\": [\r\n        {\r\n          \"key\": \"partnerEmployeeName\",\r\n          \"value\": \"Rob Test\"\r\n        }\r\n      ]\r\n    }\r\n  ],\r\n  \"salesAgent\": {\r\n    \"firstName\": \"John\",\r\n    \"lastName\": \"Doe\",\r\n    \"email\": \"email92\",\r\n    \"id\": \"U15315\",\r\n    \"mobilePhoneNumber\": \"1234567890\"\r\n  }\r\n}"
      },
      "headers": [
        {
          "name": "v-correlation-id",
          "value": "3fcb1437-4e52-4946-9ae1-e618351b6d16",
          "disabled": false
        },
        {
          "name": "Content-Type",
          "value": "application/json",
          "disabled": false
        },
        {
          "name": "Authorization",
          "value": "Authorization6",
          "disabled": false
        }
      ],
      "_type": "request",
      "_id": "req_4c5e7c18a62a43cf94148a6f8c411a17",
      "parentId": "fld_a09c627beb1744ffb4de5b04068ccc3c",
      "description": "This endpoint collects the merchant information to initiate a new add locations application. "
    },
    {
      "name": "GetAddLocation",
      "method": "GET",
      "url": "https://apis.cert.worldpay.com/merchant-boarding/v2/addlocations /addlocations/{id}",
      "headers": [
        {
          "name": "v-correlation-id",
          "value": "3fcb1437-4e52-4946-9ae1-e618351b6d16",
          "disabled": false
        },
        {
          "name": "Authorization",
          "value": "Authorization61",
          "disabled": false
        }
      ],
      "_type": "request",
      "_id": "req_9d5d303da47b4afbbcfa0fcc65411402",
      "parentId": "fld_a09c627beb1744ffb4de5b04068ccc3c",
      "description": "This endpoint retrieves the list of the current added locations to review for a merchant by the returned id or externalRefId from the POST/addlocations endpoint. "
    },
    {
      "name": "UpdateAAddLocation",
      "method": "PUT",
      "url": "https://apis.cert.worldpay.com/merchant-boarding/v2/addlocations /addlocations/{id}",
      "body": {
        "mimeType": "application/json",
        "text": "{\r\n  \"chainCode\": \"0C12B5\",\r\n  \"authorizedSigner\": {\r\n    \"firstName\": \"Todd\",\r\n    \"lastName\": \"Davis\",\r\n    \"phoneNumber\": \"5131234567\",\r\n    \"email\": \"test@gmail.com\",\r\n    \"signingExperience\": \"email\"\r\n  },\r\n  \"locationLevelBilling\": false,\r\n  \"merchantId\": \"4445091191791\",\r\n  \"locations\": [\r\n    {\r\n      \"businessInfo\": {\r\n        \"locationName\": \"The Location Name\"\r\n      },\r\n      \"contacts\": [\r\n        {\r\n          \"type\": \"Primary Contact\",\r\n          \"firstName\": \"Todd\",\r\n          \"lastName\": \"Davis\",\r\n          \"phoneNumber\": \"5131234567\",\r\n          \"email\": \"test@gmail.com\",\r\n          \"title\": \"President\",\r\n          \"middleInitial\": \"M\",\r\n          \"ssn\": \"321234324\",\r\n          \"birthDate\": \"2000-03-23\",\r\n          \"phoneNumberExt\": \"1234\",\r\n          \"phoneType\": \"mobile\",\r\n          \"alternatePhone\": \"5131234567\",\r\n          \"alternatePhoneType\": \"home\",\r\n          \"faxNumber\": \"5131234567\"\r\n        }\r\n      ],\r\n      \"addresses\": [\r\n        {\r\n          \"type\": \"Physical Address\",\r\n          \"addressLine1\": \"4355 N Coalwhipe St.\",\r\n          \"city\": \"Denver\",\r\n          \"state\": \"CO\",\r\n          \"country\": \"United States\",\r\n          \"postalCode\": \"12345\",\r\n          \"addressLine2\": \"suite 104\",\r\n          \"postalCodeExtension\": \"1234\"\r\n        }\r\n      ],\r\n      \"settlement\": [\r\n        {\r\n          \"settlementCategories\": [\r\n            \"Fees\"\r\n          ],\r\n          \"bankAccount\": {\r\n            \"ddaType\": \"Checking\",\r\n            \"achType\": \"Commercial Checking\",\r\n            \"accountNumber\": \"011401545\",\r\n            \"routingNumber\": \"102000076\",\r\n            \"bankName\": \"Bank name\"\r\n          }\r\n        }\r\n      ],\r\n      \"equipment\": {\r\n        \"shippingOption\": \"next day\",\r\n        \"terminals\": [\r\n          {\r\n            \"terminalConfigs\": {\r\n              \"terminalId\": \"iCT220\",\r\n              \"price\": 187.99,\r\n              \"quantity\": 1,\r\n              \"logicalApplicationId\": \"MONE510\",\r\n              \"accessMethod\": \"SSL\",\r\n              \"paymentMethod\": \"PURCHASE / SALE\",\r\n              \"environmentName\": \"Retail\",\r\n              \"requestId\": \"41231\",\r\n              \"terminalModel\": \"Ingenico iCT220 CTLS 3.X Dial\",\r\n              \"isVar\": false,\r\n              \"emvCapable\": true,\r\n              \"leaseId\": \"12\",\r\n              \"leaseTermLength\": \"24\",\r\n              \"terminalSequenceNumber\": \"14\",\r\n              \"specialCustomizations\": \"Mulitple merchant setup is Yes\"\r\n            },\r\n            \"products\": [\r\n              {\r\n                \"productId\": \"1\",\r\n                \"productName\": \"Debit\"\r\n              }\r\n            ],\r\n            \"customizations\": [\r\n              {\r\n                \"customizationId\": \"10\",\r\n                \"customizationName\": \"Auto-Close Time\",\r\n                \"customizationFieldValue\": \"N\"\r\n              }\r\n            ],\r\n            \"peripherals\": [\r\n              {\r\n                \"peripheralId\": \"231\",\r\n                \"peripheralType\": \"PPAD\",\r\n                \"model\": \"Magtek Check Reader\",\r\n                \"leaseId\": \"18\",\r\n                \"leaseTermLength\": \"24\",\r\n                \"paymentMethod\": \"PURCHASE / SALE\",\r\n                \"amount\": \"220.21\",\r\n                \"paymentConfirmationNumber\": \"123456\"\r\n              }\r\n            ],\r\n            \"vendors\": [\r\n              {\r\n                \"paymentApplicationId\": \"9\",\r\n                \"paymentApplicationName\": \"PurchaseExpress\",\r\n                \"vendorId\": \"4\",\r\n                \"version\": \"1\",\r\n                \"reseller\": \"Agilysys Inc\",\r\n                \"lastUpgradeDate\": \"2012-02-18T00:00:00.000Z\",\r\n                \"notes\": \"Paymetric Gateway v3\"\r\n              }\r\n            ],\r\n            \"gateways\": [\r\n              {\r\n                \"gatewayId\": \"15\",\r\n                \"gatewayName\": \"Paymetric Gateway\",\r\n                \"notes\": \"Paymetric Gateway v3\"\r\n              }\r\n            ],\r\n            \"supply\": [\r\n              {\r\n                \"supplyType\": \"supplyType80\",\r\n                \"name\": \"name97\",\r\n                \"quantity\": 2,\r\n                \"total\": \"220.21\"\r\n              }\r\n            ],\r\n            \"deployment\": {\r\n              \"equipmentUpdateDeploy\": \"M\",\r\n              \"terminalBuildFlag\": true,\r\n              \"frontEndBuildFlag\": true,\r\n              \"sicMerchantFlag\": false,\r\n              \"specialInstructions\": \"Retail - H52460A (SP)\"\r\n            }\r\n          }\r\n        ]\r\n      },\r\n      \"additionalInformation\": [\r\n        {\r\n          \"key\": \"partnerEmployeeName\",\r\n          \"value\": \"Rob Test\"\r\n        }\r\n      ]\r\n    }\r\n  ],\r\n  \"salesAgent\": {\r\n    \"firstName\": \"John\",\r\n    \"lastName\": \"Doe\",\r\n    \"email\": \"email92\",\r\n    \"id\": \"U15315\",\r\n    \"mobilePhoneNumber\": \"1234567890\"\r\n  }\r\n}"
      },
      "headers": [
        {
          "name": "Content-Type",
          "value": "application/json",
          "disabled": false
        },
        {
          "name": "v-correlation-id",
          "value": "3fcb1437-4e52-4946-9ae1-e618351b6d16",
          "disabled": false
        },
        {
          "name": "Authorization",
          "value": "Authorization31",
          "disabled": false
        }
      ],
      "_type": "request",
      "_id": "req_b36e6881eef8413db7fbb8795dcb3b1f",
      "parentId": "fld_a09c627beb1744ffb4de5b04068ccc3c",
      "description": "This endpoint retrieves the list of the current added locations to update for a merchant by the returned id or externalRefId from the POST/addlocations endpoint. "
    },
    {
      "name": "BoardAddLocation",
      "method": "PUT",
      "url": "https://apis.cert.worldpay.com/merchant-boarding/v2/addlocations /addlocations/board",
      "body": {
        "mimeType": "application/json",
        "text": "{\r\n  \"id\": \"812aea2b-be6e-4030-983d-03183124d2eb\"\r\n}"
      },
      "headers": [
        {
          "name": "Content-Type",
          "value": "application/json",
          "disabled": false
        },
        {
          "name": "v-correlation-id",
          "value": "3fcb1437-4e52-4946-9ae1-e618351b6d16",
          "disabled": false
        },
        {
          "name": "Authorization",
          "value": "Authorization79",
          "disabled": false
        }
      ],
      "_type": "request",
      "_id": "req_159091d5f8b94ea59f32c8b45d90dfe1",
      "parentId": "fld_13151e98a30047dd911f0e044e315e7d",
      "description": "This endpoint initiates the merchant boarding process after all necessary information has been submitted to the add locations API. "
    },
    {
      "name": "RetrieveAddLocationDocument",
      "method": "POST",
      "url": "https://apis.cert.worldpay.com/merchant-boarding/v2/addlocations /addlocations/documentlinks",
      "body": {
        "mimeType": "application/json",
        "text": "{\r\n  \"externalRefid\": \"27bc329b-13be-4692-aafe-26f99e1f0d98\",\r\n  \"returnUrl\": \"https://demo.docusign.net/Signing\"\r\n}"
      },
      "headers": [
        {
          "name": "Content-Type",
          "value": "application/json",
          "disabled": false
        },
        {
          "name": "v-correlation-id",
          "value": "3fcb1437-4e52-4946-9ae1-e618351b6d16",
          "disabled": false
        },
        {
          "name": "Authorization",
          "value": "Authorization32",
          "disabled": false
        }
      ],
      "_type": "request",
      "_id": "req_11c4645f35124b779284cbacf24bf094",
      "parentId": "fld_13151e98a30047dd911f0e044e315e7d",
      "description": "This endpoint retrieves a Docusign link for the add locations application to view the contract for the merchant ."
    },
    {
      "name": "GetContract",
      "method": "GET",
      "url": "https://apis.cert.worldpay.com/merchant-boarding/v2/addlocations /addlocations/contracts",
      "headers": [
        {
          "name": "id",
          "value": "c535da94-f541-4689-9952-7d864915e900",
          "disabled": false
        },
        {
          "name": "v-correlation-id",
          "value": "3fcb1437-4e52-4946-9ae1-e618351b6d16",
          "disabled": false
        },
        {
          "name": "Authorization",
          "value": "Authorization28",
          "disabled": false
        }
      ],
      "_type": "request",
      "_id": "req_60e7d0a8d7cd44949b6cc66a6e2ef846",
      "parentId": "fld_13151e98a30047dd911f0e044e315e7d",
      "description": "This endpoint returns a PDF version of the contract to review for the merchant."
    },
    {
      "name": "GetEnrollments",
      "method": "GET",
      "url": "https://apis.cert.worldpay.com/merchant-boarding/v2/addlocations /addlocations/{id}/other-services/enrollments",
      "headers": [
        {
          "name": "v-correlation-id",
          "value": "3fcb1437-4e52-4946-9ae1-e618351b6d16",
          "disabled": false
        },
        {
          "name": "Content-Type",
          "value": "application/json",
          "disabled": false
        },
        {
          "name": "Authorization",
          "value": "Authorization8",
          "disabled": false
        }
      ],
      "_type": "request",
      "_id": "req_724c0a0df0bd4b0ba95b78f9745aa123",
      "parentId": "fld_20f31b95983d466d995956689c072420",
      "description": "This endpoint collects the additional services information for a new add location"
    },
    {
      "name": "UpdateEnrollments",
      "method": "PUT",
      "url": "https://apis.cert.worldpay.com/merchant-boarding/v2/addlocations /addlocations/{id}/other-services/enrollments",
      "body": {
        "mimeType": "application/json",
        "text": "{\r\n  \"services\": [\r\n    {\r\n      \"serviceName\": \"commerce360\",\r\n      \"optIn\": false\r\n    }\r\n  ],\r\n  \"commerce360\": {\r\n    \"type\": \"premium\"\r\n  }\r\n}"
      },
      "headers": [
        {
          "name": "v-correlation-id",
          "value": "3fcb1437-4e52-4946-9ae1-e618351b6d16",
          "disabled": false
        },
        {
          "name": "Content-Type",
          "value": "application/json",
          "disabled": false
        },
        {
          "name": "Authorization",
          "value": "Authorization86",
          "disabled": false
        }
      ],
      "_type": "request",
      "_id": "req_929792847bae4eda9552f1790c522ec1",
      "parentId": "fld_20f31b95983d466d995956689c072420",
      "description": "This endpoint collects the additional services information for a new add location"
    },
    {
      "name": "AddEnrollments",
      "method": "POST",
      "url": "https://apis.cert.worldpay.com/merchant-boarding/v2/addlocations /addlocations/{id}/other-services/enrollments",
      "body": {
        "mimeType": "application/json",
        "text": "{\r\n  \"services\": [\r\n    {\r\n      \"serviceName\": \"commerce360\",\r\n      \"optIn\": false\r\n    }\r\n  ],\r\n  \"commerce360\": {\r\n    \"type\": \"premium\"\r\n  }\r\n}"
      },
      "headers": [
        {
          "name": "v-correlation-id",
          "value": "3fcb1437-4e52-4946-9ae1-e618351b6d16",
          "disabled": false
        },
        {
          "name": "Content-Type",
          "value": "application/json",
          "disabled": false
        },
        {
          "name": "Authorization",
          "value": "Authorization19",
          "disabled": false
        }
      ],
      "_type": "request",
      "_id": "req_710b1a6aa1c44a1b8eb905dc1c2ee8d6",
      "parentId": "fld_20f31b95983d466d995956689c072420",
      "description": "This endpoint collects the additional services information for a new add location"
    }
  ]
}