{
  "swaggerVersion": "1.2",
  "basePath": "https://apis.cert.worldpay.com/merchant-boarding/v2/addlocations ",
  "resourcePath": "/",
  "apis": [
    {
      "path": "/addlocations",
      "operations": [
        {
          "method": "POST",
          "summary": "This endpoint collects the merchant information to initiate a new add locations application. ",
          "nickname": "CreateAddLocation",
          "parameters": [
            {
              "name": "body",
              "description": "",
              "paramType": "body",
              "required": true,
              "allowMultiple": false,
              "defaultValue": "",
              "uniqueItems": false,
              "type": "AddLocation"
            },
            {
              "name": "v-correlation-id",
              "description": "Unique transaction Id. Will be generated if not provided and returned in response headers.",
              "paramType": "header",
              "required": false,
              "allowMultiple": false,
              "defaultValue": "",
              "uniqueItems": false,
              "type": "string"
            },
            {
              "name": "Content-Type",
              "description": "Indicates the media type of the request-body. Accepts application/json.",
              "paramType": "header",
              "required": false,
              "allowMultiple": false,
              "defaultValue": "application/json",
              "enum": [
                "application/json"
              ],
              "uniqueItems": false,
              "type": "string"
            }
          ],
          "authorizations": {
            "api_key": []
          },
          "produces": [
            "application/json"
          ],
          "consumes": [
            "application/json"
          ],
          "responseMessages": [],
          "uniqueItems": false,
          "$ref": "AddLocation"
        }
      ]
    },
    {
      "path": "/addlocations/{id}",
      "operations": [
        {
          "method": "GET",
          "summary": "This endpoint retrieves the list of the current added locations to review for a merchant by the returned id or externalRefId from the POST/addlocations endpoint. ",
          "nickname": "GetAddLocation",
          "parameters": [
            {
              "name": "id",
              "description": "id or externalRefId returned from POST /addlocations call.",
              "paramType": "path",
              "required": true,
              "allowMultiple": false,
              "defaultValue": "",
              "uniqueItems": false,
              "type": "string"
            },
            {
              "name": "v-correlation-id",
              "description": "Unique transaction Id. Will be generated if not provided and returned in response headers.",
              "paramType": "header",
              "required": false,
              "allowMultiple": false,
              "defaultValue": "",
              "uniqueItems": false,
              "type": "string"
            }
          ],
          "authorizations": {
            "api_key": []
          },
          "produces": [
            "application/json"
          ],
          "responseMessages": [],
          "uniqueItems": false,
          "$ref": "AddLocation"
        },
        {
          "method": "PUT",
          "summary": "This endpoint retrieves the list of the current added locations to update for a merchant by the returned id or externalRefId from the POST/addlocations endpoint. ",
          "nickname": "UpdateAAddLocation",
          "parameters": [
            {
              "name": "id",
              "description": "id or externalRefId returned from POST /addlocations call.",
              "paramType": "path",
              "required": true,
              "allowMultiple": false,
              "defaultValue": "",
              "uniqueItems": false,
              "type": "string"
            },
            {
              "name": "Content-Type",
              "description": "",
              "paramType": "header",
              "required": true,
              "allowMultiple": false,
              "defaultValue": "application/json",
              "uniqueItems": false,
              "type": "string"
            },
            {
              "name": "body",
              "description": "",
              "paramType": "body",
              "required": true,
              "allowMultiple": false,
              "defaultValue": "",
              "uniqueItems": false,
              "type": "AddLocation"
            },
            {
              "name": "v-correlation-id",
              "description": "Unique transaction Id. Will be generated if not provided and returned in response headers.",
              "paramType": "header",
              "required": false,
              "allowMultiple": false,
              "defaultValue": "",
              "uniqueItems": false,
              "type": "string"
            }
          ],
          "authorizations": {
            "api_key": []
          },
          "produces": [
            "application/json"
          ],
          "consumes": [
            "application/json"
          ],
          "responseMessages": [],
          "uniqueItems": false,
          "$ref": "AddLocation"
        }
      ]
    },
    {
      "path": "/addlocations/board",
      "operations": [
        {
          "method": "PUT",
          "summary": "This endpoint initiates the merchant boarding process after all necessary information has been submitted to the add locations API. ",
          "nickname": "BoardAddLocation",
          "parameters": [
            {
              "name": "Content-Type",
              "description": "",
              "paramType": "header",
              "required": true,
              "allowMultiple": false,
              "defaultValue": "application/json",
              "uniqueItems": false,
              "type": "string"
            },
            {
              "name": "body",
              "description": "",
              "paramType": "body",
              "required": true,
              "allowMultiple": false,
              "defaultValue": "",
              "uniqueItems": false,
              "type": "addlocations_board_body"
            },
            {
              "name": "v-correlation-id",
              "description": "Unique transaction Id. Will be generated if not provided and returned in response headers.",
              "paramType": "header",
              "required": false,
              "allowMultiple": false,
              "defaultValue": "",
              "uniqueItems": false,
              "type": "string"
            }
          ],
          "authorizations": {
            "api_key": []
          },
          "produces": [
            "application/json"
          ],
          "consumes": [
            "application/json"
          ],
          "responseMessages": [],
          "uniqueItems": false,
          "$ref": "addlocations_board_body"
        }
      ]
    },
    {
      "path": "/addlocations/documentlinks",
      "operations": [
        {
          "method": "POST",
          "summary": "This endpoint retrieves a Docusign link for the add locations application to view the contract for the merchant .",
          "nickname": "RetrieveAddLocationDocument",
          "parameters": [
            {
              "name": "Content-Type",
              "description": "",
              "paramType": "header",
              "required": true,
              "allowMultiple": false,
              "defaultValue": "application/json",
              "uniqueItems": false,
              "type": "string"
            },
            {
              "name": "body",
              "description": "",
              "paramType": "body",
              "required": true,
              "allowMultiple": false,
              "defaultValue": "",
              "uniqueItems": false,
              "type": "addlocations_documentlinks_body"
            },
            {
              "name": "v-correlation-id",
              "description": "Unique transaction Id. Will be generated if not provided and returned in response headers.",
              "paramType": "header",
              "required": false,
              "allowMultiple": false,
              "defaultValue": "",
              "uniqueItems": false,
              "type": "string"
            }
          ],
          "authorizations": {
            "api_key": []
          },
          "produces": [
            "application/json"
          ],
          "consumes": [
            "application/json"
          ],
          "responseMessages": [],
          "uniqueItems": false,
          "$ref": "inline_response_200"
        }
      ]
    },
    {
      "path": "/addlocations/contracts",
      "operations": [
        {
          "method": "GET",
          "summary": "This endpoint returns a PDF version of the contract to review for the merchant.",
          "nickname": "GetContract",
          "parameters": [
            {
              "name": "id",
              "description": "id or externalRefId returned from POST /addlocations call.",
              "paramType": "header",
              "required": true,
              "allowMultiple": false,
              "defaultValue": "",
              "uniqueItems": false,
              "type": "string"
            },
            {
              "name": "v-correlation-id",
              "description": "Unique transaction Id. Will be generated if not provided and returned in response headers.",
              "paramType": "header",
              "required": false,
              "allowMultiple": false,
              "defaultValue": "",
              "uniqueItems": false,
              "type": "string"
            }
          ],
          "authorizations": {
            "api_key": []
          },
          "produces": [
            "application/pdf",
            "application/json"
          ],
          "responseMessages": [],
          "uniqueItems": false,
          "type": "object"
        }
      ]
    },
    {
      "path": "/addlocations/{id}/other-services/enrollments",
      "operations": [
        {
          "method": "GET",
          "summary": "This endpoint collects the additional services information for a new add location",
          "nickname": "GetEnrollments",
          "parameters": [
            {
              "name": "id",
              "description": "id or externalRefId returned from POST /addlocations call.",
              "paramType": "path",
              "required": true,
              "allowMultiple": false,
              "defaultValue": "",
              "uniqueItems": false,
              "type": "string"
            },
            {
              "name": "v-correlation-id",
              "description": "Unique transaction Id. Will be generated if not provided and returned in response headers.",
              "paramType": "header",
              "required": false,
              "allowMultiple": false,
              "defaultValue": "",
              "uniqueItems": false,
              "type": "string"
            },
            {
              "name": "Content-Type",
              "description": "Indicates the media type of the request-body. Accepts application/json.",
              "paramType": "header",
              "required": false,
              "allowMultiple": false,
              "defaultValue": "application/json",
              "enum": [
                "application/json"
              ],
              "uniqueItems": false,
              "type": "string"
            }
          ],
          "authorizations": {
            "api_key": []
          },
          "produces": [
            "application/json"
          ],
          "responseMessages": [],
          "uniqueItems": false,
          "$ref": "OtherServices"
        },
        {
          "method": "PUT",
          "summary": "This endpoint collects the additional services information for a new add location",
          "nickname": "UpdateEnrollments",
          "parameters": [
            {
              "name": "id",
              "description": "id or externalRefId returned from POST /addlocations call.",
              "paramType": "path",
              "required": true,
              "allowMultiple": false,
              "defaultValue": "",
              "uniqueItems": false,
              "type": "string"
            },
            {
              "name": "body",
              "description": "",
              "paramType": "body",
              "required": true,
              "allowMultiple": false,
              "defaultValue": "",
              "uniqueItems": false,
              "type": "OtherServices"
            },
            {
              "name": "v-correlation-id",
              "description": "Unique transaction Id. Will be generated if not provided and returned in response headers.",
              "paramType": "header",
              "required": false,
              "allowMultiple": false,
              "defaultValue": "",
              "uniqueItems": false,
              "type": "string"
            },
            {
              "name": "Content-Type",
              "description": "Indicates the media type of the request-body. Accepts application/json.",
              "paramType": "header",
              "required": false,
              "allowMultiple": false,
              "defaultValue": "application/json",
              "enum": [
                "application/json"
              ],
              "uniqueItems": false,
              "type": "string"
            }
          ],
          "authorizations": {
            "api_key": []
          },
          "produces": [
            "application/json"
          ],
          "consumes": [
            "application/json"
          ],
          "responseMessages": [],
          "uniqueItems": false,
          "$ref": "OtherServices"
        },
        {
          "method": "POST",
          "summary": "This endpoint collects the additional services information for a new add location",
          "nickname": "AddEnrollments",
          "parameters": [
            {
              "name": "id",
              "description": "id or externalRefId returned from POST /addlocations call.",
              "paramType": "path",
              "required": true,
              "allowMultiple": false,
              "defaultValue": "",
              "uniqueItems": false,
              "type": "string"
            },
            {
              "name": "body",
              "description": "",
              "paramType": "body",
              "required": true,
              "allowMultiple": false,
              "defaultValue": "",
              "uniqueItems": false,
              "type": "OtherServices"
            },
            {
              "name": "v-correlation-id",
              "description": "Unique transaction Id. Will be generated if not provided and returned in response headers.",
              "paramType": "header",
              "required": false,
              "allowMultiple": false,
              "defaultValue": "",
              "uniqueItems": false,
              "type": "string"
            },
            {
              "name": "Content-Type",
              "description": "Indicates the media type of the request-body. Accepts application/json.",
              "paramType": "header",
              "required": false,
              "allowMultiple": false,
              "defaultValue": "application/json",
              "enum": [
                "application/json"
              ],
              "uniqueItems": false,
              "type": "string"
            }
          ],
          "authorizations": {
            "api_key": []
          },
          "produces": [
            "application/json"
          ],
          "consumes": [
            "application/json"
          ],
          "responseMessages": [],
          "uniqueItems": false,
          "$ref": "OtherServices"
        }
      ]
    }
  ],
  "models": {
    "OtherServices": {
      "id": "OtherServices",
      "required": [],
      "properties": {
        "services": {
          "description": "",
          "items": {
            "$ref": "OtherServices_services"
          },
          "defaultValue": "",
          "uniqueItems": false,
          "type": "array"
        },
        "commerce360": {
          "description": "Select service type for Commerce360. Based on merchant card acceptance the service types offered need to change. For merchants with online and/or MOTO card acceptance - E-Commerce only needs to be offered. For remaining card acceptance types, - Basic, Premium and Omni-commerce need to be offered as eligible options",
          "defaultValue": "",
          "uniqueItems": false,
          "$ref": "OtherServices_commerce360"
        }
      }
    },
    "AddLocation": {
      "id": "AddLocation",
      "required": [
        "chainCode",
        "authorizedSigner"
      ],
      "properties": {
        "id": {
          "description": "AKA External Ref ID",
          "defaultValue": "",
          "uniqueItems": false,
          "type": "string"
        },
        "locationLevelBilling": {
          "description": "",
          "defaultValue": "false",
          "uniqueItems": false,
          "type": "boolean"
        },
        "chainCode": {
          "description": "Chain Code of the location that needs to be boarded under for the add location application.",
          "defaultValue": "",
          "uniqueItems": false,
          "type": "string"
        },
        "merchantId": {
          "description": "Merchant ID is associated with the Chain code & Merchant ID status is active",
          "defaultValue": "",
          "uniqueItems": false,
          "type": "string"
        },
        "authorizedSigner": {
          "description": "",
          "defaultValue": "",
          "uniqueItems": false,
          "$ref": "AddLocationAuthorizedSigner"
        },
        "locations": {
          "description": "",
          "items": {
            "$ref": "Location"
          },
          "defaultValue": "",
          "uniqueItems": false,
          "type": "array"
        },
        "salesAgent": {
          "description": "The agent who is submitting the deal.",
          "defaultValue": "",
          "uniqueItems": false,
          "$ref": "SalesAgent"
        }
      }
    },
    "SalesAgent": {
      "id": "SalesAgent",
      "description": "The agent who is submitting the deal.",
      "required": [
        "firstName",
        "lastName",
        "email"
      ],
      "properties": {
        "id": {
          "description": "Id for the Sales Contact.",
          "defaultValue": "",
          "uniqueItems": false,
          "type": "string"
        },
        "firstName": {
          "description": "Sales agent's first name.",
          "defaultValue": "",
          "uniqueItems": false,
          "type": "string"
        },
        "lastName": {
          "description": "Sales agent's last name.",
          "defaultValue": "",
          "uniqueItems": false,
          "type": "string"
        },
        "mobilePhoneNumber": {
          "description": "Sales agent's 10-digit phone number of the format 5131234567.",
          "defaultValue": "",
          "uniqueItems": false,
          "type": "string"
        },
        "email": {
          "description": "Sales agent's email address.  Must have @ and a .",
          "defaultValue": "",
          "uniqueItems": false,
          "type": "string"
        }
      }
    },
    "Location": {
      "id": "Location",
      "required": [
        "businessInfo"
      ],
      "properties": {
        "businessInfo": {
          "description": "",
          "defaultValue": "",
          "uniqueItems": false,
          "$ref": "LocationBusinessInfo"
        },
        "contacts": {
          "description": "",
          "items": {
            "$ref": "Contact"
          },
          "defaultValue": "",
          "uniqueItems": true,
          "type": "array"
        },
        "addresses": {
          "description": "",
          "items": {
            "$ref": "Address"
          },
          "defaultValue": "",
          "uniqueItems": true,
          "type": "array"
        },
        "settlement": {
          "description": "",
          "items": {
            "$ref": "Settlement_inner"
          },
          "defaultValue": "",
          "uniqueItems": false,
          "type": "array"
        },
        "equipment": {
          "description": "",
          "defaultValue": "",
          "uniqueItems": false,
          "$ref": "EquipmentSetup"
        },
        "additionalInformation": {
          "description": "",
          "items": {
            "$ref": "AdditionalInformationObject"
          },
          "defaultValue": "",
          "uniqueItems": false,
          "type": "array"
        }
      }
    },
    "LocationBusinessInfo": {
      "id": "LocationBusinessInfo",
      "required": [
        "locationName"
      ],
      "properties": {
        "locationName": {
          "description": "The merchant name they do business as.  Generally with what their customers know the business.",
          "defaultValue": "",
          "uniqueItems": false,
          "type": "string"
        }
      }
    },
    "AddLocationAuthorizedSigner": {
      "id": "AddLocationAuthorizedSigner",
      "required": [
        "firstName",
        "lastName",
        "phoneNumber",
        "email",
        "signingExperience"
      ],
      "properties": {
        "firstName": {
          "description": "First name. Region based validations will be applied to this field.",
          "defaultValue": "",
          "uniqueItems": false,
          "type": "string"
        },
        "lastName": {
          "description": "Last name. Region based validations will be applied to this field.",
          "defaultValue": "",
          "uniqueItems": false,
          "type": "string"
        },
        "phoneNumber": {
          "description": "10-digit phone number of the format  5131234567.",
          "defaultValue": "",
          "uniqueItems": false,
          "type": "string"
        },
        "email": {
          "description": "Email address of the contact. Must have @ and a .",
          "defaultValue": "",
          "uniqueItems": false,
          "type": "string"
        },
        "signingExperience": {
          "description": "Signing ceremony type",
          "defaultValue": "",
          "enum": [
            "embed",
            "email",
            "wet"
          ],
          "uniqueItems": false,
          "type": "string"
        }
      }
    },
    "Contact": {
      "id": "Contact",
      "required": [
        "type",
        "firstName",
        "lastName",
        "phoneNumber",
        "email"
      ],
      "properties": {
        "type": {
          "description": "Type of Merchant Contact. \n1) Only Primary contact is mandatory if contact object is present.\n2) For primary contact, firstName, lastName, phoneNumber and email are mandatory.",
          "defaultValue": "",
          "enum": [
            "Primary Contact",
            "Shipping Contact"
          ],
          "uniqueItems": false,
          "type": "string"
        },
        "title": {
          "description": "Required for AMEX acquired merchants otherwise optional.",
          "defaultValue": "",
          "uniqueItems": false,
          "type": "string"
        },
        "firstName": {
          "description": "First name. Region based validations will be applied to this field.",
          "defaultValue": "",
          "uniqueItems": false,
          "type": "string"
        },
        "middleInitial": {
          "description": "Middle initial.",
          "defaultValue": "",
          "uniqueItems": false,
          "type": "string"
        },
        "lastName": {
          "description": "Last name. Region based validations will be applied to this field.",
          "defaultValue": "",
          "uniqueItems": false,
          "type": "string"
        },
        "ssn": {
          "description": "Social security number. Do not include dashes. For testing purpose, must not be consecutive number like 123456789. Any random number",
          "defaultValue": "",
          "uniqueItems": false,
          "type": "string"
        },
        "birthDate": {
          "description": "Date of Birth (CCYY-MM-DD). Must be at least 18 years old.",
          "defaultValue": "",
          "uniqueItems": false,
          "type": "string",
          "format": "date"
        },
        "phoneNumber": {
          "description": "10-digit phone number of the format  5131234567.",
          "defaultValue": "",
          "uniqueItems": false,
          "type": "string"
        },
        "phoneNumberExt": {
          "description": "Phone number extension. Up to 8 digits of the format 12345678.",
          "defaultValue": "",
          "uniqueItems": false,
          "type": "string"
        },
        "phoneType": {
          "description": "Phone type.",
          "defaultValue": "",
          "enum": [
            "mobile",
            "home"
          ],
          "uniqueItems": false,
          "type": "string"
        },
        "alternatePhone": {
          "description": "10-digit alternate phone number of the format  5131234567.",
          "defaultValue": "",
          "uniqueItems": false,
          "type": "string"
        },
        "alternatePhoneType": {
          "description": "Alternate phone type.",
          "defaultValue": "",
          "enum": [
            "mobile",
            "home"
          ],
          "uniqueItems": false,
          "type": "string"
        },
        "email": {
          "description": "Email address of the contact. Must have @ and a .",
          "defaultValue": "",
          "uniqueItems": false,
          "type": "string"
        },
        "faxNumber": {
          "description": "10-digit fax number of the format 5131234567",
          "defaultValue": "",
          "uniqueItems": false,
          "type": "string"
        }
      }
    },
    "Settlement_inner": {
      "id": "Settlement_inner",
      "required": [
        "settlementCategories",
        "bankAccount"
      ],
      "properties": {
        "settlementCategories": {
          "description": "settlementCategories Bank Account Setup. \n1) Providing atlease one Bank Account details is mandatory. One Bank Account details will be applied to all three categories (Desposits,Fees, Exceptions) in case of only providing one Bank Account details. \n2) Provide three Bank Account details if the needs applies to each category.",
          "items": {
            "type": "string"
          },
          "defaultValue": "",
          "uniqueItems": false,
          "type": "array"
        },
        "bankAccount": {
          "description": "",
          "defaultValue": "",
          "uniqueItems": false,
          "$ref": "BankAccount"
        }
      }
    },
    "BankAccount": {
      "id": "BankAccount",
      "required": [
        "ddaType",
        "achType",
        "accountNumber",
        "routingNumber"
      ],
      "properties": {
        "ddaType": {
          "description": "Direct deposit account type.",
          "defaultValue": "",
          "enum": [
            "Checking",
            "Savings"
          ],
          "uniqueItems": false,
          "type": "string"
        },
        "achType": {
          "description": "Check deposit type",
          "defaultValue": "",
          "enum": [
            "Commercial Checking",
            "Private Checking"
          ],
          "uniqueItems": false,
          "type": "string"
        },
        "accountNumber": {
          "description": "Direct deposit account number.  Maximum 17 characters.",
          "defaultValue": "",
          "uniqueItems": false,
          "type": "string"
        },
        "routingNumber": {
          "description": "Bank routing number. Must be 9 characters and pass ACH Mod-10 validation.",
          "defaultValue": "",
          "uniqueItems": false,
          "type": "string"
        },
        "bankName": {
          "description": "Bank name used for credit card processing services.",
          "defaultValue": "",
          "uniqueItems": false,
          "type": "string"
        }
      }
    },
    "Address": {
      "id": "Address",
      "required": [
        "type",
        "addressLine1",
        "city",
        "state",
        "country",
        "postalCode"
      ],
      "properties": {
        "type": {
          "description": "Address Type  \n 1) Physical address is mandatory.\n 2) Shipping Address",
          "defaultValue": "",
          "enum": [
            "Physical Address",
            "Shipping Address"
          ],
          "uniqueItems": false,
          "type": "string"
        },
        "addressLine1": {
          "description": "Address Line 1. Field for house number, street and direction.",
          "defaultValue": "",
          "uniqueItems": false,
          "type": "string"
        },
        "addressLine2": {
          "description": "Address Line 2. Field for apartment or suite numbers, etc.",
          "defaultValue": "",
          "uniqueItems": false,
          "type": "string"
        },
        "city": {
          "description": "",
          "defaultValue": "",
          "uniqueItems": false,
          "type": "string"
        },
        "state": {
          "description": "Valid US state, commonwealth, and territory codes are allowed.",
          "defaultValue": "",
          "enum": [
            "AK",
            "AL",
            "AR",
            "AS",
            "AZ",
            "CA",
            "CO",
            "CT",
            "DC",
            "DE",
            "FL",
            "FM",
            "GA",
            "GU",
            "HI",
            "IA",
            "ID",
            "IL",
            "IN",
            "KS",
            "KY",
            "LA",
            "MA",
            "MD",
            "ME",
            "MH",
            "MI",
            "MN",
            "MO",
            "MP",
            "MS",
            "MT",
            "NC",
            "ND",
            "NE",
            "NH",
            "NJ",
            "NM",
            "NV",
            "NY",
            "OH",
            "OK",
            "OR",
            "PA",
            "PR",
            "PW",
            "RI",
            "SC",
            "SD",
            "TN",
            "TX",
            "UT",
            "VA",
            "VI",
            "VT",
            "WA",
            "WI",
            "WV",
            "WY"
          ],
          "uniqueItems": false,
          "type": "string"
        },
        "country": {
          "description": "Only United States is allowed.",
          "defaultValue": "United States",
          "uniqueItems": false,
          "type": "string"
        },
        "postalCode": {
          "description": "Postal code / zip code. The postal code must be valid for the address' country code.",
          "defaultValue": "",
          "uniqueItems": false,
          "type": "string"
        },
        "postalCodeExtension": {
          "description": "Postal code / zip code extension.  The postal code extension must be valid for the address' country code.",
          "defaultValue": "",
          "uniqueItems": false,
          "type": "string"
        }
      }
    },
    "EquipmentSetup": {
      "id": "EquipmentSetup",
      "required": [],
      "properties": {
        "shippingOption": {
          "description": "The speed you would like the equipment to be shipped.",
          "defaultValue": "next day",
          "enum": [
            "ground",
            "next day",
            "2nd day"
          ],
          "uniqueItems": false,
          "type": "string"
        },
        "terminals": {
          "description": "",
          "items": {
            "$ref": "Terminal"
          },
          "defaultValue": "",
          "uniqueItems": false,
          "type": "array"
        }
      }
    },
    "Terminal": {
      "id": "Terminal",
      "required": [
        "terminalConfigs",
        "products"
      ],
      "properties": {
        "terminalConfigs": {
          "description": "",
          "defaultValue": "",
          "uniqueItems": false,
          "$ref": "TerminalConfig"
        },
        "customizations": {
          "description": "",
          "items": {
            "$ref": "TerminalCustomization"
          },
          "defaultValue": "",
          "uniqueItems": false,
          "type": "array"
        },
        "products": {
          "description": "",
          "items": {
            "$ref": "Product"
          },
          "defaultValue": "",
          "uniqueItems": false,
          "type": "array"
        },
        "peripherals": {
          "description": "",
          "items": {
            "$ref": "Peripheral"
          },
          "defaultValue": "",
          "uniqueItems": false,
          "type": "array"
        },
        "vendors": {
          "description": "",
          "items": {
            "$ref": "PaymentApplicationVendor"
          },
          "defaultValue": "",
          "uniqueItems": false,
          "type": "array"
        },
        "gateways": {
          "description": "",
          "items": {
            "$ref": "Gateway"
          },
          "defaultValue": "",
          "uniqueItems": false,
          "type": "array"
        },
        "supply": {
          "description": "",
          "items": {
            "$ref": "TerminalSupply"
          },
          "defaultValue": "",
          "uniqueItems": false,
          "type": "array"
        },
        "deployment": {
          "description": "",
          "defaultValue": "",
          "uniqueItems": false,
          "$ref": "TerminalDeployment"
        }
      }
    },
    "TerminalConfig": {
      "id": "TerminalConfig",
      "required": [
        "terminalId",
        "price",
        "quantity",
        "logicalApplicationId",
        "accessMethod",
        "paymentMethod",
        "environmentName"
      ],
      "properties": {
        "requestId": {
          "description": "Partner assigned unique request ID for terminal setup.",
          "defaultValue": "",
          "uniqueItems": false,
          "type": "string"
        },
        "terminalId": {
          "description": "Terminal ID number.",
          "defaultValue": "",
          "uniqueItems": false,
          "type": "string"
        },
        "terminalModel": {
          "description": "The model name of the terminal in use.",
          "defaultValue": "",
          "uniqueItems": false,
          "type": "string"
        },
        "price": {
          "description": "Terminal price",
          "defaultValue": "",
          "minimum": "",
          "maximum": "",
          "uniqueItems": false,
          "type": "number",
          "format": "double"
        },
        "quantity": {
          "description": "",
          "defaultValue": "",
          "minimum": "",
          "maximum": "",
          "uniqueItems": false,
          "type": "integer",
          "format": "int32"
        },
        "logicalApplicationId": {
          "description": "Logical application ID.",
          "defaultValue": "",
          "uniqueItems": false,
          "type": "string"
        },
        "accessMethod": {
          "description": "Methods of terminal access.",
          "defaultValue": "",
          "uniqueItems": false,
          "type": "string"
        },
        "paymentMethod": {
          "description": "Payment method for the selected terminal.",
          "defaultValue": "",
          "enum": [
            "PURCHASE / SALE",
            "REPROGRAM / OWN",
            "MONTH-TO-MONTH RENTAL",
            "LEASE"
          ],
          "uniqueItems": false,
          "type": "string"
        },
        "environmentName": {
          "description": "Environment name",
          "defaultValue": "",
          "uniqueItems": false,
          "type": "string"
        },
        "isVar": {
          "description": "The value added reseller. Default value is false.",
          "defaultValue": "false",
          "uniqueItems": false,
          "type": "boolean"
        },
        "emvCapable": {
          "description": "Is it EMV capabale?",
          "defaultValue": "false",
          "uniqueItems": false,
          "type": "boolean"
        },
        "leaseId": {
          "description": "Lease ID. Required when PaymentMethod is selected as lease.",
          "defaultValue": "",
          "uniqueItems": false,
          "type": "string"
        },
        "leaseTermLength": {
          "description": "Lease term for the peripheral",
          "defaultValue": "",
          "enum": [
            "24",
            "36",
            "48",
            "60"
          ],
          "uniqueItems": false,
          "type": "string"
        },
        "terminalSequenceNumber": {
          "description": "Terminal sequence number. If not sent, the API will autogenerate a number.",
          "defaultValue": "",
          "uniqueItems": false,
          "type": "string"
        },
        "specialCustomizations": {
          "description": "Any customization request for a terminal configuration.",
          "defaultValue": "",
          "uniqueItems": false,
          "type": "string"
        }
      }
    },
    "TerminalCustomization": {
      "id": "TerminalCustomization",
      "required": [],
      "properties": {
        "customizationId": {
          "description": "Customization ID is internally populated from a master list.",
          "defaultValue": "",
          "uniqueItems": false,
          "type": "string"
        },
        "customizationName": {
          "description": "",
          "defaultValue": "",
          "uniqueItems": false,
          "type": "string"
        },
        "customizationFieldValue": {
          "description": "",
          "defaultValue": "",
          "uniqueItems": false,
          "type": "string"
        }
      }
    },
    "Product": {
      "id": "Product",
      "required": [],
      "properties": {
        "productId": {
          "description": "Product ID is populated internally.",
          "defaultValue": "",
          "uniqueItems": false,
          "type": "string"
        },
        "productName": {
          "description": "Payment method associated with the internally-populated ID.",
          "defaultValue": "",
          "uniqueItems": false,
          "type": "string"
        }
      }
    },
    "TerminalSupply": {
      "id": "TerminalSupply",
      "required": [
        "supplyType"
      ],
      "properties": {
        "supplyType": {
          "description": "",
          "defaultValue": "",
          "uniqueItems": false,
          "type": "string"
        },
        "name": {
          "description": "Supply name",
          "defaultValue": "",
          "uniqueItems": false,
          "type": "string"
        },
        "quantity": {
          "description": "Supply quantity",
          "defaultValue": "",
          "minimum": "",
          "maximum": "",
          "uniqueItems": false,
          "type": "integer",
          "format": "int32"
        },
        "total": {
          "description": "Total Supplies. Valid values are 0.00\n  - 9999999999.99.\"",
          "defaultValue": "",
          "uniqueItems": false,
          "type": "string"
        }
      }
    },
    "TerminalDeployment": {
      "id": "TerminalDeployment",
      "required": [
        "equipmentUpdateDeploy"
      ],
      "properties": {
        "equipmentUpdateDeploy": {
          "description": "",
          "defaultValue": "",
          "enum": [
            "M",
            "D",
            "N"
          ],
          "uniqueItems": false,
          "type": "string"
        },
        "terminalBuildFlag": {
          "description": "",
          "defaultValue": "",
          "uniqueItems": false,
          "type": "boolean"
        },
        "frontEndBuildFlag": {
          "description": "",
          "defaultValue": "",
          "uniqueItems": false,
          "type": "boolean"
        },
        "sicMerchantFlag": {
          "description": "",
          "defaultValue": "",
          "uniqueItems": false,
          "type": "boolean"
        },
        "specialInstructions": {
          "description": "Special instructions for terminal deployment.",
          "defaultValue": "",
          "uniqueItems": false,
          "type": "string"
        }
      }
    },
    "Gateway": {
      "id": "Gateway",
      "description": "A gateway is a hosted payment processing application provided by a service provider and accessed through an internet connection.",
      "required": [],
      "properties": {
        "gatewayId": {
          "description": "Internally-generated gateway ID.",
          "defaultValue": "",
          "uniqueItems": false,
          "type": "string"
        },
        "gatewayName": {
          "description": "",
          "defaultValue": "",
          "uniqueItems": false,
          "type": "string"
        },
        "notes": {
          "description": "Add any custom notes here.",
          "defaultValue": "",
          "uniqueItems": false,
          "type": "string"
        }
      }
    },
    "PaymentApplicationVendor": {
      "id": "PaymentApplicationVendor",
      "description": "A payment application is installed software developed for processing various payments types: Credit, Debit, Gift, Checks, etc. and can be integrated with a POS system or used in a standalone manner.",
      "required": [],
      "properties": {
        "paymentApplicationId": {
          "description": "Payment application ID",
          "defaultValue": "",
          "uniqueItems": false,
          "type": "string"
        },
        "paymentApplicationName": {
          "description": "",
          "defaultValue": "",
          "uniqueItems": false,
          "type": "string"
        },
        "vendorId": {
          "description": "Vendor ID for the payment application.",
          "defaultValue": "",
          "uniqueItems": false,
          "type": "string"
        },
        "version": {
          "description": "Payment application version.",
          "defaultValue": "",
          "uniqueItems": false,
          "type": "string"
        },
        "reseller": {
          "description": "Reseller",
          "defaultValue": "",
          "uniqueItems": false,
          "type": "string"
        },
        "lastUpgradeDate": {
          "description": "Last date payment application was upgraded.",
          "defaultValue": "",
          "uniqueItems": false,
          "type": "string"
        },
        "notes": {
          "description": "Custom notes can go here.",
          "defaultValue": "",
          "uniqueItems": false,
          "type": "string"
        }
      }
    },
    "Peripheral": {
      "id": "Peripheral",
      "required": [],
      "properties": {
        "peripheralId": {
          "description": "Peripheral IDs are internally populated.",
          "defaultValue": "",
          "uniqueItems": false,
          "type": "string"
        },
        "peripheralType": {
          "description": "Peripheral type",
          "defaultValue": "",
          "uniqueItems": false,
          "type": "string"
        },
        "model": {
          "description": "",
          "defaultValue": "",
          "uniqueItems": false,
          "type": "string"
        },
        "leaseId": {
          "description": "Lease ID for the peripheral",
          "defaultValue": "",
          "uniqueItems": false,
          "type": "string"
        },
        "leaseTermLength": {
          "description": "Lease term for the peripheral",
          "defaultValue": "",
          "enum": [
            "24",
            "36",
            "48",
            "60"
          ],
          "uniqueItems": false,
          "type": "string"
        },
        "paymentMethod": {
          "description": "Payment method for the selected peripheral.",
          "defaultValue": "",
          "enum": [
            "PURCHASE / SALE",
            "REPROGRAM / OWN",
            "MONTH-TO-MONTH RENTAL",
            "LEASE"
          ],
          "uniqueItems": false,
          "type": "string"
        },
        "amount": {
          "description": "\"Payment Amount for the peripheral. Valid values are 0.00\n  - 9999999999.99.\"",
          "defaultValue": "",
          "uniqueItems": false,
          "type": "string"
        },
        "paymentConfirmationNumber": {
          "description": "Payment confirmation number for the peripheral.",
          "defaultValue": "",
          "uniqueItems": false,
          "type": "string"
        }
      }
    },
    "AdditionalInformationObject": {
      "id": "AdditionalInformationObject",
      "required": [],
      "properties": {
        "key": {
          "description": "",
          "defaultValue": "",
          "enum": [
            "partnerEmployeeId",
            "partnerEmployeeName",
            "partnerEmployeePhoneNumber",
            "partnerEmployeeEmail",
            "partnerEmployeeType",
            "partnerEmployeeBranch",
            "partnerEmployeeCostCentre",
            "partnerEmployeeRegion",
            "partnerEmployeeOfficerCode",
            "partnerEmployeeCompany",
            "partnerEmployeeId2",
            "partnerEmployeeName2",
            "partnerEmployeePhoneNumber2",
            "partnerEmployeeEmail2",
            "partnerEmployeeType2",
            "partnerEmployeeBranch2",
            "partnerEmployeeCostCentre2",
            "partnerEmployeeRegion2",
            "partnerEmployeeOfficerCode2",
            "partnerEmployeeCompany2",
            "partnerEmployeeIndustry",
            "partnerLeadSource",
            "partnerEmployeeRef",
            "partnerMethod",
            "partnerVipIndicator",
            "partnerMarketRegion",
            "partnerPromotionCampaign",
            "partnerLeadType",
            "partnerCustom1",
            "partnerCustom2",
            "partnerCustom3",
            "partnerCustom4",
            "partnerCustom5"
          ],
          "uniqueItems": false,
          "type": "string"
        },
        "value": {
          "description": "",
          "defaultValue": "",
          "uniqueItems": false,
          "type": "string"
        }
      }
    },
    "ErrorResponse": {
      "id": "ErrorResponse",
      "required": [],
      "properties": {
        "httpStatusCode": {
          "description": "",
          "defaultValue": "",
          "minimum": "",
          "maximum": "",
          "uniqueItems": false,
          "type": "integer",
          "format": "int32"
        },
        "httpStatusMessage": {
          "description": "",
          "defaultValue": "",
          "uniqueItems": false,
          "type": "string"
        },
        "errors": {
          "description": "",
          "items": {
            "$ref": "Error"
          },
          "defaultValue": "",
          "uniqueItems": false,
          "type": "array"
        }
      }
    },
    "Error": {
      "id": "Error",
      "required": [],
      "properties": {
        "errorCode": {
          "description": "",
          "defaultValue": "",
          "uniqueItems": false,
          "type": "string"
        },
        "errorMessage": {
          "description": "",
          "defaultValue": "",
          "uniqueItems": false,
          "type": "string"
        },
        "target": {
          "description": "",
          "defaultValue": "",
          "uniqueItems": false,
          "type": "string"
        }
      }
    },
    "addlocations_board_body": {
      "id": "addlocations_board_body",
      "required": [],
      "properties": {
        "id": {
          "description": "",
          "defaultValue": "",
          "uniqueItems": false,
          "type": "string"
        }
      }
    },
    "addlocations_documentlinks_body": {
      "id": "addlocations_documentlinks_body",
      "required": [],
      "properties": {
        "externalRefid": {
          "description": "The externalRefid or id returned from the POST/addlocations call.",
          "defaultValue": "",
          "uniqueItems": false,
          "type": "string"
        },
        "returnUrl": {
          "description": "The recipient will be directed to the returnUrl once signing is complete.",
          "defaultValue": "",
          "uniqueItems": false,
          "type": "string"
        }
      }
    },
    "inline_response_200": {
      "id": "inline_response_200",
      "required": [],
      "properties": {
        "embeddingUrl": {
          "description": "UI link for externalRefId",
          "defaultValue": "",
          "uniqueItems": false,
          "type": "string"
        }
      }
    },
    "OtherServices_services": {
      "id": "OtherServices_services",
      "required": [
        "serviceName",
        "optIn"
      ],
      "properties": {
        "serviceName": {
          "description": "",
          "defaultValue": "commerce360",
          "uniqueItems": false,
          "type": "string"
        },
        "optIn": {
          "description": "",
          "defaultValue": "",
          "uniqueItems": false,
          "type": "boolean"
        }
      }
    },
    "OtherServices_commerce360": {
      "id": "OtherServices_commerce360",
      "description": "Select service type for Commerce360. Based on merchant card acceptance the service types offered need to change. For merchants with online and/or MOTO card acceptance - E-Commerce only needs to be offered. For remaining card acceptance types, - Basic, Premium and Omni-commerce need to be offered as eligible options",
      "required": [
        "type"
      ],
      "properties": {
        "type": {
          "description": "",
          "defaultValue": "",
          "enum": [
            "basic",
            "premium",
            "eCommerce",
            "omnicommerce"
          ],
          "uniqueItems": false,
          "type": "string"
        }
      }
    }
  },
  "authorizations": {
    "api_key": {
      "passAs": "header",
      "keyname": "Authorization",
      "type": "apiKey"
    }
  },
  "consumes": [
    "application/json"
  ],
  "produces": [
    "application/json"
  ]
}