{
  "id": "a938ff4d-1792-4deb-8cfa-5d610c684be9",
  "name": "Launchpad: Non POS Add Locations",
  "description": "This new Add Locations API helps existing merchants by allowing them to add new locations to their existing Merchant accounts. Merhcnats can add single or multi locations under the existing chain associated with their merchant accounts. </br> </br> To contact our certifications team, please email <a href=\"mailto:Certification2@worldpay.com\">Certification2@fisglobal.com</a>. </br> To contact the product team, please email <a href=\"mailto:APICustomerIntegration@worldpay.com\">APICustomerIntegration@worldpay.com</a> \n # Authentication \n<SecurityDefinitions />",
  "order": [],
  "folders": [
    {
      "id": "e1d3fed8-1a6d-4858-9d3a-194a8236a343",
      "name": "Add Location",
      "description": "Resources to create/edit and read a pending add location application.",
      "order": [
        "c32a1fb1-25ce-4a61-acc6-033e5749192f",
        "90506200-1b30-4e37-bfa1-093f08271791",
        "9db78a31-7fbd-455b-b4fb-0df44fca9db7"
      ],
      "collection_id": "a938ff4d-1792-4deb-8cfa-5d610c684be9"
    },
    {
      "id": "354026e4-f4f2-4305-98ab-a11685bf723e",
      "name": "Board and Contract",
      "description": "Resources to board the add location application & submit the contract.",
      "order": [
        "94d1c976-5615-472d-87ee-802621825614",
        "98e497bf-2e58-4eb9-aef4-97e00383424a",
        "9f270c9a-6ce0-4438-98b8-905708e22109"
      ],
      "collection_id": "a938ff4d-1792-4deb-8cfa-5d610c684be9"
    },
    {
      "id": "f51bd2ba-69b9-423d-a3b7-eff4ae8b9465",
      "name": "Other Services",
      "description": "Resource to create/edit and read other services",
      "order": [
        "886e8868-c990-466c-9aa4-11ac8fc02ae6",
        "eef00eb8-0218-4e3f-9a1d-017e8fb2ef9b",
        "680c4b51-2c1f-4ff3-aea2-2ff88e6025fd"
      ],
      "collection_id": "a938ff4d-1792-4deb-8cfa-5d610c684be9"
    }
  ],
  "requests": [
    {
      "folder": "e1d3fed8-1a6d-4858-9d3a-194a8236a343",
      "id": "c32a1fb1-25ce-4a61-acc6-033e5749192f",
      "name": "CreateAddLocation",
      "dataMode": "raw",
      "dataDisabled": false,
      "descriptionFormat": "markdown",
      "description": "This endpoint collects the merchant information to initiate a new add locations application. ",
      "headers": "v-correlation-id:3fcb1437-4e52-4946-9ae1-e618351b6d16\r\nContent-Type:application/json\r\nAccept:application/json\r\n",
      "method": "POST",
      "pathVariables": {},
      "url": "https://apis.cert.worldpay.com/merchant-boarding/v2/addlocations /addlocations",
      "responses": [
        {
          "request": "c32a1fb1-25ce-4a61-acc6-033e5749192f",
          "id": "7c1e6fb0-2d23-4975-9fa3-9d0de7c43c38",
          "name": "Response_201",
          "status": "Created",
          "responseCode": {
            "code": 201,
            "name": "201",
            "detail": "Created"
          },
          "headers": [
            {
              "name": "v-correlation-id",
              "key": "v-correlation-id",
              "value": "3fcb1437-4e52-4946-9ae1-e618351b6d16",
              "description": "Unique transaction Id. Will be generated if not provided and returned in response headers."
            },
            {
              "key": "Content-Type",
              "value": "application/json"
            }
          ],
          "mime": "application/json",
          "text": "{\r\n  \"chainCode\": \"0C12B5\",\r\n  \"authorizedSigner\": {\r\n    \"firstName\": \"Todd\",\r\n    \"lastName\": \"Davis\",\r\n    \"phoneNumber\": \"5131234567\",\r\n    \"email\": \"test@gmail.com\",\r\n    \"signingExperience\": \"email\"\r\n  },\r\n  \"id\": \"af13b860-0bbe-499f-97b1-05fe49c3c060\",\r\n  \"locationLevelBilling\": false,\r\n  \"merchantId\": \"4445091191791\",\r\n  \"locations\": [\r\n    {\r\n      \"businessInfo\": {\r\n        \"locationName\": \"The Location Name\"\r\n      },\r\n      \"contacts\": [\r\n        {\r\n          \"type\": \"Primary Contact\",\r\n          \"firstName\": \"Todd\",\r\n          \"lastName\": \"Davis\",\r\n          \"phoneNumber\": \"5131234567\",\r\n          \"email\": \"test@gmail.com\",\r\n          \"title\": \"President\",\r\n          \"middleInitial\": \"M\",\r\n          \"ssn\": \"321234324\",\r\n          \"birthDate\": \"2000-03-23\",\r\n          \"phoneNumberExt\": \"1234\",\r\n          \"phoneType\": \"mobile\",\r\n          \"alternatePhone\": \"5131234567\",\r\n          \"alternatePhoneType\": \"home\",\r\n          \"faxNumber\": \"5131234567\"\r\n        }\r\n      ],\r\n      \"addresses\": [\r\n        {\r\n          \"type\": \"Physical Address\",\r\n          \"addressLine1\": \"4355 N Coalwhipe St.\",\r\n          \"city\": \"Denver\",\r\n          \"state\": \"CO\",\r\n          \"country\": \"United States\",\r\n          \"postalCode\": \"12345\",\r\n          \"addressLine2\": \"suite 104\",\r\n          \"postalCodeExtension\": \"1234\"\r\n        }\r\n      ],\r\n      \"settlement\": [\r\n        {\r\n          \"settlementCategories\": [\r\n            \"Fees\"\r\n          ],\r\n          \"bankAccount\": {\r\n            \"ddaType\": \"Checking\",\r\n            \"achType\": \"Commercial Checking\",\r\n            \"accountNumber\": \"011401545\",\r\n            \"routingNumber\": \"102000076\",\r\n            \"bankName\": \"Bank name\"\r\n          }\r\n        }\r\n      ],\r\n      \"equipment\": {\r\n        \"shippingOption\": \"next day\",\r\n        \"terminals\": [\r\n          {\r\n            \"terminalConfigs\": {\r\n              \"terminalId\": \"iCT220\",\r\n              \"price\": 187.99,\r\n              \"quantity\": 1,\r\n              \"logicalApplicationId\": \"MONE510\",\r\n              \"accessMethod\": \"SSL\",\r\n              \"paymentMethod\": \"PURCHASE / SALE\",\r\n              \"environmentName\": \"Retail\",\r\n              \"requestId\": \"41231\",\r\n              \"terminalModel\": \"Ingenico iCT220 CTLS 3.X Dial\",\r\n              \"isVar\": false,\r\n              \"emvCapable\": true,\r\n              \"leaseId\": \"12\",\r\n              \"leaseTermLength\": \"24\",\r\n              \"terminalSequenceNumber\": \"14\",\r\n              \"specialCustomizations\": \"Mulitple merchant setup is Yes\"\r\n            },\r\n            \"products\": [\r\n              {\r\n                \"productId\": \"1\",\r\n                \"productName\": \"Debit\"\r\n              }\r\n            ],\r\n            \"customizations\": [\r\n              {\r\n                \"customizationId\": \"10\",\r\n                \"customizationName\": \"Auto-Close Time\",\r\n                \"customizationFieldValue\": \"N\"\r\n              }\r\n            ],\r\n            \"peripherals\": [\r\n              {\r\n                \"peripheralId\": \"231\",\r\n                \"peripheralType\": \"PPAD\",\r\n                \"model\": \"Magtek Check Reader\",\r\n                \"leaseId\": \"18\",\r\n                \"leaseTermLength\": \"24\",\r\n                \"paymentMethod\": \"PURCHASE / SALE\",\r\n                \"amount\": \"220.21\",\r\n                \"paymentConfirmationNumber\": \"123456\"\r\n              }\r\n            ],\r\n            \"vendors\": [\r\n              {\r\n                \"paymentApplicationId\": \"9\",\r\n                \"paymentApplicationName\": \"PurchaseExpress\",\r\n                \"vendorId\": \"4\",\r\n                \"version\": \"1\",\r\n                \"reseller\": \"Agilysys Inc\",\r\n                \"lastUpgradeDate\": \"2012-02-18T00:00:00.000Z\",\r\n                \"notes\": \"Paymetric Gateway v3\"\r\n              }\r\n            ],\r\n            \"gateways\": [\r\n              {\r\n                \"gatewayId\": \"15\",\r\n                \"gatewayName\": \"Paymetric Gateway\",\r\n                \"notes\": \"Paymetric Gateway v3\"\r\n              }\r\n            ],\r\n            \"supply\": [\r\n              {\r\n                \"supplyType\": \"supplyType10\",\r\n                \"name\": \"name2\",\r\n                \"quantity\": 2,\r\n                \"total\": \"220.21\"\r\n              }\r\n            ],\r\n            \"deployment\": {\r\n              \"equipmentUpdateDeploy\": \"M\",\r\n              \"terminalBuildFlag\": true,\r\n              \"frontEndBuildFlag\": true,\r\n              \"sicMerchantFlag\": false,\r\n              \"specialInstructions\": \"Retail - H52460A (SP)\"\r\n            }\r\n          }\r\n        ]\r\n      },\r\n      \"additionalInformation\": [\r\n        {\r\n          \"key\": \"partnerEmployeeName\",\r\n          \"value\": \"Rob Test\"\r\n        }\r\n      ]\r\n    }\r\n  ],\r\n  \"salesAgent\": {\r\n    \"firstName\": \"John\",\r\n    \"lastName\": \"Doe\",\r\n    \"email\": \"email89\",\r\n    \"id\": \"U15315\",\r\n    \"mobilePhoneNumber\": \"1234567890\"\r\n  }\r\n}",
          "language": "Text",
          "rawDataType": "text"
        }
      ],
      "rawModeData": "{\r\n  \"chainCode\": \"0C12B5\",\r\n  \"authorizedSigner\": {\r\n    \"firstName\": \"Todd\",\r\n    \"lastName\": \"Davis\",\r\n    \"phoneNumber\": \"5131234567\",\r\n    \"email\": \"test@gmail.com\",\r\n    \"signingExperience\": \"email\"\r\n  },\r\n  \"locationLevelBilling\": false,\r\n  \"merchantId\": \"4445091191791\",\r\n  \"locations\": [\r\n    {\r\n      \"businessInfo\": {\r\n        \"locationName\": \"The Location Name\"\r\n      },\r\n      \"contacts\": [\r\n        {\r\n          \"type\": \"Primary Contact\",\r\n          \"firstName\": \"Todd\",\r\n          \"lastName\": \"Davis\",\r\n          \"phoneNumber\": \"5131234567\",\r\n          \"email\": \"test@gmail.com\",\r\n          \"title\": \"President\",\r\n          \"middleInitial\": \"M\",\r\n          \"ssn\": \"321234324\",\r\n          \"birthDate\": \"2000-03-23\",\r\n          \"phoneNumberExt\": \"1234\",\r\n          \"phoneType\": \"mobile\",\r\n          \"alternatePhone\": \"5131234567\",\r\n          \"alternatePhoneType\": \"home\",\r\n          \"faxNumber\": \"5131234567\"\r\n        }\r\n      ],\r\n      \"addresses\": [\r\n        {\r\n          \"type\": \"Physical Address\",\r\n          \"addressLine1\": \"4355 N Coalwhipe St.\",\r\n          \"city\": \"Denver\",\r\n          \"state\": \"CO\",\r\n          \"country\": \"United States\",\r\n          \"postalCode\": \"12345\",\r\n          \"addressLine2\": \"suite 104\",\r\n          \"postalCodeExtension\": \"1234\"\r\n        }\r\n      ],\r\n      \"settlement\": [\r\n        {\r\n          \"settlementCategories\": [\r\n            \"Deposits\"\r\n          ],\r\n          \"bankAccount\": {\r\n            \"ddaType\": \"Checking\",\r\n            \"achType\": \"Commercial Checking\",\r\n            \"accountNumber\": \"011401545\",\r\n            \"routingNumber\": \"102000076\",\r\n            \"bankName\": \"Bank name\"\r\n          }\r\n        }\r\n      ],\r\n      \"equipment\": {\r\n        \"shippingOption\": \"next day\",\r\n        \"terminals\": [\r\n          {\r\n            \"terminalConfigs\": {\r\n              \"terminalId\": \"iCT220\",\r\n              \"price\": 187.99,\r\n              \"quantity\": 1,\r\n              \"logicalApplicationId\": \"MONE510\",\r\n              \"accessMethod\": \"SSL\",\r\n              \"paymentMethod\": \"PURCHASE / SALE\",\r\n              \"environmentName\": \"Retail\",\r\n              \"requestId\": \"41231\",\r\n              \"terminalModel\": \"Ingenico iCT220 CTLS 3.X Dial\",\r\n              \"isVar\": false,\r\n              \"emvCapable\": true,\r\n              \"leaseId\": \"12\",\r\n              \"leaseTermLength\": \"24\",\r\n              \"terminalSequenceNumber\": \"14\",\r\n              \"specialCustomizations\": \"Mulitple merchant setup is Yes\"\r\n            },\r\n            \"products\": [\r\n              {\r\n                \"productId\": \"1\",\r\n                \"productName\": \"Debit\"\r\n              }\r\n            ],\r\n            \"customizations\": [\r\n              {\r\n                \"customizationId\": \"10\",\r\n                \"customizationName\": \"Auto-Close Time\",\r\n                \"customizationFieldValue\": \"N\"\r\n              }\r\n            ],\r\n            \"peripherals\": [\r\n              {\r\n                \"peripheralId\": \"231\",\r\n                \"peripheralType\": \"PPAD\",\r\n                \"model\": \"Magtek Check Reader\",\r\n                \"leaseId\": \"18\",\r\n                \"leaseTermLength\": \"24\",\r\n                \"paymentMethod\": \"PURCHASE / SALE\",\r\n                \"amount\": \"220.21\",\r\n                \"paymentConfirmationNumber\": \"123456\"\r\n              }\r\n            ],\r\n            \"vendors\": [\r\n              {\r\n                \"paymentApplicationId\": \"9\",\r\n                \"paymentApplicationName\": \"PurchaseExpress\",\r\n                \"vendorId\": \"4\",\r\n                \"version\": \"1\",\r\n                \"reseller\": \"Agilysys Inc\",\r\n                \"lastUpgradeDate\": \"2012-02-18T00:00:00.000Z\",\r\n                \"notes\": \"Paymetric Gateway v3\"\r\n              }\r\n            ],\r\n            \"gateways\": [\r\n              {\r\n                \"gatewayId\": \"15\",\r\n                \"gatewayName\": \"Paymetric Gateway\",\r\n                \"notes\": \"Paymetric Gateway v3\"\r\n              }\r\n            ],\r\n            \"supply\": [\r\n              {\r\n                \"supplyType\": \"supplyType18\",\r\n                \"name\": \"name38\",\r\n                \"quantity\": 2,\r\n                \"total\": \"220.21\"\r\n              }\r\n            ],\r\n            \"deployment\": {\r\n              \"equipmentUpdateDeploy\": \"M\",\r\n              \"terminalBuildFlag\": true,\r\n              \"frontEndBuildFlag\": true,\r\n              \"sicMerchantFlag\": false,\r\n              \"specialInstructions\": \"Retail - H52460A (SP)\"\r\n            }\r\n          }\r\n        ]\r\n      },\r\n      \"additionalInformation\": [\r\n        {\r\n          \"key\": \"partnerEmployeeName\",\r\n          \"value\": \"Rob Test\"\r\n        }\r\n      ]\r\n    }\r\n  ],\r\n  \"salesAgent\": {\r\n    \"firstName\": \"John\",\r\n    \"lastName\": \"Doe\",\r\n    \"email\": \"email4\",\r\n    \"id\": \"U15315\",\r\n    \"mobilePhoneNumber\": \"1234567890\"\r\n  }\r\n}",
      "collectionId": "a938ff4d-1792-4deb-8cfa-5d610c684be9",
      "queryParams": [],
      "headerData": [
        {
          "key": "v-correlation-id",
          "value": "3fcb1437-4e52-4946-9ae1-e618351b6d16",
          "description": "Unique transaction Id. Will be generated if not provided and returned in response headers."
        },
        {
          "key": "Content-Type",
          "value": "application/json",
          "description": "Indicates the media type of the request-body. Accepts application/json."
        },
        {
          "key": "Accept",
          "value": "application/json"
        }
      ],
      "pathVariableData": []
    },
    {
      "folder": "e1d3fed8-1a6d-4858-9d3a-194a8236a343",
      "id": "90506200-1b30-4e37-bfa1-093f08271791",
      "name": "GetAddLocation",
      "dataDisabled": false,
      "descriptionFormat": "markdown",
      "description": "This endpoint retrieves the list of the current added locations to review for a merchant by the returned id or externalRefId from the POST/addlocations endpoint. ",
      "headers": "v-correlation-id:3fcb1437-4e52-4946-9ae1-e618351b6d16\r\nAccept:application/json\r\n",
      "method": "GET",
      "pathVariables": {
        "id": "c535da94-f541-4689-9952-7d864915e900"
      },
      "url": "https://apis.cert.worldpay.com/merchant-boarding/v2/addlocations /addlocations/:id",
      "responses": [
        {
          "request": "90506200-1b30-4e37-bfa1-093f08271791",
          "id": "3b4ff5db-888a-4397-86f0-bfb5b771d994",
          "name": "Response_200",
          "status": "Success",
          "responseCode": {
            "code": 200,
            "name": "200",
            "detail": "Success"
          },
          "headers": [
            {
              "name": "v-correlation-id",
              "key": "v-correlation-id",
              "value": "3fcb1437-4e52-4946-9ae1-e618351b6d16",
              "description": "Unique transaction Id. Will be generated if not provided and returned in response headers."
            },
            {
              "key": "Content-Type",
              "value": "application/json"
            }
          ],
          "mime": "application/json",
          "text": "{\r\n  \"chainCode\": \"0C12B5\",\r\n  \"authorizedSigner\": {\r\n    \"firstName\": \"Todd\",\r\n    \"lastName\": \"Davis\",\r\n    \"phoneNumber\": \"5131234567\",\r\n    \"email\": \"test@gmail.com\",\r\n    \"signingExperience\": \"email\"\r\n  },\r\n  \"id\": \"af13b860-0bbe-499f-97b1-05fe49c3c060\",\r\n  \"locationLevelBilling\": false,\r\n  \"merchantId\": \"4445091191791\",\r\n  \"locations\": [\r\n    {\r\n      \"businessInfo\": {\r\n        \"locationName\": \"The Location Name\"\r\n      },\r\n      \"contacts\": [\r\n        {\r\n          \"type\": \"Primary Contact\",\r\n          \"firstName\": \"Todd\",\r\n          \"lastName\": \"Davis\",\r\n          \"phoneNumber\": \"5131234567\",\r\n          \"email\": \"test@gmail.com\",\r\n          \"title\": \"President\",\r\n          \"middleInitial\": \"M\",\r\n          \"ssn\": \"321234324\",\r\n          \"birthDate\": \"2000-03-23\",\r\n          \"phoneNumberExt\": \"1234\",\r\n          \"phoneType\": \"mobile\",\r\n          \"alternatePhone\": \"5131234567\",\r\n          \"alternatePhoneType\": \"home\",\r\n          \"faxNumber\": \"5131234567\"\r\n        }\r\n      ],\r\n      \"addresses\": [\r\n        {\r\n          \"type\": \"Physical Address\",\r\n          \"addressLine1\": \"4355 N Coalwhipe St.\",\r\n          \"city\": \"Denver\",\r\n          \"state\": \"CO\",\r\n          \"country\": \"United States\",\r\n          \"postalCode\": \"12345\",\r\n          \"addressLine2\": \"suite 104\",\r\n          \"postalCodeExtension\": \"1234\"\r\n        }\r\n      ],\r\n      \"settlement\": [\r\n        {\r\n          \"settlementCategories\": [\r\n            \"Fees\"\r\n          ],\r\n          \"bankAccount\": {\r\n            \"ddaType\": \"Checking\",\r\n            \"achType\": \"Commercial Checking\",\r\n            \"accountNumber\": \"011401545\",\r\n            \"routingNumber\": \"102000076\",\r\n            \"bankName\": \"Bank name\"\r\n          }\r\n        }\r\n      ],\r\n      \"equipment\": {\r\n        \"shippingOption\": \"next day\",\r\n        \"terminals\": [\r\n          {\r\n            \"terminalConfigs\": {\r\n              \"terminalId\": \"iCT220\",\r\n              \"price\": 187.99,\r\n              \"quantity\": 1,\r\n              \"logicalApplicationId\": \"MONE510\",\r\n              \"accessMethod\": \"SSL\",\r\n              \"paymentMethod\": \"PURCHASE / SALE\",\r\n              \"environmentName\": \"Retail\",\r\n              \"requestId\": \"41231\",\r\n              \"terminalModel\": \"Ingenico iCT220 CTLS 3.X Dial\",\r\n              \"isVar\": false,\r\n              \"emvCapable\": true,\r\n              \"leaseId\": \"12\",\r\n              \"leaseTermLength\": \"24\",\r\n              \"terminalSequenceNumber\": \"14\",\r\n              \"specialCustomizations\": \"Mulitple merchant setup is Yes\"\r\n            },\r\n            \"products\": [\r\n              {\r\n                \"productId\": \"1\",\r\n                \"productName\": \"Debit\"\r\n              }\r\n            ],\r\n            \"customizations\": [\r\n              {\r\n                \"customizationId\": \"10\",\r\n                \"customizationName\": \"Auto-Close Time\",\r\n                \"customizationFieldValue\": \"N\"\r\n              }\r\n            ],\r\n            \"peripherals\": [\r\n              {\r\n                \"peripheralId\": \"231\",\r\n                \"peripheralType\": \"PPAD\",\r\n                \"model\": \"Magtek Check Reader\",\r\n                \"leaseId\": \"18\",\r\n                \"leaseTermLength\": \"24\",\r\n                \"paymentMethod\": \"PURCHASE / SALE\",\r\n                \"amount\": \"220.21\",\r\n                \"paymentConfirmationNumber\": \"123456\"\r\n              }\r\n            ],\r\n            \"vendors\": [\r\n              {\r\n                \"paymentApplicationId\": \"9\",\r\n                \"paymentApplicationName\": \"PurchaseExpress\",\r\n                \"vendorId\": \"4\",\r\n                \"version\": \"1\",\r\n                \"reseller\": \"Agilysys Inc\",\r\n                \"lastUpgradeDate\": \"2012-02-18T00:00:00.000Z\",\r\n                \"notes\": \"Paymetric Gateway v3\"\r\n              }\r\n            ],\r\n            \"gateways\": [\r\n              {\r\n                \"gatewayId\": \"15\",\r\n                \"gatewayName\": \"Paymetric Gateway\",\r\n                \"notes\": \"Paymetric Gateway v3\"\r\n              }\r\n            ],\r\n            \"supply\": [\r\n              {\r\n                \"supplyType\": \"supplyType10\",\r\n                \"name\": \"name2\",\r\n                \"quantity\": 2,\r\n                \"total\": \"220.21\"\r\n              }\r\n            ],\r\n            \"deployment\": {\r\n              \"equipmentUpdateDeploy\": \"M\",\r\n              \"terminalBuildFlag\": true,\r\n              \"frontEndBuildFlag\": true,\r\n              \"sicMerchantFlag\": false,\r\n              \"specialInstructions\": \"Retail - H52460A (SP)\"\r\n            }\r\n          }\r\n        ]\r\n      },\r\n      \"additionalInformation\": [\r\n        {\r\n          \"key\": \"partnerEmployeeName\",\r\n          \"value\": \"Rob Test\"\r\n        }\r\n      ]\r\n    }\r\n  ],\r\n  \"salesAgent\": {\r\n    \"firstName\": \"John\",\r\n    \"lastName\": \"Doe\",\r\n    \"email\": \"email89\",\r\n    \"id\": \"U15315\",\r\n    \"mobilePhoneNumber\": \"1234567890\"\r\n  }\r\n}",
          "language": "Text",
          "rawDataType": "text"
        }
      ],
      "collectionId": "a938ff4d-1792-4deb-8cfa-5d610c684be9",
      "queryParams": [],
      "headerData": [
        {
          "key": "v-correlation-id",
          "value": "3fcb1437-4e52-4946-9ae1-e618351b6d16",
          "description": "Unique transaction Id. Will be generated if not provided and returned in response headers."
        },
        {
          "key": "Accept",
          "value": "application/json"
        }
      ],
      "pathVariableData": [
        {
          "key": "id",
          "value": "c535da94-f541-4689-9952-7d864915e900",
          "description": "id or externalRefId returned from POST /addlocations call."
        }
      ]
    },
    {
      "folder": "e1d3fed8-1a6d-4858-9d3a-194a8236a343",
      "id": "9db78a31-7fbd-455b-b4fb-0df44fca9db7",
      "name": "UpdateAAddLocation",
      "dataMode": "raw",
      "dataDisabled": false,
      "descriptionFormat": "markdown",
      "description": "This endpoint retrieves the list of the current added locations to update for a merchant by the returned id or externalRefId from the POST/addlocations endpoint. ",
      "headers": "Content-Type:application/json\r\nv-correlation-id:3fcb1437-4e52-4946-9ae1-e618351b6d16\r\nAccept:application/json\r\n",
      "method": "PUT",
      "pathVariables": {
        "id": "c535da94-f541-4689-9952-7d864915e900"
      },
      "url": "https://apis.cert.worldpay.com/merchant-boarding/v2/addlocations /addlocations/:id",
      "responses": [
        {
          "request": "9db78a31-7fbd-455b-b4fb-0df44fca9db7",
          "id": "c442c843-d2c1-4649-92d1-0d68c5ac1052",
          "name": "Response_200",
          "status": "Success",
          "responseCode": {
            "code": 200,
            "name": "200",
            "detail": "Success"
          },
          "headers": [
            {
              "name": "v-correlation-id",
              "key": "v-correlation-id",
              "value": "3fcb1437-4e52-4946-9ae1-e618351b6d16",
              "description": "Unique transaction Id. Will be generated if not provided and returned in response headers."
            },
            {
              "key": "Content-Type",
              "value": "application/json"
            }
          ],
          "mime": "application/json",
          "text": "{\r\n  \"chainCode\": \"0C12B5\",\r\n  \"authorizedSigner\": {\r\n    \"firstName\": \"Todd\",\r\n    \"lastName\": \"Davis\",\r\n    \"phoneNumber\": \"5131234567\",\r\n    \"email\": \"test@gmail.com\",\r\n    \"signingExperience\": \"email\"\r\n  },\r\n  \"id\": \"af13b860-0bbe-499f-97b1-05fe49c3c060\",\r\n  \"locationLevelBilling\": false,\r\n  \"merchantId\": \"4445091191791\",\r\n  \"locations\": [\r\n    {\r\n      \"businessInfo\": {\r\n        \"locationName\": \"The Location Name\"\r\n      },\r\n      \"contacts\": [\r\n        {\r\n          \"type\": \"Primary Contact\",\r\n          \"firstName\": \"Todd\",\r\n          \"lastName\": \"Davis\",\r\n          \"phoneNumber\": \"5131234567\",\r\n          \"email\": \"test@gmail.com\",\r\n          \"title\": \"President\",\r\n          \"middleInitial\": \"M\",\r\n          \"ssn\": \"321234324\",\r\n          \"birthDate\": \"2000-03-23\",\r\n          \"phoneNumberExt\": \"1234\",\r\n          \"phoneType\": \"mobile\",\r\n          \"alternatePhone\": \"5131234567\",\r\n          \"alternatePhoneType\": \"home\",\r\n          \"faxNumber\": \"5131234567\"\r\n        }\r\n      ],\r\n      \"addresses\": [\r\n        {\r\n          \"type\": \"Physical Address\",\r\n          \"addressLine1\": \"4355 N Coalwhipe St.\",\r\n          \"city\": \"Denver\",\r\n          \"state\": \"CO\",\r\n          \"country\": \"United States\",\r\n          \"postalCode\": \"12345\",\r\n          \"addressLine2\": \"suite 104\",\r\n          \"postalCodeExtension\": \"1234\"\r\n        }\r\n      ],\r\n      \"settlement\": [\r\n        {\r\n          \"settlementCategories\": [\r\n            \"Fees\"\r\n          ],\r\n          \"bankAccount\": {\r\n            \"ddaType\": \"Checking\",\r\n            \"achType\": \"Commercial Checking\",\r\n            \"accountNumber\": \"011401545\",\r\n            \"routingNumber\": \"102000076\",\r\n            \"bankName\": \"Bank name\"\r\n          }\r\n        }\r\n      ],\r\n      \"equipment\": {\r\n        \"shippingOption\": \"next day\",\r\n        \"terminals\": [\r\n          {\r\n            \"terminalConfigs\": {\r\n              \"terminalId\": \"iCT220\",\r\n              \"price\": 187.99,\r\n              \"quantity\": 1,\r\n              \"logicalApplicationId\": \"MONE510\",\r\n              \"accessMethod\": \"SSL\",\r\n              \"paymentMethod\": \"PURCHASE / SALE\",\r\n              \"environmentName\": \"Retail\",\r\n              \"requestId\": \"41231\",\r\n              \"terminalModel\": \"Ingenico iCT220 CTLS 3.X Dial\",\r\n              \"isVar\": false,\r\n              \"emvCapable\": true,\r\n              \"leaseId\": \"12\",\r\n              \"leaseTermLength\": \"24\",\r\n              \"terminalSequenceNumber\": \"14\",\r\n              \"specialCustomizations\": \"Mulitple merchant setup is Yes\"\r\n            },\r\n            \"products\": [\r\n              {\r\n                \"productId\": \"1\",\r\n                \"productName\": \"Debit\"\r\n              }\r\n            ],\r\n            \"customizations\": [\r\n              {\r\n                \"customizationId\": \"10\",\r\n                \"customizationName\": \"Auto-Close Time\",\r\n                \"customizationFieldValue\": \"N\"\r\n              }\r\n            ],\r\n            \"peripherals\": [\r\n              {\r\n                \"peripheralId\": \"231\",\r\n                \"peripheralType\": \"PPAD\",\r\n                \"model\": \"Magtek Check Reader\",\r\n                \"leaseId\": \"18\",\r\n                \"leaseTermLength\": \"24\",\r\n                \"paymentMethod\": \"PURCHASE / SALE\",\r\n                \"amount\": \"220.21\",\r\n                \"paymentConfirmationNumber\": \"123456\"\r\n              }\r\n            ],\r\n            \"vendors\": [\r\n              {\r\n                \"paymentApplicationId\": \"9\",\r\n                \"paymentApplicationName\": \"PurchaseExpress\",\r\n                \"vendorId\": \"4\",\r\n                \"version\": \"1\",\r\n                \"reseller\": \"Agilysys Inc\",\r\n                \"lastUpgradeDate\": \"2012-02-18T00:00:00.000Z\",\r\n                \"notes\": \"Paymetric Gateway v3\"\r\n              }\r\n            ],\r\n            \"gateways\": [\r\n              {\r\n                \"gatewayId\": \"15\",\r\n                \"gatewayName\": \"Paymetric Gateway\",\r\n                \"notes\": \"Paymetric Gateway v3\"\r\n              }\r\n            ],\r\n            \"supply\": [\r\n              {\r\n                \"supplyType\": \"supplyType10\",\r\n                \"name\": \"name2\",\r\n                \"quantity\": 2,\r\n                \"total\": \"220.21\"\r\n              }\r\n            ],\r\n            \"deployment\": {\r\n              \"equipmentUpdateDeploy\": \"M\",\r\n              \"terminalBuildFlag\": true,\r\n              \"frontEndBuildFlag\": true,\r\n              \"sicMerchantFlag\": false,\r\n              \"specialInstructions\": \"Retail - H52460A (SP)\"\r\n            }\r\n          }\r\n        ]\r\n      },\r\n      \"additionalInformation\": [\r\n        {\r\n          \"key\": \"partnerEmployeeName\",\r\n          \"value\": \"Rob Test\"\r\n        }\r\n      ]\r\n    }\r\n  ],\r\n  \"salesAgent\": {\r\n    \"firstName\": \"John\",\r\n    \"lastName\": \"Doe\",\r\n    \"email\": \"email89\",\r\n    \"id\": \"U15315\",\r\n    \"mobilePhoneNumber\": \"1234567890\"\r\n  }\r\n}",
          "language": "Text",
          "rawDataType": "text"
        }
      ],
      "rawModeData": "{\r\n  \"chainCode\": \"0C12B5\",\r\n  \"authorizedSigner\": {\r\n    \"firstName\": \"Todd\",\r\n    \"lastName\": \"Davis\",\r\n    \"phoneNumber\": \"5131234567\",\r\n    \"email\": \"test@gmail.com\",\r\n    \"signingExperience\": \"email\"\r\n  },\r\n  \"locationLevelBilling\": false,\r\n  \"merchantId\": \"4445091191791\",\r\n  \"locations\": [\r\n    {\r\n      \"businessInfo\": {\r\n        \"locationName\": \"The Location Name\"\r\n      },\r\n      \"contacts\": [\r\n        {\r\n          \"type\": \"Primary Contact\",\r\n          \"firstName\": \"Todd\",\r\n          \"lastName\": \"Davis\",\r\n          \"phoneNumber\": \"5131234567\",\r\n          \"email\": \"test@gmail.com\",\r\n          \"title\": \"President\",\r\n          \"middleInitial\": \"M\",\r\n          \"ssn\": \"321234324\",\r\n          \"birthDate\": \"2000-03-23\",\r\n          \"phoneNumberExt\": \"1234\",\r\n          \"phoneType\": \"mobile\",\r\n          \"alternatePhone\": \"5131234567\",\r\n          \"alternatePhoneType\": \"home\",\r\n          \"faxNumber\": \"5131234567\"\r\n        }\r\n      ],\r\n      \"addresses\": [\r\n        {\r\n          \"type\": \"Physical Address\",\r\n          \"addressLine1\": \"4355 N Coalwhipe St.\",\r\n          \"city\": \"Denver\",\r\n          \"state\": \"CO\",\r\n          \"country\": \"United States\",\r\n          \"postalCode\": \"12345\",\r\n          \"addressLine2\": \"suite 104\",\r\n          \"postalCodeExtension\": \"1234\"\r\n        }\r\n      ],\r\n      \"settlement\": [\r\n        {\r\n          \"settlementCategories\": [\r\n            \"Deposits\"\r\n          ],\r\n          \"bankAccount\": {\r\n            \"ddaType\": \"Checking\",\r\n            \"achType\": \"Commercial Checking\",\r\n            \"accountNumber\": \"011401545\",\r\n            \"routingNumber\": \"102000076\",\r\n            \"bankName\": \"Bank name\"\r\n          }\r\n        }\r\n      ],\r\n      \"equipment\": {\r\n        \"shippingOption\": \"next day\",\r\n        \"terminals\": [\r\n          {\r\n            \"terminalConfigs\": {\r\n              \"terminalId\": \"iCT220\",\r\n              \"price\": 187.99,\r\n              \"quantity\": 1,\r\n              \"logicalApplicationId\": \"MONE510\",\r\n              \"accessMethod\": \"SSL\",\r\n              \"paymentMethod\": \"PURCHASE / SALE\",\r\n              \"environmentName\": \"Retail\",\r\n              \"requestId\": \"41231\",\r\n              \"terminalModel\": \"Ingenico iCT220 CTLS 3.X Dial\",\r\n              \"isVar\": false,\r\n              \"emvCapable\": true,\r\n              \"leaseId\": \"12\",\r\n              \"leaseTermLength\": \"24\",\r\n              \"terminalSequenceNumber\": \"14\",\r\n              \"specialCustomizations\": \"Mulitple merchant setup is Yes\"\r\n            },\r\n            \"products\": [\r\n              {\r\n                \"productId\": \"1\",\r\n                \"productName\": \"Debit\"\r\n              }\r\n            ],\r\n            \"customizations\": [\r\n              {\r\n                \"customizationId\": \"10\",\r\n                \"customizationName\": \"Auto-Close Time\",\r\n                \"customizationFieldValue\": \"N\"\r\n              }\r\n            ],\r\n            \"peripherals\": [\r\n              {\r\n                \"peripheralId\": \"231\",\r\n                \"peripheralType\": \"PPAD\",\r\n                \"model\": \"Magtek Check Reader\",\r\n                \"leaseId\": \"18\",\r\n                \"leaseTermLength\": \"24\",\r\n                \"paymentMethod\": \"PURCHASE / SALE\",\r\n                \"amount\": \"220.21\",\r\n                \"paymentConfirmationNumber\": \"123456\"\r\n              }\r\n            ],\r\n            \"vendors\": [\r\n              {\r\n                \"paymentApplicationId\": \"9\",\r\n                \"paymentApplicationName\": \"PurchaseExpress\",\r\n                \"vendorId\": \"4\",\r\n                \"version\": \"1\",\r\n                \"reseller\": \"Agilysys Inc\",\r\n                \"lastUpgradeDate\": \"2012-02-18T00:00:00.000Z\",\r\n                \"notes\": \"Paymetric Gateway v3\"\r\n              }\r\n            ],\r\n            \"gateways\": [\r\n              {\r\n                \"gatewayId\": \"15\",\r\n                \"gatewayName\": \"Paymetric Gateway\",\r\n                \"notes\": \"Paymetric Gateway v3\"\r\n              }\r\n            ],\r\n            \"supply\": [\r\n              {\r\n                \"supplyType\": \"supplyType18\",\r\n                \"name\": \"name38\",\r\n                \"quantity\": 2,\r\n                \"total\": \"220.21\"\r\n              }\r\n            ],\r\n            \"deployment\": {\r\n              \"equipmentUpdateDeploy\": \"M\",\r\n              \"terminalBuildFlag\": true,\r\n              \"frontEndBuildFlag\": true,\r\n              \"sicMerchantFlag\": false,\r\n              \"specialInstructions\": \"Retail - H52460A (SP)\"\r\n            }\r\n          }\r\n        ]\r\n      },\r\n      \"additionalInformation\": [\r\n        {\r\n          \"key\": \"partnerEmployeeName\",\r\n          \"value\": \"Rob Test\"\r\n        }\r\n      ]\r\n    }\r\n  ],\r\n  \"salesAgent\": {\r\n    \"firstName\": \"John\",\r\n    \"lastName\": \"Doe\",\r\n    \"email\": \"email4\",\r\n    \"id\": \"U15315\",\r\n    \"mobilePhoneNumber\": \"1234567890\"\r\n  }\r\n}",
      "collectionId": "a938ff4d-1792-4deb-8cfa-5d610c684be9",
      "queryParams": [],
      "headerData": [
        {
          "key": "Content-Type",
          "value": "application/json",
          "description": ""
        },
        {
          "key": "v-correlation-id",
          "value": "3fcb1437-4e52-4946-9ae1-e618351b6d16",
          "description": "Unique transaction Id. Will be generated if not provided and returned in response headers."
        },
        {
          "key": "Accept",
          "value": "application/json"
        }
      ],
      "pathVariableData": [
        {
          "key": "id",
          "value": "c535da94-f541-4689-9952-7d864915e900",
          "description": "id or externalRefId returned from POST /addlocations call."
        }
      ]
    },
    {
      "folder": "354026e4-f4f2-4305-98ab-a11685bf723e",
      "id": "94d1c976-5615-472d-87ee-802621825614",
      "name": "BoardAddLocation",
      "dataMode": "raw",
      "dataDisabled": false,
      "descriptionFormat": "markdown",
      "description": "This endpoint initiates the merchant boarding process after all necessary information has been submitted to the add locations API. ",
      "headers": "Content-Type:application/json\r\nv-correlation-id:3fcb1437-4e52-4946-9ae1-e618351b6d16\r\nAccept:application/json\r\n",
      "method": "PUT",
      "pathVariables": {},
      "url": "https://apis.cert.worldpay.com/merchant-boarding/v2/addlocations /addlocations/board",
      "responses": [
        {
          "request": "94d1c976-5615-472d-87ee-802621825614",
          "id": "136213c3-8029-4590-a9bc-090e1903e9e3",
          "name": "Response_200",
          "status": "Success",
          "responseCode": {
            "code": 200,
            "name": "200",
            "detail": "Success"
          },
          "headers": [
            {
              "name": "v-correlation-id",
              "key": "v-correlation-id",
              "value": "3fcb1437-4e52-4946-9ae1-e618351b6d16",
              "description": "Unique transaction Id. Will be generated if not provided and returned in response headers."
            },
            {
              "key": "Content-Type",
              "value": "application/json"
            }
          ],
          "mime": "application/json",
          "text": "{\r\n  \"id\": \"ed7515dd-eb40-4411-b007-c159ed034a7f\"\r\n}",
          "language": "Text",
          "rawDataType": "text"
        }
      ],
      "rawModeData": "{\r\n  \"id\": \"a9c074b1-0341-47c9-b31f-dc07fa4d5339\"\r\n}",
      "collectionId": "a938ff4d-1792-4deb-8cfa-5d610c684be9",
      "queryParams": [],
      "headerData": [
        {
          "key": "Content-Type",
          "value": "application/json",
          "description": ""
        },
        {
          "key": "v-correlation-id",
          "value": "3fcb1437-4e52-4946-9ae1-e618351b6d16",
          "description": "Unique transaction Id. Will be generated if not provided and returned in response headers."
        },
        {
          "key": "Accept",
          "value": "application/json"
        }
      ],
      "pathVariableData": []
    },
    {
      "folder": "354026e4-f4f2-4305-98ab-a11685bf723e",
      "id": "98e497bf-2e58-4eb9-aef4-97e00383424a",
      "name": "RetrieveAddLocationDocument",
      "dataMode": "raw",
      "dataDisabled": false,
      "descriptionFormat": "markdown",
      "description": "This endpoint retrieves a Docusign link for the add locations application to view the contract for the merchant .",
      "headers": "Content-Type:application/json\r\nv-correlation-id:3fcb1437-4e52-4946-9ae1-e618351b6d16\r\nAccept:application/json\r\n",
      "method": "POST",
      "pathVariables": {},
      "url": "https://apis.cert.worldpay.com/merchant-boarding/v2/addlocations /addlocations/documentlinks",
      "responses": [
        {
          "request": "98e497bf-2e58-4eb9-aef4-97e00383424a",
          "id": "e1ed3656-4487-4351-a7fe-b1a895df3f35",
          "name": "Response_200",
          "status": "Success",
          "responseCode": {
            "code": 200,
            "name": "200",
            "detail": "Success"
          },
          "headers": [
            {
              "name": "v-correlation-id",
              "key": "v-correlation-id",
              "value": "3fcb1437-4e52-4946-9ae1-e618351b6d16",
              "description": "Unique transaction Id. Will be generated if not provided and returned in response headers."
            },
            {
              "key": "Content-Type",
              "value": "application/json"
            }
          ],
          "mime": "application/json",
          "text": "{\r\n  \"embeddingUrl\": \"https://demo.docusign.net/Signing/StartInSession.aspx?t=7f0d21a4-2798-402f-8b26-b12dbb37ae40\"\r\n}",
          "language": "Text",
          "rawDataType": "text"
        }
      ],
      "rawModeData": "{\r\n  \"externalRefid\": \"8637708d-111b-40e5-b62b-9c2721653e08\",\r\n  \"returnUrl\": \"https://demo.docusign.net/Signing\"\r\n}",
      "collectionId": "a938ff4d-1792-4deb-8cfa-5d610c684be9",
      "queryParams": [],
      "headerData": [
        {
          "key": "Content-Type",
          "value": "application/json",
          "description": ""
        },
        {
          "key": "v-correlation-id",
          "value": "3fcb1437-4e52-4946-9ae1-e618351b6d16",
          "description": "Unique transaction Id. Will be generated if not provided and returned in response headers."
        },
        {
          "key": "Accept",
          "value": "application/json"
        }
      ],
      "pathVariableData": []
    },
    {
      "folder": "354026e4-f4f2-4305-98ab-a11685bf723e",
      "id": "9f270c9a-6ce0-4438-98b8-905708e22109",
      "name": "GetContract",
      "dataDisabled": false,
      "descriptionFormat": "markdown",
      "description": "This endpoint returns a PDF version of the contract to review for the merchant.",
      "headers": "id:c535da94-f541-4689-9952-7d864915e900\r\nv-correlation-id:3fcb1437-4e52-4946-9ae1-e618351b6d16\r\nAccept:application/pdf,application/json\r\n",
      "method": "GET",
      "pathVariables": {},
      "url": "https://apis.cert.worldpay.com/merchant-boarding/v2/addlocations /addlocations/contracts",
      "responses": [
        {
          "request": "9f270c9a-6ce0-4438-98b8-905708e22109",
          "id": "bab54e3b-bf84-4401-a7bb-1d15261b02ad",
          "name": "Response_200",
          "status": "Response is a PDF file.",
          "responseCode": {
            "code": 200,
            "name": "200",
            "detail": "Response is a PDF file."
          },
          "headers": [
            {
              "name": "v-correlation-id",
              "key": "v-correlation-id",
              "value": "3fcb1437-4e52-4946-9ae1-e618351b6d16",
              "description": "Unique transaction Id. Will be generated if not provided and returned in response headers."
            },
            {
              "key": "Content-Type",
              "value": "application/pdf"
            }
          ],
          "mime": "application/pdf",
          "text": "any",
          "language": "Text",
          "rawDataType": "text"
        }
      ],
      "collectionId": "a938ff4d-1792-4deb-8cfa-5d610c684be9",
      "queryParams": [],
      "headerData": [
        {
          "key": "id",
          "value": "c535da94-f541-4689-9952-7d864915e900",
          "description": "id or externalRefId returned from POST /addlocations call."
        },
        {
          "key": "v-correlation-id",
          "value": "3fcb1437-4e52-4946-9ae1-e618351b6d16",
          "description": "Unique transaction Id. Will be generated if not provided and returned in response headers."
        },
        {
          "key": "Accept",
          "value": "application/pdf,application/json"
        }
      ],
      "pathVariableData": []
    },
    {
      "folder": "f51bd2ba-69b9-423d-a3b7-eff4ae8b9465",
      "id": "886e8868-c990-466c-9aa4-11ac8fc02ae6",
      "name": "GetEnrollments",
      "dataDisabled": false,
      "descriptionFormat": "markdown",
      "description": "This endpoint collects the additional services information for a new add location",
      "headers": "v-correlation-id:3fcb1437-4e52-4946-9ae1-e618351b6d16\r\nContent-Type:application/json\r\nAccept:application/json\r\n",
      "method": "GET",
      "pathVariables": {
        "id": "id80"
      },
      "url": "https://apis.cert.worldpay.com/merchant-boarding/v2/addlocations /addlocations/:id/other-services/enrollments",
      "responses": [
        {
          "request": "886e8868-c990-466c-9aa4-11ac8fc02ae6",
          "id": "4194c060-0006-4a40-9868-3bc5bc7f08ff",
          "name": "Response_201",
          "status": "Created",
          "responseCode": {
            "code": 201,
            "name": "201",
            "detail": "Created"
          },
          "headers": [
            {
              "name": "v-correlation-id",
              "key": "v-correlation-id",
              "value": "3fcb1437-4e52-4946-9ae1-e618351b6d16",
              "description": "Unique transaction Id. Will be generated if not provided and returned in response headers."
            },
            {
              "key": "Content-Type",
              "value": "application/json"
            }
          ],
          "mime": "application/json",
          "text": "{\r\n  \"services\": [\r\n    {\r\n      \"serviceName\": \"commerce360\",\r\n      \"optIn\": false\r\n    }\r\n  ],\r\n  \"commerce360\": {\r\n    \"type\": \"eCommerce\"\r\n  }\r\n}",
          "language": "Text",
          "rawDataType": "text"
        }
      ],
      "collectionId": "a938ff4d-1792-4deb-8cfa-5d610c684be9",
      "queryParams": [],
      "headerData": [
        {
          "key": "v-correlation-id",
          "value": "3fcb1437-4e52-4946-9ae1-e618351b6d16",
          "description": "Unique transaction Id. Will be generated if not provided and returned in response headers."
        },
        {
          "key": "Content-Type",
          "value": "application/json",
          "description": "Indicates the media type of the request-body. Accepts application/json."
        },
        {
          "key": "Accept",
          "value": "application/json"
        }
      ],
      "pathVariableData": [
        {
          "key": "id",
          "value": "id80",
          "description": "id or externalRefId returned from POST /addlocations call."
        }
      ]
    },
    {
      "folder": "f51bd2ba-69b9-423d-a3b7-eff4ae8b9465",
      "id": "eef00eb8-0218-4e3f-9a1d-017e8fb2ef9b",
      "name": "UpdateEnrollments",
      "dataMode": "raw",
      "dataDisabled": false,
      "descriptionFormat": "markdown",
      "description": "This endpoint collects the additional services information for a new add location",
      "headers": "v-correlation-id:3fcb1437-4e52-4946-9ae1-e618351b6d16\r\nContent-Type:application/json\r\nAccept:application/json\r\n",
      "method": "PUT",
      "pathVariables": {
        "id": "id87"
      },
      "url": "https://apis.cert.worldpay.com/merchant-boarding/v2/addlocations /addlocations/:id/other-services/enrollments",
      "responses": [
        {
          "request": "eef00eb8-0218-4e3f-9a1d-017e8fb2ef9b",
          "id": "f8c45672-7f18-426b-b08d-d5bdca04b037",
          "name": "Response_201",
          "status": "Created",
          "responseCode": {
            "code": 201,
            "name": "201",
            "detail": "Created"
          },
          "headers": [
            {
              "name": "v-correlation-id",
              "key": "v-correlation-id",
              "value": "3fcb1437-4e52-4946-9ae1-e618351b6d16",
              "description": "Unique transaction Id. Will be generated if not provided and returned in response headers."
            },
            {
              "key": "Content-Type",
              "value": "application/json"
            }
          ],
          "mime": "application/json",
          "text": "{\r\n  \"services\": [\r\n    {\r\n      \"serviceName\": \"commerce360\",\r\n      \"optIn\": false\r\n    }\r\n  ],\r\n  \"commerce360\": {\r\n    \"type\": \"eCommerce\"\r\n  }\r\n}",
          "language": "Text",
          "rawDataType": "text"
        }
      ],
      "rawModeData": "{\r\n  \"services\": [\r\n    {\r\n      \"serviceName\": \"commerce360\",\r\n      \"optIn\": false\r\n    }\r\n  ],\r\n  \"commerce360\": {\r\n    \"type\": \"basic\"\r\n  }\r\n}",
      "collectionId": "a938ff4d-1792-4deb-8cfa-5d610c684be9",
      "queryParams": [],
      "headerData": [
        {
          "key": "v-correlation-id",
          "value": "3fcb1437-4e52-4946-9ae1-e618351b6d16",
          "description": "Unique transaction Id. Will be generated if not provided and returned in response headers."
        },
        {
          "key": "Content-Type",
          "value": "application/json",
          "description": "Indicates the media type of the request-body. Accepts application/json."
        },
        {
          "key": "Accept",
          "value": "application/json"
        }
      ],
      "pathVariableData": [
        {
          "key": "id",
          "value": "id87",
          "description": "id or externalRefId returned from POST /addlocations call."
        }
      ]
    },
    {
      "folder": "f51bd2ba-69b9-423d-a3b7-eff4ae8b9465",
      "id": "680c4b51-2c1f-4ff3-aea2-2ff88e6025fd",
      "name": "AddEnrollments",
      "dataMode": "raw",
      "dataDisabled": false,
      "descriptionFormat": "markdown",
      "description": "This endpoint collects the additional services information for a new add location",
      "headers": "v-correlation-id:3fcb1437-4e52-4946-9ae1-e618351b6d16\r\nContent-Type:application/json\r\nAccept:application/json\r\n",
      "method": "POST",
      "pathVariables": {
        "id": "id74"
      },
      "url": "https://apis.cert.worldpay.com/merchant-boarding/v2/addlocations /addlocations/:id/other-services/enrollments",
      "responses": [
        {
          "request": "680c4b51-2c1f-4ff3-aea2-2ff88e6025fd",
          "id": "9b2fed9b-407a-4ca2-9c96-5211e0974e79",
          "name": "Response_201",
          "status": "Created",
          "responseCode": {
            "code": 201,
            "name": "201",
            "detail": "Created"
          },
          "headers": [
            {
              "name": "v-correlation-id",
              "key": "v-correlation-id",
              "value": "3fcb1437-4e52-4946-9ae1-e618351b6d16",
              "description": "Unique transaction Id. Will be generated if not provided and returned in response headers."
            },
            {
              "key": "Content-Type",
              "value": "application/json"
            }
          ],
          "mime": "application/json",
          "text": "{\r\n  \"services\": [\r\n    {\r\n      \"serviceName\": \"commerce360\",\r\n      \"optIn\": false\r\n    }\r\n  ],\r\n  \"commerce360\": {\r\n    \"type\": \"eCommerce\"\r\n  }\r\n}",
          "language": "Text",
          "rawDataType": "text"
        }
      ],
      "rawModeData": "{\r\n  \"services\": [\r\n    {\r\n      \"serviceName\": \"commerce360\",\r\n      \"optIn\": false\r\n    }\r\n  ],\r\n  \"commerce360\": {\r\n    \"type\": \"basic\"\r\n  }\r\n}",
      "collectionId": "a938ff4d-1792-4deb-8cfa-5d610c684be9",
      "queryParams": [],
      "headerData": [
        {
          "key": "v-correlation-id",
          "value": "3fcb1437-4e52-4946-9ae1-e618351b6d16",
          "description": "Unique transaction Id. Will be generated if not provided and returned in response headers."
        },
        {
          "key": "Content-Type",
          "value": "application/json",
          "description": "Indicates the media type of the request-body. Accepts application/json."
        },
        {
          "key": "Accept",
          "value": "application/json"
        }
      ],
      "pathVariableData": [
        {
          "key": "id",
          "value": "id74",
          "description": "id or externalRefId returned from POST /addlocations call."
        }
      ]
    }
  ],
  "variables": [],
  "auth": {
    "type": "apikey",
    "apikey": [
      {
        "key": "in",
        "value": "header",
        "type": "string"
      },
      {
        "key": "key",
        "value": "Authorization",
        "type": "string"
      },
      {
        "key": "value",
        "value": "Authorization63",
        "type": "string"
      }
    ]
  }
}